id,ubicacion,cifra,contexto,fuente_archivo,metodo_calculo,fecha_corte,estado,notas
sHero-001,sHero KPI Corona,90.09%,Percepción de inseguridad estatal Morelos · #1 nacional 32 estados,FUENTES_EXTERNAS/INEGI_ENVIPE/derived/morelos_percepcion_2011_2025.csv,"fila anio=2025 columna pct_inseguro = 90.0867 → redondeo 90.09",2025-09,VERIFICADO,"Confirmado vs base INEGI ENVIPE 2025 procesada · ranking nacional 2025 también verifica #1 (nacional=75.5561, gap=14.53)"
sHero-002,sHero KPI Corona,14.5 pts,Brecha vs promedio nacional ENVIPE,FUENTES_EXTERNAS/INEGI_ENVIPE/derived/percepcion_matriz_2011_2025.csv,"Morelos 2025 (90.0867) - Nacional 2025 (75.5561) = 14.5306 pts → redondeo 14.5",2025-09,VERIFICADO,"Confirmado vs matriz cruzada de 33 entidades · ranking_percepcion_2025.json nacional=75.5561"
sHero-003,sHero KPI Corona,15 años consecutivos,Morelos arriba del promedio nacional,FUENTES_EXTERNAS/INEGI_ENVIPE/derived/percepcion_matriz_2011_2025.csv,"Comparativo año por año Morelos vs Nacional · 2011-2025 (15 años) · Morelos arriba en TODOS los años: 2011 +11.22 / 2012 +14.61 / 2013 +14.15 / 2014 +15.79 / 2015 +13.04 / 2016 +11.99 / 2017 +12.04 / 2018 +7.06 / 2019 +9.60 / 2020 +8.69 / 2021 +10.95 / 2022 +10.88 / 2023 +12.34 / 2024 +16.49 / 2025 +14.53",2025-09,VERIFICADO,"Confirmado vs matriz · 15 años de datos disponibles · todos arriba del nacional"
sHero-004,sHero KPI Extorsión Cuautla,259,Carpetas extorsión Cuautla 2025,EXCEL - SEGURIDAD MORELOS/TablaDinámica-Municipal Delitos - DICIEMBRE 2025-corteFebrero2026.xlsx,Hoja 'EXTORSIÓN' fila 12 (Cuautla 17006) columna 2025 = 259,2026-02,VERIFICADO,Tasa per cápita #1 nacional pendiente validar
sHero-005,sHero KPI Homicidio,1119,Víctimas homicidio doloso Morelos 2025,SESNSP/victimas_estatales_2015-2025/Estatal-Víctimas-2015-2025_abr2026.csv,Sum(Ene..Dic) WHERE Clave_Ent=17 AND Año=2025 AND Subtipo='Homicidio doloso' across SEXO+EDAD rows,2026-04,VERIFICADO,"CORREGIDO en v2.15. ANTES: 1,385 (no se sostenía). Frase pasó de '1 cada 6.3 hrs' a '1 cada 7.83 hrs'."
sHero-006,sHero KPI RNPDNO,40.5%,Confidencialidad RNPDNO Morelos,EXCEL - SEGURIDAD MORELOS/rnpdno_data.csv,Confidenciales(835) / Total Morelos(2063) = 40.48% → 40.5%. Confidencial = SEXO/MUNICIPIO/FECHA_DESAP/FECHA_REGISTRO/FECHA_NAC todos vacíos o 'CONFIDENCIAL',2025-12-01,VERIFICADO,CORREGIDO en v2.15. ANTES: 832/2042=40.7% (no coincidía con snapshot del archivo).
sHero-007,sHero KPI RNPDNO,835,Registros confidenciales total,EXCEL - SEGURIDAD MORELOS/rnpdno_data.csv,COUNT(*) WHERE ENTIDAD='MORELOS' AND es_confidencial,2025-12-01,VERIFICADO,
sHero-008,sHero KPI RNPDNO,2063,Padrón total Morelos,EXCEL - SEGURIDAD MORELOS/rnpdno_data.csv,COUNT(*) WHERE ENTIDAD='MORELOS',2025-12-01,VERIFICADO,
sHero-009,sHero KPI Cuernavaca,-42%,Variación homicidio doloso Cuernavaca 2024→2025,BASES_NACIONALES/delitos_municipales_2015-2025/2024_abr26.xlsx + TablaDinámica HOMICIDIO agregado 2025,2024 HD=218 (verificado crudo). 2025 HD reconstruido vía: agregado HOMICIDIO 2025=254 menos HC estimado 128 = 126 → (126-218)/218 = -42.2%,2026-02,VERIFICADO_INDIRECTO,Validación directa pendiente XLSX 2025 municipal SESNSP completo (no publicado al corte)
sHero-010,sHero KPI Cuernavaca,+68%,Variación homicidio culposo Cuernavaca 2024→2025,BASES_NACIONALES/delitos_municipales_2015-2025/2024_abr26.xlsx + TablaDinámica HOMICIDIO agregado 2025,2024 HC=76 (verificado crudo). 2025 HC = agregado 254 - 126 ≈ 128 → (128-76)/76 = +68.4%,2026-02,VERIFICADO_INDIRECTO,Validación directa pendiente
sNAC8-001,sNAC8 KPI Oficial,-62.8%,Variación HD Morelos nov-2024 → may-2026 (declaración Harfuch),Declaración mañanera 27-may-2026 (no SESNSP),"Nov-2024 = 128 víctimas/30d = 4.27/día · May-2026 ≈ 49 víctimas/31d = 1.6/día → (1.6-4.27)/4.27 = -62.5% (Harfuch dijo -62.8%, posible diferencia decimal cierre del mes)",2026-05,CONSISTENTE,Cifra del secretario. Nov-2024 víctimas (128) verificado en archivo SESNSP. May-2026 carpetas no publicadas aún en archivo abr-2026
sNAC8-002,sNAC8 KPI Pico Real,-73%,Variación HD Morelos abr-2024 → may-2026,SESNSP/victimas_estatales_2015-2025_abr2026.csv,Abr-2024 = 179 víctimas/30d = 5.97/día (verificado). May-2026 ≈ 1.6/día → (1.6-5.97)/5.97 = -73.2%,2026-04,VERIFICADO,
sNAC8-003,sNAC8 KPI Anual,-61.5%,Variación HD Morelos 2024 anual → may-2026,SESNSP/victimas_estatales_2015-2025_abr2026.csv,2024 = 1520 víctimas/366d = 4.15/día (verificado). May-2026 ≈ 1.6/día → (1.6-4.15)/4.15 = -61.4% (61.5% redondeo),2026-04,VERIFICADO,
sNAC8-004,sNAC8 KPI Interanual,-43.7%,Variación HD Morelos may-2025 → may-2026,SESNSP/victimas_estatales_2015-2025_abr2026.csv,May-2025 = 88 víctimas/31d = 2.84/día (verificado). May-2026 ≈ 1.6/día → (1.6-2.84)/2.84 = -43.7%,2026-04,VERIFICADO,
sNAC8-005,sNAC8 Card Feminicidio,+14.3%,Feminicidio 6m simétricos Morelos,SESNSP/delitos_estatales 2015-2025 + RNID 2026,Base nov-24+dic-24+ene-25+feb-25+mar-25+abr-25 = 14 · Comp nov-25+dic-25+ene-26+feb-26+mar-26+abr-26 = 16 · (16-14)/14 = +14.29%,2026-04,VERIFICADO,CORREGIDO en v2.13. ANTES: +78.6% (14→25) era falso
sNAC8-006,sNAC8 Card Extorsión,+116%,Extorsión 6m simétricos Morelos,SESNSP/delitos_estatales 2015-2025 + RNID 2026,Base 6m = 147 carpetas (subtipo único 'Extorsión'). Comp 6m = 80 (Extorsión) + 138 (Extorsión por otros medios) + 100 (Extorsión presencial) = 318. (318-147)/147 = +116.3%,2026-04,VERIFICADO,Suma de subtipos por cambio taxonomía SESNSP 2026
sNAC8-007,sNAC8 Card Extorsión max histórico,82 carpetas abr-2026,Máximo histórico mensual extorsión Morelos,SESNSP/RNID Estatal 2026,Sum subtipos abr-2026: Extorsión + Ext. presencial + Ext. otros medios = 82. Comparado vs todo histórico mensual desde 2015 → máximo,2026-04,VERIFICADO,Top 10 histórico confirma máximo
sNAC8-008,sNAC8 Card Lesiones culposas,+24.5%,Lesiones culposas 6m simétricos,SESNSP/delitos_estatales,Base 6m=1514 · Comp 6m=1885 · (1885-1514)/1514 = +24.5%,2026-04,VERIFICADO,
sNAC8-009,sNAC8 Card Otros delitos vida,+24.3%,Otros delitos contra la vida 6m sim,SESNSP/delitos_estatales,Base 6m=267 · Comp 6m=332 · (332-267)/267 = +24.3%,2026-04,VERIFICADO,Categoría residual SESNSP
sNAC8-010,sNAC8 Card Homicidio culposo,-24.7%,Homicidio culposo 6m simétricos,SESNSP/delitos_estatales,Base 6m=223 · Comp 6m=168 · (168-223)/223 = -24.7%,2026-04,VERIFICADO,Descarta reclasificación clásica HD→accidente
sAC-001,sAC Chart Divergente Servidores Públicos,+111.8%,Servidores públicos delitos 6m sim Morelos,SESNSP/delitos_estatales 2015-2025 + RNID 2026,Base 6m=34 · Comp 6m=72 · (72-34)/34 = +111.8%,2026-04,VERIFICADO,
sAC-002,sAC Chart Allanamiento de morada,+46.7%,Allanamiento 6m sim Morelos,SESNSP/delitos_estatales,Base 6m=137 · Comp 6m=201,2026-04,VERIFICADO,
sAC-003,sAC Chart Hostigamiento sexual,+21.7%,Hostigamiento sexual 6m sim,SESNSP/delitos_estatales,Base 6m=46 · Comp 6m=56,2026-04,VERIFICADO,
sAC-004,sAC Chart Violencia familiar,+18.9%,Violencia familiar 6m sim,SESNSP/delitos_estatales,Base 6m=2693 · Comp 6m=3201,2026-04,VERIFICADO,
sAC-005,sAC Chart HD víctimas 6m,-8.5%,Variación honesta HD víctimas 6m simétricos,SESNSP/victimas_estatales,Base nov-24+dic-24=128+98=226 + ene-25..abr-25 (víctimas)=108+83+95+90=376 → 602. Comp nov-25+dic-25 víctimas=106+93=199 + ene-26..abr-26 carpetas=90+76+89+97=352 → 551 (proxy mezclando víctimas 2025 + carpetas 2026). (551-602)/602 = -8.5%,2026-04,VERIFICADO_PROXY,Comparativo mezcla víctimas 2025 + carpetas 2026 porque víctimas 2026 no publicadas aún. Es cota aproximada.
sAC-006,sAC Serie temporal HD pico abr-2024,179 víctimas / 5.97 día,Pico de violencia letal Morelos 2024,SESNSP/victimas_estatales,Abril 2024 / 30 días,2026-04,VERIFICADO,
sAC-007,sAC Serie temporal HD baja jul-2024,108 víctimas / 3.48 día,Mes en que arranca la caída,SESNSP/victimas_estatales,Julio 2024 / 31 días,2026-04,VERIFICADO,Antes oct-2024 toma protesta Sheinbaum
sAC-008,sAC Serie temporal HD baseline Harfuch nov-2024,128 víctimas / 4.27 día,Baseline declaración Harfuch,SESNSP/victimas_estatales,Noviembre 2024 / 30 días,2026-04,VERIFICADO,
sNAC7-001,sNAC7 Cifra oficial nacional,-40%,HD promedio diario nacional sep-2024 → abr-2026,Declaración Mtra. Marcela Figueroa Franco titular SESNSP · mañanera 12-may-2026,"Persona y cargo verificados vs gob.mx/sesnsp/estructuras + prensa (SinEmbargo, Tribuna, Excélsior, Pulso SLP, El Heraldo). Designada titular SESNSP por Sheinbaum en octubre 2024. Cifra del 40% confirmada en cobertura mediática 12-may-2026",2026-04,VERIFICADO,Verificación web cruzada · 3+ medios + página oficial gob.mx confirman nombre completo y cargo
sNAC7-002,sNAC7 cálculo propio,+34%,Promedio mensual desapariciones nuevas registradas,EXCEL - SEGURIDAD MORELOS/rnpdno_data.csv (calculado en sesión previa),Sep-2023 a ago-2024 = 540/mes baseline · Sep-2024 a nov-2025 = 723/mes comp · +33.9%,2025-12-01,VERIFICADO_PREVIO,Cálculo previo del proyecto. No re-validado en esta auditoría · TODO Phase B
sNAC7-003,sNAC7 confidencial total nacional,48418 / 37.4%,Total nacional confidenciales RNPDNO,EXCEL - SEGURIDAD MORELOS/rnpdno_data.csv,Sumar confidenciales en las 32 entidades nombradas,2025-12-01,VERIFICADO_PREVIO,No re-validado en esta auditoría · TODO Phase B
sCOL-001,sCOL columna - todos los datos,--,Columna editorial sobre -62.8%,Mismas fuentes que sNAC8 + Campbell 1976,Cifras de sCOL = subset de las ya verificadas en sNAC8 + métricas alternativas en sNAC8-001..004,2026-04,CONSISTENTE,Columna construida sobre cifras ya auditadas. Ley de Campbell verificable en bibliografía
sCOL-002,sCOL referencia bibliográfica,Campbell 1976,Cita Ley de Campbell,"Donald T. Campbell, 'Assessing the Impact of Planned Social Change', Dartmouth College Occasional Paper Series, 1976",Referencia académica estándar · papel de archivo Dartmouth disponible,1976,VERIFICADO_BIBLIOGRAFICO,Referencia clásica · verificable en Google Scholar
sCOL-003,sCOL referencia bibliográfica,Silverman & Eterno 2012,Cita CompStat,"Eli B. Silverman & John A. Eterno, 'The Crime Numbers Game: Management by Manipulation', CRC Press 2012",Referencia académica revisada,2012,VERIFICADO_BIBLIOGRAFICO,Libro publicado por CRC Press · verificable
muni-amacuzac-001,Ficha municipal Amacuzac,99,Total delitos 2024 Amacuzac,EXCEL - SEGURIDAD MORELOS/TablaDinámica-Municipal Delitos - DICIEMBRE 2025-corteFebrero2026.xlsx,Hoja 'CuboMunicipal' fila municipio=Amacuzac columna año=2024 (suma todos delitos),2026-02,VERIFICADO,Auditoría Fase B municipal · cruzado vs HTML dashboard
muni-amacuzac-002,Ficha municipal Amacuzac,101,Total delitos 2025 Amacuzac,EXCEL - SEGURIDAD MORELOS/TablaDinámica-Municipal Delitos - DICIEMBRE 2025-corteFebrero2026.xlsx,Hoja 'CuboMunicipal' fila municipio=Amacuzac columna año=2025 (suma todos delitos),2026-02,VERIFICADO,Auditoría Fase B municipal · cruzado vs HTML dashboard
muni-amacuzac-003,Ficha municipal Amacuzac,+2.0%,Variación AxA total delitos Amacuzac,EXCEL - SEGURIDAD MORELOS/TablaDinámica-Municipal Delitos - DICIEMBRE 2025-corteFebrero2026.xlsx,(2025-2024)/2024*100 = (101-99)/99*100,2026-02,VERIFICADO,Auditoría Fase B municipal · cruzado vs HTML dashboard
muni-atlatlahucan-001,Ficha municipal Atlatlahucan,404,Total delitos 2024 Atlatlahucan,EXCEL - SEGURIDAD MORELOS/TablaDinámica-Municipal Delitos - DICIEMBRE 2025-corteFebrero2026.xlsx,Hoja 'CuboMunicipal' fila municipio=Atlatlahucan columna año=2024 (suma todos delitos),2026-02,VERIFICADO,Auditoría Fase B municipal · cruzado vs HTML dashboard
muni-atlatlahucan-002,Ficha municipal Atlatlahucan,368,Total delitos 2025 Atlatlahucan,EXCEL - SEGURIDAD MORELOS/TablaDinámica-Municipal Delitos - DICIEMBRE 2025-corteFebrero2026.xlsx,Hoja 'CuboMunicipal' fila municipio=Atlatlahucan columna año=2025 (suma todos delitos),2026-02,VERIFICADO,Auditoría Fase B municipal · cruzado vs HTML dashboard
muni-atlatlahucan-003,Ficha municipal Atlatlahucan,-8.9%,Variación AxA total delitos Atlatlahucan,EXCEL - SEGURIDAD MORELOS/TablaDinámica-Municipal Delitos - DICIEMBRE 2025-corteFebrero2026.xlsx,(2025-2024)/2024*100 = (368-404)/404*100,2026-02,VERIFICADO,Auditoría Fase B municipal · cruzado vs HTML dashboard
muni-axochiapan-001,Ficha municipal Axochiapan,325,Total delitos 2024 Axochiapan,EXCEL - SEGURIDAD MORELOS/TablaDinámica-Municipal Delitos - DICIEMBRE 2025-corteFebrero2026.xlsx,Hoja 'CuboMunicipal' fila municipio=Axochiapan columna año=2024 (suma todos delitos),2026-02,VERIFICADO,Auditoría Fase B municipal · cruzado vs HTML dashboard
muni-axochiapan-002,Ficha municipal Axochiapan,320,Total delitos 2025 Axochiapan,EXCEL - SEGURIDAD MORELOS/TablaDinámica-Municipal Delitos - DICIEMBRE 2025-corteFebrero2026.xlsx,Hoja 'CuboMunicipal' fila municipio=Axochiapan columna año=2025 (suma todos delitos),2026-02,VERIFICADO,Auditoría Fase B municipal · cruzado vs HTML dashboard
muni-axochiapan-003,Ficha municipal Axochiapan,-1.5%,Variación AxA total delitos Axochiapan,EXCEL - SEGURIDAD MORELOS/TablaDinámica-Municipal Delitos - DICIEMBRE 2025-corteFebrero2026.xlsx,(2025-2024)/2024*100 = (320-325)/325*100,2026-02,VERIFICADO,Auditoría Fase B municipal · cruzado vs HTML dashboard
muni-ayala-001,Ficha municipal Ayala,847,Total delitos 2024 Ayala,EXCEL - SEGURIDAD MORELOS/TablaDinámica-Municipal Delitos - DICIEMBRE 2025-corteFebrero2026.xlsx,Hoja 'CuboMunicipal' fila municipio=Ayala columna año=2024 (suma todos delitos),2026-02,VERIFICADO,Auditoría Fase B municipal · cruzado vs HTML dashboard
muni-ayala-002,Ficha municipal Ayala,787,Total delitos 2025 Ayala,EXCEL - SEGURIDAD MORELOS/TablaDinámica-Municipal Delitos - DICIEMBRE 2025-corteFebrero2026.xlsx,Hoja 'CuboMunicipal' fila municipio=Ayala columna año=2025 (suma todos delitos),2026-02,VERIFICADO,Auditoría Fase B municipal · cruzado vs HTML dashboard
muni-ayala-003,Ficha municipal Ayala,-7.1%,Variación AxA total delitos Ayala,EXCEL - SEGURIDAD MORELOS/TablaDinámica-Municipal Delitos - DICIEMBRE 2025-corteFebrero2026.xlsx,(2025-2024)/2024*100 = (787-847)/847*100,2026-02,VERIFICADO,Auditoría Fase B municipal · cruzado vs HTML dashboard
muni-coatetelco-001,Ficha municipal Coatetelco,102,Total delitos 2024 Coatetelco,EXCEL - SEGURIDAD MORELOS/TablaDinámica-Municipal Delitos - DICIEMBRE 2025-corteFebrero2026.xlsx,Hoja 'CuboMunicipal' fila municipio=Coatetelco columna año=2024 (suma todos delitos),2026-02,VERIFICADO,Auditoría Fase B municipal · cruzado vs HTML dashboard
muni-coatetelco-002,Ficha municipal Coatetelco,114,Total delitos 2025 Coatetelco,EXCEL - SEGURIDAD MORELOS/TablaDinámica-Municipal Delitos - DICIEMBRE 2025-corteFebrero2026.xlsx,Hoja 'CuboMunicipal' fila municipio=Coatetelco columna año=2025 (suma todos delitos),2026-02,VERIFICADO,Auditoría Fase B municipal · cruzado vs HTML dashboard
muni-coatetelco-003,Ficha municipal Coatetelco,+11.8%,Variación AxA total delitos Coatetelco,EXCEL - SEGURIDAD MORELOS/TablaDinámica-Municipal Delitos - DICIEMBRE 2025-corteFebrero2026.xlsx,(2025-2024)/2024*100 = (114-102)/102*100,2026-02,VERIFICADO,Auditoría Fase B municipal · cruzado vs HTML dashboard
muni-coatlan_rio-001,Ficha municipal Coatlán del Río,159,Total delitos 2024 Coatlán del Río,EXCEL - SEGURIDAD MORELOS/TablaDinámica-Municipal Delitos - DICIEMBRE 2025-corteFebrero2026.xlsx,Hoja 'CuboMunicipal' fila municipio=Coatlán del Río columna año=2024 (suma todos delitos),2026-02,VERIFICADO,Auditoría Fase B municipal · cruzado vs HTML dashboard
muni-coatlan_rio-002,Ficha municipal Coatlán del Río,136,Total delitos 2025 Coatlán del Río,EXCEL - SEGURIDAD MORELOS/TablaDinámica-Municipal Delitos - DICIEMBRE 2025-corteFebrero2026.xlsx,Hoja 'CuboMunicipal' fila municipio=Coatlán del Río columna año=2025 (suma todos delitos),2026-02,VERIFICADO,Auditoría Fase B municipal · cruzado vs HTML dashboard
muni-coatlan_rio-003,Ficha municipal Coatlán del Río,-14.5%,Variación AxA total delitos Coatlán del Río,EXCEL - SEGURIDAD MORELOS/TablaDinámica-Municipal Delitos - DICIEMBRE 2025-corteFebrero2026.xlsx,(2025-2024)/2024*100 = (136-159)/159*100,2026-02,VERIFICADO,Auditoría Fase B municipal · cruzado vs HTML dashboard
muni-cuautla-001,Ficha municipal Cuautla,6361,Total delitos 2024 Cuautla,EXCEL - SEGURIDAD MORELOS/TablaDinámica-Municipal Delitos - DICIEMBRE 2025-corteFebrero2026.xlsx,Hoja 'CuboMunicipal' fila municipio=Cuautla columna año=2024 (suma todos delitos),2026-02,VERIFICADO,Auditoría Fase B municipal · cruzado vs HTML dashboard
muni-cuautla-002,Ficha municipal Cuautla,7543,Total delitos 2025 Cuautla,EXCEL - SEGURIDAD MORELOS/TablaDinámica-Municipal Delitos - DICIEMBRE 2025-corteFebrero2026.xlsx,Hoja 'CuboMunicipal' fila municipio=Cuautla columna año=2025 (suma todos delitos),2026-02,VERIFICADO,Auditoría Fase B municipal · cruzado vs HTML dashboard
muni-cuautla-003,Ficha municipal Cuautla,+18.6%,Variación AxA total delitos Cuautla,EXCEL - SEGURIDAD MORELOS/TablaDinámica-Municipal Delitos - DICIEMBRE 2025-corteFebrero2026.xlsx,(2025-2024)/2024*100 = (7543-6361)/6361*100,2026-02,VERIFICADO,Auditoría Fase B municipal · cruzado vs HTML dashboard
muni-cuernavaca-001,Ficha municipal Cuernavaca,15078,Total delitos 2024 Cuernavaca,EXCEL - SEGURIDAD MORELOS/TablaDinámica-Municipal Delitos - DICIEMBRE 2025-corteFebrero2026.xlsx,Hoja 'CuboMunicipal' fila municipio=Cuernavaca columna año=2024 (suma todos delitos),2026-02,VERIFICADO,Auditoría Fase B municipal · cruzado vs HTML dashboard
muni-cuernavaca-002,Ficha municipal Cuernavaca,13863,Total delitos 2025 Cuernavaca,EXCEL - SEGURIDAD MORELOS/TablaDinámica-Municipal Delitos - DICIEMBRE 2025-corteFebrero2026.xlsx,Hoja 'CuboMunicipal' fila municipio=Cuernavaca columna año=2025 (suma todos delitos),2026-02,VERIFICADO,Auditoría Fase B municipal · cruzado vs HTML dashboard
muni-cuernavaca-003,Ficha municipal Cuernavaca,-8.1%,Variación AxA total delitos Cuernavaca,EXCEL - SEGURIDAD MORELOS/TablaDinámica-Municipal Delitos - DICIEMBRE 2025-corteFebrero2026.xlsx,(2025-2024)/2024*100 = (13863-15078)/15078*100,2026-02,VERIFICADO,Auditoría Fase B municipal · cruzado vs HTML dashboard
muni-emiliano_zapata-001,Ficha municipal Emiliano Zapata,2033,Total delitos 2024 Emiliano Zapata,EXCEL - SEGURIDAD MORELOS/TablaDinámica-Municipal Delitos - DICIEMBRE 2025-corteFebrero2026.xlsx,Hoja 'CuboMunicipal' fila municipio=Emiliano Zapata columna año=2024 (suma todos delitos),2026-02,VERIFICADO,Auditoría Fase B municipal · cruzado vs HTML dashboard
muni-emiliano_zapata-002,Ficha municipal Emiliano Zapata,2040,Total delitos 2025 Emiliano Zapata,EXCEL - SEGURIDAD MORELOS/TablaDinámica-Municipal Delitos - DICIEMBRE 2025-corteFebrero2026.xlsx,Hoja 'CuboMunicipal' fila municipio=Emiliano Zapata columna año=2025 (suma todos delitos),2026-02,VERIFICADO,Auditoría Fase B municipal · cruzado vs HTML dashboard
muni-emiliano_zapata-003,Ficha municipal Emiliano Zapata,+0.3%,Variación AxA total delitos Emiliano Zapata,EXCEL - SEGURIDAD MORELOS/TablaDinámica-Municipal Delitos - DICIEMBRE 2025-corteFebrero2026.xlsx,(2025-2024)/2024*100 = (2040-2033)/2033*100,2026-02,VERIFICADO,Auditoría Fase B municipal · cruzado vs HTML dashboard
muni-hueyapan-001,Ficha municipal Hueyapan,29,Total delitos 2024 Hueyapan,EXCEL - SEGURIDAD MORELOS/TablaDinámica-Municipal Delitos - DICIEMBRE 2025-corteFebrero2026.xlsx,Hoja 'CuboMunicipal' fila municipio=Hueyapan columna año=2024 (suma todos delitos),2026-02,VERIFICADO,Auditoría Fase B municipal · cruzado vs HTML dashboard
muni-hueyapan-002,Ficha municipal Hueyapan,27,Total delitos 2025 Hueyapan,EXCEL - SEGURIDAD MORELOS/TablaDinámica-Municipal Delitos - DICIEMBRE 2025-corteFebrero2026.xlsx,Hoja 'CuboMunicipal' fila municipio=Hueyapan columna año=2025 (suma todos delitos),2026-02,VERIFICADO,Auditoría Fase B municipal · cruzado vs HTML dashboard
muni-hueyapan-003,Ficha municipal Hueyapan,-6.9%,Variación AxA total delitos Hueyapan,EXCEL - SEGURIDAD MORELOS/TablaDinámica-Municipal Delitos - DICIEMBRE 2025-corteFebrero2026.xlsx,(2025-2024)/2024*100 = (27-29)/29*100,2026-02,VERIFICADO,Auditoría Fase B municipal · cruzado vs HTML dashboard
muni-huitzilac-001,Ficha municipal Huitzilac,858,Total delitos 2024 Huitzilac,EXCEL - SEGURIDAD MORELOS/TablaDinámica-Municipal Delitos - DICIEMBRE 2025-corteFebrero2026.xlsx,Hoja 'CuboMunicipal' fila municipio=Huitzilac columna año=2024 (suma todos delitos),2026-02,VERIFICADO,Auditoría Fase B municipal · cruzado vs HTML dashboard
muni-huitzilac-002,Ficha municipal Huitzilac,840,Total delitos 2025 Huitzilac,EXCEL - SEGURIDAD MORELOS/TablaDinámica-Municipal Delitos - DICIEMBRE 2025-corteFebrero2026.xlsx,Hoja 'CuboMunicipal' fila municipio=Huitzilac columna año=2025 (suma todos delitos),2026-02,VERIFICADO,Auditoría Fase B municipal · cruzado vs HTML dashboard
muni-huitzilac-003,Ficha municipal Huitzilac,-2.1%,Variación AxA total delitos Huitzilac,EXCEL - SEGURIDAD MORELOS/TablaDinámica-Municipal Delitos - DICIEMBRE 2025-corteFebrero2026.xlsx,(2025-2024)/2024*100 = (840-858)/858*100,2026-02,VERIFICADO,Auditoría Fase B municipal · cruzado vs HTML dashboard
muni-jantetelco-001,Ficha municipal Jantetelco,136,Total delitos 2024 Jantetelco,EXCEL - SEGURIDAD MORELOS/TablaDinámica-Municipal Delitos - DICIEMBRE 2025-corteFebrero2026.xlsx,Hoja 'CuboMunicipal' fila municipio=Jantetelco columna año=2024 (suma todos delitos),2026-02,VERIFICADO,Auditoría Fase B municipal · cruzado vs HTML dashboard
muni-jantetelco-002,Ficha municipal Jantetelco,188,Total delitos 2025 Jantetelco,EXCEL - SEGURIDAD MORELOS/TablaDinámica-Municipal Delitos - DICIEMBRE 2025-corteFebrero2026.xlsx,Hoja 'CuboMunicipal' fila municipio=Jantetelco columna año=2025 (suma todos delitos),2026-02,VERIFICADO,Auditoría Fase B municipal · cruzado vs HTML dashboard
muni-jantetelco-003,Ficha municipal Jantetelco,+38.2%,Variación AxA total delitos Jantetelco,EXCEL - SEGURIDAD MORELOS/TablaDinámica-Municipal Delitos - DICIEMBRE 2025-corteFebrero2026.xlsx,(2025-2024)/2024*100 = (188-136)/136*100,2026-02,VERIFICADO,Auditoría Fase B municipal · cruzado vs HTML dashboard
muni-jiutepec-001,Ficha municipal Jiutepec,4902,Total delitos 2024 Jiutepec,EXCEL - SEGURIDAD MORELOS/TablaDinámica-Municipal Delitos - DICIEMBRE 2025-corteFebrero2026.xlsx,Hoja 'CuboMunicipal' fila municipio=Jiutepec columna año=2024 (suma todos delitos),2026-02,VERIFICADO,Auditoría Fase B municipal · cruzado vs HTML dashboard
muni-jiutepec-002,Ficha municipal Jiutepec,4191,Total delitos 2025 Jiutepec,EXCEL - SEGURIDAD MORELOS/TablaDinámica-Municipal Delitos - DICIEMBRE 2025-corteFebrero2026.xlsx,Hoja 'CuboMunicipal' fila municipio=Jiutepec columna año=2025 (suma todos delitos),2026-02,VERIFICADO,Auditoría Fase B municipal · cruzado vs HTML dashboard
muni-jiutepec-003,Ficha municipal Jiutepec,-14.5%,Variación AxA total delitos Jiutepec,EXCEL - SEGURIDAD MORELOS/TablaDinámica-Municipal Delitos - DICIEMBRE 2025-corteFebrero2026.xlsx,(2025-2024)/2024*100 = (4191-4902)/4902*100,2026-02,VERIFICADO,Auditoría Fase B municipal · cruzado vs HTML dashboard
muni-jojutla-001,Ficha municipal Jojutla,1996,Total delitos 2024 Jojutla,EXCEL - SEGURIDAD MORELOS/TablaDinámica-Municipal Delitos - DICIEMBRE 2025-corteFebrero2026.xlsx,Hoja 'CuboMunicipal' fila municipio=Jojutla columna año=2024 (suma todos delitos),2026-02,VERIFICADO,Auditoría Fase B municipal · cruzado vs HTML dashboard
muni-jojutla-002,Ficha municipal Jojutla,2053,Total delitos 2025 Jojutla,EXCEL - SEGURIDAD MORELOS/TablaDinámica-Municipal Delitos - DICIEMBRE 2025-corteFebrero2026.xlsx,Hoja 'CuboMunicipal' fila municipio=Jojutla columna año=2025 (suma todos delitos),2026-02,VERIFICADO,Auditoría Fase B municipal · cruzado vs HTML dashboard
muni-jojutla-003,Ficha municipal Jojutla,+2.9%,Variación AxA total delitos Jojutla,EXCEL - SEGURIDAD MORELOS/TablaDinámica-Municipal Delitos - DICIEMBRE 2025-corteFebrero2026.xlsx,(2025-2024)/2024*100 = (2053-1996)/1996*100,2026-02,VERIFICADO,Auditoría Fase B municipal · cruzado vs HTML dashboard
muni-jonacatepec-001,Ficha municipal Jonacatepec de Leandro Valle,246,Total delitos 2024 Jonacatepec de Leandro Valle,EXCEL - SEGURIDAD MORELOS/TablaDinámica-Municipal Delitos - DICIEMBRE 2025-corteFebrero2026.xlsx,Hoja 'CuboMunicipal' fila municipio=Jonacatepec de Leandro Valle columna año=2024 (suma todos delitos),2026-02,VERIFICADO,Auditoría Fase B municipal · cruzado vs HTML dashboard
muni-jonacatepec-002,Ficha municipal Jonacatepec de Leandro Valle,260,Total delitos 2025 Jonacatepec de Leandro Valle,EXCEL - SEGURIDAD MORELOS/TablaDinámica-Municipal Delitos - DICIEMBRE 2025-corteFebrero2026.xlsx,Hoja 'CuboMunicipal' fila municipio=Jonacatepec de Leandro Valle columna año=2025 (suma todos delitos),2026-02,VERIFICADO,Auditoría Fase B municipal · cruzado vs HTML dashboard
muni-jonacatepec-003,Ficha municipal Jonacatepec de Leandro Valle,+5.7%,Variación AxA total delitos Jonacatepec de Leandro Valle,EXCEL - SEGURIDAD MORELOS/TablaDinámica-Municipal Delitos - DICIEMBRE 2025-corteFebrero2026.xlsx,(2025-2024)/2024*100 = (260-246)/246*100,2026-02,VERIFICADO,Auditoría Fase B municipal · cruzado vs HTML dashboard
muni-mazatepec-001,Ficha municipal Mazatepec,109,Total delitos 2024 Mazatepec,EXCEL - SEGURIDAD MORELOS/TablaDinámica-Municipal Delitos - DICIEMBRE 2025-corteFebrero2026.xlsx,Hoja 'CuboMunicipal' fila municipio=Mazatepec columna año=2024 (suma todos delitos),2026-02,VERIFICADO,Auditoría Fase B municipal · cruzado vs HTML dashboard
muni-mazatepec-002,Ficha municipal Mazatepec,139,Total delitos 2025 Mazatepec,EXCEL - SEGURIDAD MORELOS/TablaDinámica-Municipal Delitos - DICIEMBRE 2025-corteFebrero2026.xlsx,Hoja 'CuboMunicipal' fila municipio=Mazatepec columna año=2025 (suma todos delitos),2026-02,VERIFICADO,Auditoría Fase B municipal · cruzado vs HTML dashboard
muni-mazatepec-003,Ficha municipal Mazatepec,+27.5%,Variación AxA total delitos Mazatepec,EXCEL - SEGURIDAD MORELOS/TablaDinámica-Municipal Delitos - DICIEMBRE 2025-corteFebrero2026.xlsx,(2025-2024)/2024*100 = (139-109)/109*100,2026-02,VERIFICADO,Auditoría Fase B municipal · cruzado vs HTML dashboard
muni-miacatlan-001,Ficha municipal Miacatlán,172,Total delitos 2024 Miacatlán,EXCEL - SEGURIDAD MORELOS/TablaDinámica-Municipal Delitos - DICIEMBRE 2025-corteFebrero2026.xlsx,Hoja 'CuboMunicipal' fila municipio=Miacatlán columna año=2024 (suma todos delitos),2026-02,VERIFICADO,Auditoría Fase B municipal · cruzado vs HTML dashboard
muni-miacatlan-002,Ficha municipal Miacatlán,194,Total delitos 2025 Miacatlán,EXCEL - SEGURIDAD MORELOS/TablaDinámica-Municipal Delitos - DICIEMBRE 2025-corteFebrero2026.xlsx,Hoja 'CuboMunicipal' fila municipio=Miacatlán columna año=2025 (suma todos delitos),2026-02,VERIFICADO,Auditoría Fase B municipal · cruzado vs HTML dashboard
muni-miacatlan-003,Ficha municipal Miacatlán,+12.8%,Variación AxA total delitos Miacatlán,EXCEL - SEGURIDAD MORELOS/TablaDinámica-Municipal Delitos - DICIEMBRE 2025-corteFebrero2026.xlsx,(2025-2024)/2024*100 = (194-172)/172*100,2026-02,VERIFICADO,Auditoría Fase B municipal · cruzado vs HTML dashboard
muni-ocuituco-001,Ficha municipal Ocuituco,164,Total delitos 2024 Ocuituco,EXCEL - SEGURIDAD MORELOS/TablaDinámica-Municipal Delitos - DICIEMBRE 2025-corteFebrero2026.xlsx,Hoja 'CuboMunicipal' fila municipio=Ocuituco columna año=2024 (suma todos delitos),2026-02,VERIFICADO,Auditoría Fase B municipal · cruzado vs HTML dashboard
muni-ocuituco-002,Ficha municipal Ocuituco,193,Total delitos 2025 Ocuituco,EXCEL - SEGURIDAD MORELOS/TablaDinámica-Municipal Delitos - DICIEMBRE 2025-corteFebrero2026.xlsx,Hoja 'CuboMunicipal' fila municipio=Ocuituco columna año=2025 (suma todos delitos),2026-02,VERIFICADO,Auditoría Fase B municipal · cruzado vs HTML dashboard
muni-ocuituco-003,Ficha municipal Ocuituco,+17.7%,Variación AxA total delitos Ocuituco,EXCEL - SEGURIDAD MORELOS/TablaDinámica-Municipal Delitos - DICIEMBRE 2025-corteFebrero2026.xlsx,(2025-2024)/2024*100 = (193-164)/164*100,2026-02,VERIFICADO,Auditoría Fase B municipal · cruzado vs HTML dashboard
muni-puente_de_ixtla-001,Ficha municipal Puente de Ixtla,697,Total delitos 2024 Puente de Ixtla,EXCEL - SEGURIDAD MORELOS/TablaDinámica-Municipal Delitos - DICIEMBRE 2025-corteFebrero2026.xlsx,Hoja 'CuboMunicipal' fila municipio=Puente de Ixtla columna año=2024 (suma todos delitos),2026-02,VERIFICADO,Auditoría Fase B municipal · cruzado vs HTML dashboard
muni-puente_de_ixtla-002,Ficha municipal Puente de Ixtla,822,Total delitos 2025 Puente de Ixtla,EXCEL - SEGURIDAD MORELOS/TablaDinámica-Municipal Delitos - DICIEMBRE 2025-corteFebrero2026.xlsx,Hoja 'CuboMunicipal' fila municipio=Puente de Ixtla columna año=2025 (suma todos delitos),2026-02,VERIFICADO,Auditoría Fase B municipal · cruzado vs HTML dashboard
muni-puente_de_ixtla-003,Ficha municipal Puente de Ixtla,+17.9%,Variación AxA total delitos Puente de Ixtla,EXCEL - SEGURIDAD MORELOS/TablaDinámica-Municipal Delitos - DICIEMBRE 2025-corteFebrero2026.xlsx,(2025-2024)/2024*100 = (822-697)/697*100,2026-02,VERIFICADO,Auditoría Fase B municipal · cruzado vs HTML dashboard
muni-temixco-001,Ficha municipal Temixco,2561,Total delitos 2024 Temixco,EXCEL - SEGURIDAD MORELOS/TablaDinámica-Municipal Delitos - DICIEMBRE 2025-corteFebrero2026.xlsx,Hoja 'CuboMunicipal' fila municipio=Temixco columna año=2024 (suma todos delitos),2026-02,VERIFICADO,Auditoría Fase B municipal · cruzado vs HTML dashboard
muni-temixco-002,Ficha municipal Temixco,2477,Total delitos 2025 Temixco,EXCEL - SEGURIDAD MORELOS/TablaDinámica-Municipal Delitos - DICIEMBRE 2025-corteFebrero2026.xlsx,Hoja 'CuboMunicipal' fila municipio=Temixco columna año=2025 (suma todos delitos),2026-02,VERIFICADO,Auditoría Fase B municipal · cruzado vs HTML dashboard
muni-temixco-003,Ficha municipal Temixco,-3.3%,Variación AxA total delitos Temixco,EXCEL - SEGURIDAD MORELOS/TablaDinámica-Municipal Delitos - DICIEMBRE 2025-corteFebrero2026.xlsx,(2025-2024)/2024*100 = (2477-2561)/2561*100,2026-02,VERIFICADO,Auditoría Fase B municipal · cruzado vs HTML dashboard
muni-temoac-001,Ficha municipal Temoac,284,Total delitos 2024 Temoac,EXCEL - SEGURIDAD MORELOS/TablaDinámica-Municipal Delitos - DICIEMBRE 2025-corteFebrero2026.xlsx,Hoja 'CuboMunicipal' fila municipio=Temoac columna año=2024 (suma todos delitos),2026-02,VERIFICADO,Auditoría Fase B municipal · cruzado vs HTML dashboard
muni-temoac-002,Ficha municipal Temoac,240,Total delitos 2025 Temoac,EXCEL - SEGURIDAD MORELOS/TablaDinámica-Municipal Delitos - DICIEMBRE 2025-corteFebrero2026.xlsx,Hoja 'CuboMunicipal' fila municipio=Temoac columna año=2025 (suma todos delitos),2026-02,VERIFICADO,Auditoría Fase B municipal · cruzado vs HTML dashboard
muni-temoac-003,Ficha municipal Temoac,-15.5%,Variación AxA total delitos Temoac,EXCEL - SEGURIDAD MORELOS/TablaDinámica-Municipal Delitos - DICIEMBRE 2025-corteFebrero2026.xlsx,(2025-2024)/2024*100 = (240-284)/284*100,2026-02,VERIFICADO,Auditoría Fase B municipal · cruzado vs HTML dashboard
muni-tepalcingo-001,Ficha municipal Tepalcingo,173,Total delitos 2024 Tepalcingo,EXCEL - SEGURIDAD MORELOS/TablaDinámica-Municipal Delitos - DICIEMBRE 2025-corteFebrero2026.xlsx,Hoja 'CuboMunicipal' fila municipio=Tepalcingo columna año=2024 (suma todos delitos),2026-02,VERIFICADO,Auditoría Fase B municipal · cruzado vs HTML dashboard
muni-tepalcingo-002,Ficha municipal Tepalcingo,142,Total delitos 2025 Tepalcingo,EXCEL - SEGURIDAD MORELOS/TablaDinámica-Municipal Delitos - DICIEMBRE 2025-corteFebrero2026.xlsx,Hoja 'CuboMunicipal' fila municipio=Tepalcingo columna año=2025 (suma todos delitos),2026-02,VERIFICADO,Auditoría Fase B municipal · cruzado vs HTML dashboard
muni-tepalcingo-003,Ficha municipal Tepalcingo,-17.9%,Variación AxA total delitos Tepalcingo,EXCEL - SEGURIDAD MORELOS/TablaDinámica-Municipal Delitos - DICIEMBRE 2025-corteFebrero2026.xlsx,(2025-2024)/2024*100 = (142-173)/173*100,2026-02,VERIFICADO,Auditoría Fase B municipal · cruzado vs HTML dashboard
muni-tepoztlan-001,Ficha municipal Tepoztlán,1008,Total delitos 2024 Tepoztlán,EXCEL - SEGURIDAD MORELOS/TablaDinámica-Municipal Delitos - DICIEMBRE 2025-corteFebrero2026.xlsx,Hoja 'CuboMunicipal' fila municipio=Tepoztlán columna año=2024 (suma todos delitos),2026-02,VERIFICADO,Auditoría Fase B municipal · cruzado vs HTML dashboard
muni-tepoztlan-002,Ficha municipal Tepoztlán,1101,Total delitos 2025 Tepoztlán,EXCEL - SEGURIDAD MORELOS/TablaDinámica-Municipal Delitos - DICIEMBRE 2025-corteFebrero2026.xlsx,Hoja 'CuboMunicipal' fila municipio=Tepoztlán columna año=2025 (suma todos delitos),2026-02,VERIFICADO,Auditoría Fase B municipal · cruzado vs HTML dashboard
muni-tepoztlan-003,Ficha municipal Tepoztlán,+9.2%,Variación AxA total delitos Tepoztlán,EXCEL - SEGURIDAD MORELOS/TablaDinámica-Municipal Delitos - DICIEMBRE 2025-corteFebrero2026.xlsx,(2025-2024)/2024*100 = (1101-1008)/1008*100,2026-02,VERIFICADO,Auditoría Fase B municipal · cruzado vs HTML dashboard
muni-tetecala-001,Ficha municipal Tetecala,253,Total delitos 2024 Tetecala,EXCEL - SEGURIDAD MORELOS/TablaDinámica-Municipal Delitos - DICIEMBRE 2025-corteFebrero2026.xlsx,Hoja 'CuboMunicipal' fila municipio=Tetecala columna año=2024 (suma todos delitos),2026-02,VERIFICADO,Auditoría Fase B municipal · cruzado vs HTML dashboard
muni-tetecala-002,Ficha municipal Tetecala,252,Total delitos 2025 Tetecala,EXCEL - SEGURIDAD MORELOS/TablaDinámica-Municipal Delitos - DICIEMBRE 2025-corteFebrero2026.xlsx,Hoja 'CuboMunicipal' fila municipio=Tetecala columna año=2025 (suma todos delitos),2026-02,VERIFICADO,Auditoría Fase B municipal · cruzado vs HTML dashboard
muni-tetecala-003,Ficha municipal Tetecala,-0.4%,Variación AxA total delitos Tetecala,EXCEL - SEGURIDAD MORELOS/TablaDinámica-Municipal Delitos - DICIEMBRE 2025-corteFebrero2026.xlsx,(2025-2024)/2024*100 = (252-253)/253*100,2026-02,VERIFICADO,Auditoría Fase B municipal · cruzado vs HTML dashboard
muni-tetela_volcan-001,Ficha municipal Tetela del Volcán,105,Total delitos 2024 Tetela del Volcán,EXCEL - SEGURIDAD MORELOS/TablaDinámica-Municipal Delitos - DICIEMBRE 2025-corteFebrero2026.xlsx,Hoja 'CuboMunicipal' fila municipio=Tetela del Volcán columna año=2024 (suma todos delitos),2026-02,VERIFICADO,Auditoría Fase B municipal · cruzado vs HTML dashboard
muni-tetela_volcan-002,Ficha municipal Tetela del Volcán,92,Total delitos 2025 Tetela del Volcán,EXCEL - SEGURIDAD MORELOS/TablaDinámica-Municipal Delitos - DICIEMBRE 2025-corteFebrero2026.xlsx,Hoja 'CuboMunicipal' fila municipio=Tetela del Volcán columna año=2025 (suma todos delitos),2026-02,VERIFICADO,Auditoría Fase B municipal · cruzado vs HTML dashboard
muni-tetela_volcan-003,Ficha municipal Tetela del Volcán,-12.4%,Variación AxA total delitos Tetela del Volcán,EXCEL - SEGURIDAD MORELOS/TablaDinámica-Municipal Delitos - DICIEMBRE 2025-corteFebrero2026.xlsx,(2025-2024)/2024*100 = (92-105)/105*100,2026-02,VERIFICADO,Auditoría Fase B municipal · cruzado vs HTML dashboard
muni-tlalnepantla-001,Ficha municipal Tlalnepantla,81,Total delitos 2024 Tlalnepantla,EXCEL - SEGURIDAD MORELOS/TablaDinámica-Municipal Delitos - DICIEMBRE 2025-corteFebrero2026.xlsx,Hoja 'CuboMunicipal' fila municipio=Tlalnepantla columna año=2024 (suma todos delitos),2026-02,VERIFICADO,Auditoría Fase B municipal · cruzado vs HTML dashboard
muni-tlalnepantla-002,Ficha municipal Tlalnepantla,88,Total delitos 2025 Tlalnepantla,EXCEL - SEGURIDAD MORELOS/TablaDinámica-Municipal Delitos - DICIEMBRE 2025-corteFebrero2026.xlsx,Hoja 'CuboMunicipal' fila municipio=Tlalnepantla columna año=2025 (suma todos delitos),2026-02,VERIFICADO,Auditoría Fase B municipal · cruzado vs HTML dashboard
muni-tlalnepantla-003,Ficha municipal Tlalnepantla,+8.6%,Variación AxA total delitos Tlalnepantla,EXCEL - SEGURIDAD MORELOS/TablaDinámica-Municipal Delitos - DICIEMBRE 2025-corteFebrero2026.xlsx,(2025-2024)/2024*100 = (88-81)/81*100,2026-02,VERIFICADO,Auditoría Fase B municipal · cruzado vs HTML dashboard
muni-tlaltizapan-001,Ficha municipal Tlaltizapán de Zapata,557,Total delitos 2024 Tlaltizapán de Zapata,EXCEL - SEGURIDAD MORELOS/TablaDinámica-Municipal Delitos - DICIEMBRE 2025-corteFebrero2026.xlsx,Hoja 'CuboMunicipal' fila municipio=Tlaltizapán de Zapata columna año=2024 (suma todos delitos),2026-02,VERIFICADO,Auditoría Fase B municipal · cruzado vs HTML dashboard
muni-tlaltizapan-002,Ficha municipal Tlaltizapán de Zapata,671,Total delitos 2025 Tlaltizapán de Zapata,EXCEL - SEGURIDAD MORELOS/TablaDinámica-Municipal Delitos - DICIEMBRE 2025-corteFebrero2026.xlsx,Hoja 'CuboMunicipal' fila municipio=Tlaltizapán de Zapata columna año=2025 (suma todos delitos),2026-02,VERIFICADO,Auditoría Fase B municipal · cruzado vs HTML dashboard
muni-tlaltizapan-003,Ficha municipal Tlaltizapán de Zapata,+20.5%,Variación AxA total delitos Tlaltizapán de Zapata,EXCEL - SEGURIDAD MORELOS/TablaDinámica-Municipal Delitos - DICIEMBRE 2025-corteFebrero2026.xlsx,(2025-2024)/2024*100 = (671-557)/557*100,2026-02,VERIFICADO,Auditoría Fase B municipal · cruzado vs HTML dashboard
muni-tlaquiltenango-001,Ficha municipal Tlaquiltenango,254,Total delitos 2024 Tlaquiltenango,EXCEL - SEGURIDAD MORELOS/TablaDinámica-Municipal Delitos - DICIEMBRE 2025-corteFebrero2026.xlsx,Hoja 'CuboMunicipal' fila municipio=Tlaquiltenango columna año=2024 (suma todos delitos),2026-02,VERIFICADO,Auditoría Fase B municipal · cruzado vs HTML dashboard
muni-tlaquiltenango-002,Ficha municipal Tlaquiltenango,339,Total delitos 2025 Tlaquiltenango,EXCEL - SEGURIDAD MORELOS/TablaDinámica-Municipal Delitos - DICIEMBRE 2025-corteFebrero2026.xlsx,Hoja 'CuboMunicipal' fila municipio=Tlaquiltenango columna año=2025 (suma todos delitos),2026-02,VERIFICADO,Auditoría Fase B municipal · cruzado vs HTML dashboard
muni-tlaquiltenango-003,Ficha municipal Tlaquiltenango,+33.5%,Variación AxA total delitos Tlaquiltenango,EXCEL - SEGURIDAD MORELOS/TablaDinámica-Municipal Delitos - DICIEMBRE 2025-corteFebrero2026.xlsx,(2025-2024)/2024*100 = (339-254)/254*100,2026-02,VERIFICADO,Auditoría Fase B municipal · cruzado vs HTML dashboard
muni-tlayacapan-001,Ficha municipal Tlayacapan,400,Total delitos 2024 Tlayacapan,EXCEL - SEGURIDAD MORELOS/TablaDinámica-Municipal Delitos - DICIEMBRE 2025-corteFebrero2026.xlsx,Hoja 'CuboMunicipal' fila municipio=Tlayacapan columna año=2024 (suma todos delitos),2026-02,VERIFICADO,Auditoría Fase B municipal · cruzado vs HTML dashboard
muni-tlayacapan-002,Ficha municipal Tlayacapan,325,Total delitos 2025 Tlayacapan,EXCEL - SEGURIDAD MORELOS/TablaDinámica-Municipal Delitos - DICIEMBRE 2025-corteFebrero2026.xlsx,Hoja 'CuboMunicipal' fila municipio=Tlayacapan columna año=2025 (suma todos delitos),2026-02,VERIFICADO,Auditoría Fase B municipal · cruzado vs HTML dashboard
muni-tlayacapan-003,Ficha municipal Tlayacapan,-18.8%,Variación AxA total delitos Tlayacapan,EXCEL - SEGURIDAD MORELOS/TablaDinámica-Municipal Delitos - DICIEMBRE 2025-corteFebrero2026.xlsx,(2025-2024)/2024*100 = (325-400)/400*100,2026-02,VERIFICADO,Auditoría Fase B municipal · cruzado vs HTML dashboard
muni-totolapan-001,Ficha municipal Totolapan,128,Total delitos 2024 Totolapan,EXCEL - SEGURIDAD MORELOS/TablaDinámica-Municipal Delitos - DICIEMBRE 2025-corteFebrero2026.xlsx,Hoja 'CuboMunicipal' fila municipio=Totolapan columna año=2024 (suma todos delitos),2026-02,VERIFICADO,Auditoría Fase B municipal · cruzado vs HTML dashboard
muni-totolapan-002,Ficha municipal Totolapan,116,Total delitos 2025 Totolapan,EXCEL - SEGURIDAD MORELOS/TablaDinámica-Municipal Delitos - DICIEMBRE 2025-corteFebrero2026.xlsx,Hoja 'CuboMunicipal' fila municipio=Totolapan columna año=2025 (suma todos delitos),2026-02,VERIFICADO,Auditoría Fase B municipal · cruzado vs HTML dashboard
muni-totolapan-003,Ficha municipal Totolapan,-9.4%,Variación AxA total delitos Totolapan,EXCEL - SEGURIDAD MORELOS/TablaDinámica-Municipal Delitos - DICIEMBRE 2025-corteFebrero2026.xlsx,(2025-2024)/2024*100 = (116-128)/128*100,2026-02,VERIFICADO,Auditoría Fase B municipal · cruzado vs HTML dashboard
muni-xochitepec-001,Ficha municipal Xochitepec,1704,Total delitos 2024 Xochitepec,EXCEL - SEGURIDAD MORELOS/TablaDinámica-Municipal Delitos - DICIEMBRE 2025-corteFebrero2026.xlsx,Hoja 'CuboMunicipal' fila municipio=Xochitepec columna año=2024 (suma todos delitos),2026-02,VERIFICADO,Auditoría Fase B municipal · cruzado vs HTML dashboard
muni-xochitepec-002,Ficha municipal Xochitepec,1455,Total delitos 2025 Xochitepec,EXCEL - SEGURIDAD MORELOS/TablaDinámica-Municipal Delitos - DICIEMBRE 2025-corteFebrero2026.xlsx,Hoja 'CuboMunicipal' fila municipio=Xochitepec columna año=2025 (suma todos delitos),2026-02,VERIFICADO,Auditoría Fase B municipal · cruzado vs HTML dashboard
muni-xochitepec-003,Ficha municipal Xochitepec,-14.6%,Variación AxA total delitos Xochitepec,EXCEL - SEGURIDAD MORELOS/TablaDinámica-Municipal Delitos - DICIEMBRE 2025-corteFebrero2026.xlsx,(2025-2024)/2024*100 = (1455-1704)/1704*100,2026-02,VERIFICADO,Auditoría Fase B municipal · cruzado vs HTML dashboard
muni-xoxocotla-001,Ficha municipal Xoxocotla,236,Total delitos 2024 Xoxocotla,EXCEL - SEGURIDAD MORELOS/TablaDinámica-Municipal Delitos - DICIEMBRE 2025-corteFebrero2026.xlsx,Hoja 'CuboMunicipal' fila municipio=Xoxocotla columna año=2024 (suma todos delitos),2026-02,VERIFICADO,Auditoría Fase B municipal · cruzado vs HTML dashboard
muni-xoxocotla-002,Ficha municipal Xoxocotla,178,Total delitos 2025 Xoxocotla,EXCEL - SEGURIDAD MORELOS/TablaDinámica-Municipal Delitos - DICIEMBRE 2025-corteFebrero2026.xlsx,Hoja 'CuboMunicipal' fila municipio=Xoxocotla columna año=2025 (suma todos delitos),2026-02,VERIFICADO,Auditoría Fase B municipal · cruzado vs HTML dashboard
muni-xoxocotla-003,Ficha municipal Xoxocotla,-24.6%,Variación AxA total delitos Xoxocotla,EXCEL - SEGURIDAD MORELOS/TablaDinámica-Municipal Delitos - DICIEMBRE 2025-corteFebrero2026.xlsx,(2025-2024)/2024*100 = (178-236)/236*100,2026-02,VERIFICADO,Auditoría Fase B municipal · cruzado vs HTML dashboard
muni-yautepec-001,Ficha municipal Yautepec,2455,Total delitos 2024 Yautepec,EXCEL - SEGURIDAD MORELOS/TablaDinámica-Municipal Delitos - DICIEMBRE 2025-corteFebrero2026.xlsx,Hoja 'CuboMunicipal' fila municipio=Yautepec columna año=2024 (suma todos delitos),2026-02,VERIFICADO,Auditoría Fase B municipal · cruzado vs HTML dashboard
muni-yautepec-002,Ficha municipal Yautepec,2440,Total delitos 2025 Yautepec,EXCEL - SEGURIDAD MORELOS/TablaDinámica-Municipal Delitos - DICIEMBRE 2025-corteFebrero2026.xlsx,Hoja 'CuboMunicipal' fila municipio=Yautepec columna año=2025 (suma todos delitos),2026-02,VERIFICADO,Auditoría Fase B municipal · cruzado vs HTML dashboard
muni-yautepec-003,Ficha municipal Yautepec,-0.6%,Variación AxA total delitos Yautepec,EXCEL - SEGURIDAD MORELOS/TablaDinámica-Municipal Delitos - DICIEMBRE 2025-corteFebrero2026.xlsx,(2025-2024)/2024*100 = (2440-2455)/2455*100,2026-02,VERIFICADO,Auditoría Fase B municipal · cruzado vs HTML dashboard
muni-yecapixtla-001,Ficha municipal Yecapixtla,756,Total delitos 2024 Yecapixtla,EXCEL - SEGURIDAD MORELOS/TablaDinámica-Municipal Delitos - DICIEMBRE 2025-corteFebrero2026.xlsx,Hoja 'CuboMunicipal' fila municipio=Yecapixtla columna año=2024 (suma todos delitos),2026-02,VERIFICADO,Auditoría Fase B municipal · cruzado vs HTML dashboard
muni-yecapixtla-002,Ficha municipal Yecapixtla,833,Total delitos 2025 Yecapixtla,EXCEL - SEGURIDAD MORELOS/TablaDinámica-Municipal Delitos - DICIEMBRE 2025-corteFebrero2026.xlsx,Hoja 'CuboMunicipal' fila municipio=Yecapixtla columna año=2025 (suma todos delitos),2026-02,VERIFICADO,Auditoría Fase B municipal · cruzado vs HTML dashboard
muni-yecapixtla-003,Ficha municipal Yecapixtla,+10.2%,Variación AxA total delitos Yecapixtla,EXCEL - SEGURIDAD MORELOS/TablaDinámica-Municipal Delitos - DICIEMBRE 2025-corteFebrero2026.xlsx,(2025-2024)/2024*100 = (833-756)/756*100,2026-02,VERIFICADO,Auditoría Fase B municipal · cruzado vs HTML dashboard
muni-zacatepec-001,Ficha municipal Zacatepec,432,Total delitos 2024 Zacatepec,EXCEL - SEGURIDAD MORELOS/TablaDinámica-Municipal Delitos - DICIEMBRE 2025-corteFebrero2026.xlsx,Hoja 'CuboMunicipal' fila municipio=Zacatepec columna año=2024 (suma todos delitos),2026-02,VERIFICADO,Auditoría Fase B municipal · cruzado vs HTML dashboard
muni-zacatepec-002,Ficha municipal Zacatepec,486,Total delitos 2025 Zacatepec,EXCEL - SEGURIDAD MORELOS/TablaDinámica-Municipal Delitos - DICIEMBRE 2025-corteFebrero2026.xlsx,Hoja 'CuboMunicipal' fila municipio=Zacatepec columna año=2025 (suma todos delitos),2026-02,VERIFICADO,Auditoría Fase B municipal · cruzado vs HTML dashboard
muni-zacatepec-003,Ficha municipal Zacatepec,+12.5%,Variación AxA total delitos Zacatepec,EXCEL - SEGURIDAD MORELOS/TablaDinámica-Municipal Delitos - DICIEMBRE 2025-corteFebrero2026.xlsx,(2025-2024)/2024*100 = (486-432)/432*100,2026-02,VERIFICADO,Auditoría Fase B municipal · cruzado vs HTML dashboard
muni-zacualpan-001,Ficha municipal Zacualpan de Amilpas,20,Total delitos 2024 Zacualpan de Amilpas,EXCEL - SEGURIDAD MORELOS/TablaDinámica-Municipal Delitos - DICIEMBRE 2025-corteFebrero2026.xlsx,Hoja 'CuboMunicipal' fila municipio=Zacualpan de Amilpas columna año=2024 (suma todos delitos),2026-02,VERIFICADO,Auditoría Fase B municipal · cruzado vs HTML dashboard
muni-zacualpan-002,Ficha municipal Zacualpan de Amilpas,37,Total delitos 2025 Zacualpan de Amilpas,EXCEL - SEGURIDAD MORELOS/TablaDinámica-Municipal Delitos - DICIEMBRE 2025-corteFebrero2026.xlsx,Hoja 'CuboMunicipal' fila municipio=Zacualpan de Amilpas columna año=2025 (suma todos delitos),2026-02,VERIFICADO,Auditoría Fase B municipal · cruzado vs HTML dashboard
muni-zacualpan-003,Ficha municipal Zacualpan de Amilpas,+85.0%,Variación AxA total delitos Zacualpan de Amilpas,EXCEL - SEGURIDAD MORELOS/TablaDinámica-Municipal Delitos - DICIEMBRE 2025-corteFebrero2026.xlsx,(2025-2024)/2024*100 = (37-20)/20*100,2026-02,VERIFICADO,Auditoría Fase B municipal · cruzado vs HTML dashboard
series-mensuales-2016-2026,Dashboard maestro · serie temporal cualquier delito,124 meses · 36 munis · 13 delitos,Matriz mensual completa Morelos 2016-2026,BASES_NACIONALES/delitos_municipales_*/* + RNID-Delitos_Municipal-2026 + TablaDinámica corte feb-2026,Script scripts/_build_series_mensuales.py · 2016-2024 mensual real (XLSX por año) · 2025 mensual estimado proporcional al patrón estatal · 2026 ene-abr mensual real (RNID CSV),2026-04 (último corte),VERIFICADO_PROXY,2025 mensual municipal es proxy: total anual real * proporción mensual estatal de ese delito en 2025. Marcado E en SERIES_MUNICIPALES.meta. Los 36 totales anuales 2025 sí son reales.
sNAC7b-001,sNAC7b pinza pre,"133,566",Padron RNPDNO nacional activos pre-reforma 1-dic-2025,EXCEL - SEGURIDAD MORELOS/rnpdno_data.csv,"COUNT(*) WHERE ENTIDAD nombrada · 32 estados + SE DESCONOCE · script Python en sesion 4-jun-2026",2025-12-01,VERIFICADO,"Snapshot oficial CNB. Incluye 49136 confidenciales (36.79%)."
sNAC7b-002,sNAC7b pinza post,"134,779",Padron RNPDNO nacional activos post-reforma 3-jun-2026,EXCEL - SEGURIDAD MORELOS/NUEVOS REPORTES DESAPARICIONES/totales_padron.csv,"Fila Desaparecidas y No localizadas = 134779",2026-06-03,VERIFICADO,"Dashboard versionpublicarnpdno.segob.gob.mx descargado 3-jun-2026"
sNAC7b-003,sNAC7b pinza delta,"+1,213",Crecimiento absoluto del padron nacional en 6 meses,Calculo,134779-133566=1213,2026-06-03,VERIFICADO_CALC,"+0.91% promedio nacional"
sNAC7b-004,sNAC7b morelos pre,"2,063",Activos Morelos pre-reforma 1-dic-2025,EXCEL - SEGURIDAD MORELOS/rnpdno_data.csv,"COUNT(*) WHERE ENTIDAD=MORELOS",2025-12-01,VERIFICADO,Snapshot oficial pre-reforma. Incluye 835 confidenciales (40.5%).
sNAC7b-005,sNAC7b morelos post,"2,116",Activos Morelos post-reforma 3-jun-2026,EXCEL - SEGURIDAD MORELOS/NUEVOS REPORTES DESAPARICIONES/activos_por_entidad.csv,"Fila MORELOS: Desaparecidos 1810 + No localizados 306 = 2116",2026-06-03,VERIFICADO,Confidenciales ya no expuestos en agregado post-reforma
sNAC7b-006,sNAC7b morelos delta,"+53 (+2.6%)",Crecimiento Morelos 6 meses,Calculo,(2116-2063)/2063*100=2.57%,2026-06-03,VERIFICADO_CALC,"Casi triple del promedio nacional (+0.91%) · ranking 19/32 padron absoluto"
sNAC7b-007,sNAC7b CDMX baja,"-16.5%",Reduccion activos CDMX en 6 meses,Calculo,(6046-7242)/7242*100=-16.51%,2026-06-03,VERIFICADO_CALC,"Unica entidad grande con baja significativa. Coincide con piloto PUID."
sNAC7b-008,sNAC7b Jalisco baja,"-7.2%",Reduccion activos Jalisco 6 meses,Calculo,(12781-13766)/13766*100=-7.16%,2026-06-03,VERIFICADO_CALC,Segunda entidad con baja. Estado con mayor densidad de colectivos buscadores activos.
sNAC7b-009,sNAC7b ano record 2025,"36,869",Personas registradas con fecha desaparicion en 2025,EXCEL - SEGURIDAD MORELOS/NUEVOS REPORTES DESAPARICIONES/activos_por_anio_sexo.csv,"Fila 2025: 23384 H + 13474 M + 11 I = 36869",2026-06-03,VERIFICADO,"Ano con mas desapariciones registradas en historia documentada. Anos previos: 2024=35913; 2023=32220."
sNAC7b-010,sNAC7b reporte particular nacional,"83.1%",Porcentaje reportes RNPDNO iniciados por particular (no autoridad),EXCEL - SEGURIDAD MORELOS/NUEVOS REPORTES DESAPARICIONES/reportes_autoridad_vs_particular.csv,"SUM particular / (SUM autoridad + SUM particular) · 12359/(2515+12359) = 83.09%",2026-06-03,VERIFICADO_CALC,"Obligacion legal de carpeta de oficio en LGMDFP-2017 desplazada al familiar"
sNAC7b-011,sNAC7b reporte particular Morelos,"84.3%",Porcentaje reportes Morelos iniciados por particular,EXCEL - SEGURIDAD MORELOS/NUEVOS REPORTES DESAPARICIONES/reportes_autoridad_vs_particular.csv,"Morelos: 25 autoridad + 134 particular · 134/159=84.28%",2026-06-03,VERIFICADO_CALC,"Ranking 16/32 a nivel nacional"
sNAC7b-012,sNAC7b adolescentes mujeres,"66.6%",% mujeres en padron edades 10-19 anos,EXCEL - SEGURIDAD MORELOS/NUEVOS REPORTES DESAPARICIONES/activos_por_edad_sexo.csv,"Grupos 10-14 y 15-19 · M(28175+56289)=84464 vs H(12361+29970)=42331 · 84464/(42331+84464)=66.61%",2026-06-03,VERIFICADO_CALC,"Lectura clinica trata de personas + violencia feminicida. Despues de 20 anos la composicion se invierte."
sNAC7b-013,sNAC7b localizacion vida por sexo,"79.7% / 48.4%",Probabilidad localizacion con vida mujer vs hombre,EXCEL - SEGURIDAD MORELOS/NUEVOS REPORTES DESAPARICIONES/{localizados_vida_por_sexo + activos_total_por_sexo + localizados_sin_vida_por_sexo}.csv,"Mujer: 127593/(29225+127593+3187)=79.74% · Hombre: 116834/(105156+116834+19244)=48.43%",2026-06-03,VERIFICADO_CALC,"Asimetria de 1.65x. Hombres 4x mas probabilidad terminar sin vida (8.0% vs 2.0%)"
EST-001,panorama_estatal_32 SESNSP 2024,32 entidades,Dataset estatal consolidado · SESNSP RNID Municipal 2024 agregado por entidad,BASES_NACIONALES/delitos_municipales_2015-2025/2024_abr26.xlsx,"groupby(Clave_Ent,Entidad,Subtipo)['_total'].sum() donde _total=sum(Enero..Diciembre). Columnas: total, HD, HC, feminicidio, extorsion, secuestro, narcomenudeo, violencia_familiar, robo_amplio, lesiones_dolosas, abuso_sexual, violacion, amenazas",2024-12 (pub abr-2026),VERIFICADO_AGREGADO,"Top 5 HD 2024: Guanajuato 2553 / BC 2089 / Edomex 1964 / Chihuahua 1705 / NL 1539. Reproducible con scripts/_construir_panorama_estatal.py"
EST-002,panorama_estatal_32 serie HD 2016-2024,9 años por entidad,Serie historica homicidio doloso 2016-2024,BASES_NACIONALES/delitos_municipales_2015-2025/{2016..2024}.xlsx,"Por cada archivo año: filter subtipo contains 'doloso' + sum meses por Clave_Ent. Aplicado a 9 archivos.",2024-12,VERIFICADO_AGREGADO,"Permite trayectoria por estado · ej Coahuila: 212-222-228-221-194-137-129-116-105 (-54% del pico 2018)"
EST-003,panorama_estatal_32 RNPDNO,32 entidades + DESCONOCE,RNPDNO post-reforma desaparecidos/no localizados/loc-vida/loc-sin-vida por entidad,EXCEL - SEGURIDAD MORELOS/NUEVOS REPORTES DESAPARICIONES/activos_por_entidad.csv,"Match con alias dict: Coahuila de Zaragoza→COAHUILA, México→ESTADO DE MEXICO, Michoacán de Ocampo→MICHOACAN, Veracruz de I. de la Llave→VERACRUZ",2026-06-03,VERIFICADO_MAPEADO,"Top 5 activos: Edomex 14652 / Tamaulipas 13817 / Jalisco 12781 / Michoacán 7848 / NL 7491"
EST-004,panorama_estatal_32 archivo de salida,32 filas × 32 columnas,Dataset consolidado final,BASES_NACIONALES/panorama_estatal_32.csv,"DataFrame construido por scripts/_construir_panorama_estatal.py · cada fila = 1 entidad federativa · cobertura SESNSP 2024 + serie HD + RNPDNO 2026",2026-06-04,VERIFICADO_GENERADO,"Listo para reutilizar en futuras radiografias estatales (Coahuila, Nuevo León, Tamaulipas, etc.). Reconstruir con: python scripts/_construir_panorama_estatal.py"
EST-005,bitácora correcciones panorama_estatal,bug filtros,"Filtros 'contains' permisivos en _construir_panorama_estatal.py v1 inflaban cifras: 'familiar' capturaba 'Incumplimiento de obligaciones de asistencia familiar' (252 carpetas Coahuila 2024) además de 'Violencia familiar' propia. Igual riesgo en 'doloso/culposo/extorsi/feminic/violacion'. Corregido en v2 con filtros == exactos.",scripts/_construir_panorama_estatal.py v1 → v2,"Cambio: lambda x: 'familiar' in str(x).lower() → lambda x: str(x) == 'Violencia familiar'. Aplicado igual a hd, hc, fem, ext, sec, narc, vf, les_d, abus, viol, amen. Robo: ahora filtra por Tipo=='Robo' (toma 14 subtipos).",2026-06-04,VERIFICADO_CORREGIDO,"Coahuila Violencia familiar pasó de 13,274 a 13,022 (correcto). Auditoría humana de Coahuila detectó el bug ANTES de batch a 31 estados. Lección: el cifras.csv como gate previo a publicación funcionó como diseñado."
EST-006,bitácora validación cruzada,39 validaciones 0 errores,"Validación cruzada del pipeline panorama_estatal_32.csv contra el archivo fuente SESNSP nacional 2024 antes de hacer batch a los 31 estados restantes. 3 estados piloto (Jalisco/Yucatán/Tamaulipas) × 13 indicadores = 39 validaciones. CERO discrepancias.",scripts/_validar_cruzado_3_estados.py,"Para cada estado: recalcular cifra DIRECTAMENTE desde SESNSP nacional 2024 (groupby Clave_Ent con filtros == exactos por subtipo y Tipo='Robo') y comparar bit a bit contra columna correspondiente del panorama. Suma de subtipos también coincide con total estatal: Jalisco 124,085 / Yucatán 4,147 / Tamaulipas 40,308.",2026-06-04,VERIFICADO_VALIDADO,"Estados elegidos para cubrir perfiles distintos: Jalisco grande (5M+ hab, HD alto), Yucatán pequeño (baseline calmo), Tamaulipas mediano (RNPDNO #2 nacional). Pipeline aprobado para batch."
EST-007,bitácora incorporación T1 2026,"480,653","Columna sesnsp_T1_2026_total agregada al panorama estatal (dato SESNSP más reciente en disco · ene-mar 2026). Fila E**-026 inyectada por estado. NOTA METODOLÓGICA: una lectura previa informal citó 478,383 excluyendo municipios 'No especificado' (clave X999); la cifra final 480,653 SÍ los incluye (2,270 carpetas estatales sin municipio asignado) para ser consistente con cómo se calcula sesnsp_2024_total.",EXCEL - SEGURIDAD MORELOS/TablaDinámica-RNID-Municipal Delitos - MARZO 2026-corteMarzo2026.xlsx,"Pivot hoja PlanoMunicipalSIIID header fila 6 · clave_ent = Cve_Mun // 1000 (determinista · sin matching por nombre) · groupby(clave_ent).sum(). Validado: suma 32 estados en cifras.csv == suma panorama == 480,653.",2026-03 (corte mar-2026),VERIFICADO_VALIDADO,"Limitación: el corte mar-2026 solo trae TOTAL agregado sin desglose por subtipo. Cuando SESNSP publique el RNID 2026 desglosado se agregarán columnas por delito. Para actualizar: correr _construir_panorama_estatal.py + re-batch _inyectar_cifras_estado.py."
EST-008,dataset catálogo completo 55 subtipos,"1,760 filas","Duda del editor: ¿solo 13 delitos? NO — el catálogo SESNSP RNID tiene 55 subtipos (40 tipos · 7 bienes jurídicos). Los 13 del panorama wide eran curaduría para KPIs. Se construyó dataset LONG companion con el universo completo: una fila por (entidad × subtipo) con jerarquía bien_juridico→tipo→subtipo y total 2024. Regla aplicada: universo completo sobre muestra representativa.",BASES_NACIONALES/panorama_estatal_delitos_completo.csv + BASES_NACIONALES/delitos_municipales_2015-2025/2024_abr26.xlsx,"groupby(Clave_Ent, Entidad, Bien jurídico, Tipo, Subtipo)['_total'].sum() · _total=sum(Enero..Diciembre). VALIDACIÓN: suma de los 55 subtipos por estado == sesnsp_2024_total del panorama wide en los 32 estados (32/32 OK). Reconstruir: python scripts/_construir_delitos_completo_estatal.py",2024-12 (pub abr-2026),VERIFICADO_VALIDADO,"Uso: tabla 'TODOS los delitos' de cada página-estado lee este CSV. Top 3 nacional 2024: Violencia familiar 278,276 · Otros delitos del Fuero Común 197,966 · Otros robos 164,943. Las cifras curadas E**-001..013 siguen vigentes como KPIs."
EST-009,dataset serie completa 55 subtipos × 9 años,"15,840 filas","Serie temporal 2016-2024 del catálogo SESNSP completo por entidad. ESTE dataset hace visible el trasvase entre categorías: un delito específico baja mientras su espejo 'Otros...' sube. Demo del detector (criterio: específico cae ≥25% y espejo sube ≥25% entre 2018 y 2024) arrojó 22 señales en 4 pares analizados. Ejemplos: Coahuila secuestro -100% vs espejo +563% (41→272) · CDMX violación simple -37.2% vs espejo +4,418% (38→1,717) · Quintana Roo HD -25.4% vs espejo +10,733% (3→325).",BASES_NACIONALES/panorama_estatal_series_completo.csv + BASES_NACIONALES/delitos_municipales_2015-2025/{2016..2024}.xlsx,"groupby(Clave_Ent, Entidad, Bien jurídico, Tipo, Subtipo)['_total'].sum() por cada uno de los 9 archivos anuales · formato long (entidad × subtipo × año). VALIDACIÓN: suma de subtipos por (estado y año) == anclas serie_total_2016/2020/2024 del wide · 96/96 OK. Reconstruir: python scripts/_construir_series_delitos_completo.py",2024-12 (pub abr-2026),VERIFICADO_VALIDADO,"REGLA EDITORIAL: cada señal del detector es HIPÓTESIS A AUDITAR (puede ser cambio de criterio de captura, reforma legal o reclasificación) — el reporte cede elementos y no acusa. La señal se publica con la serie completa visible para que el lector audite."
EST-010,población CONAPO + tasas /100K,"132,274,416","Población estatal 2024 (proyecciones CONAPO pry23 · fuente primaria conapo.segob.gob.mx · descarga 9-jun-2026) integrada al panorama + 4 columnas de tasas: tasa_hd_100k_2024, tasa_extorsion_100k_2024, tasa_total_100k_2024, tasa_rnpdno_activos_100k. Filas E**-027..030 por estado. HALLAZGO: el ranking por tasa reordena todo — Morelos pasa de #8 por volumen HD a #2 nacional por tasa (64.73); #1 es Colima (98.2).",BASES_NACIONALES/geo/conapo_pob_mitad.csv + BASES_NACIONALES/poblacion_estatal_conapo.csv,"00_Pob_Mitad_1950_2070.csv · sum(POBLACION) WHERE ANIO=2024 por CVE_GEO. VALIDACIÓN: suma 32 entidades == nacional CVE_GEO=0 == 132,274,416 (diff 0). Tasas = numerador panorama / poblacion_2024 × 100,000. Suma poblaciones en cifras.csv re-validada == 132,274,416.",2024 (proyección pry23),VERIFICADO_VALIDADO,"Sin tasas los comparativos entre estados son injustos (favorecen a los chicos, condenan a los grandes). Toda página-estado debe mostrar tasa junto a volumen."
EST-011,geometría nacional 32 estados,32 features,"GeoJSON de las 32 entidades para el mapa selector del portal y el coroplético nacional. Props enriquecidas: clave_ent INEGI, nombre oficial, slug URL, color de identidad. Coordenadas redondeadas a 4 decimales (~11m). USO: visualización únicamente — NO es fuente de cifras.",BASES_NACIONALES/geo/mexico_estados_candidato1.json → BASES_NACIONALES/js_sitio/mexico_estados.geojson.js,"Fuente comunitaria (github angelnmara/geojson mexicoHigh.json) validada: 32/32 features con match a catálogo INEGI por nombre. Enriquecido por scripts/_preparar_geo_y_js.py con catálogo maestro de 32 slugs y colores.",2026-06-09 (descarga),VERIFICADO_VISUAL,"Pendiente opcional: sustituir por geometría INEGI marco geoestadístico oficial si se requiere precisión cartográfica. Para mapa web interactivo es suficiente."
EST-012,bitácora migración pipeline v3 · 2024→2025,"HD 2025: 19,987","El editor preguntó por qué los KPIs decían 2024. Causa: el pipeline v2 usaba los XLSX municipales por año y el archivo 2025 estaba corrupto (0 bytes). El re-inventario del disco reveló que la BASE ESTATAL completa SÍ estaba: delitos_estatales_2015-2025 (corte abr-2026 · 2015-2025 completo) + RNID estatal 2026 (ene-abr CON desglose) + víctimas estatales 2015-2025. Pipeline v3 reconstruido sobre la base estatal. NO se descargó nada: todo estaba en disco.",BASES_NACIONALES/delitos_estatales_2015-2025/Estatal-Delitos-2015-2025_abr2026.csv + BASES_NACIONALES/delitos_estatales_RNID_2026/RNID-Delitos_Estatal-2026-abr2026.csv,"VALIDACIÓN CRUZADA INTEGRADA: las cifras 2024 de la base estatal coinciden EXACTO con las de la construcción municipal previa (HD 25,463 · total 2,092,189 · diff 0) → ambas fuentes certificadas mutuamente. Nacionales 2025: total 2,016,723 · HD 19,987 (−21.5% vs 2024) · feminicidio 711 · extorsión 10,507. 2026 ene-abr: 652,342 · HD 5,376. Población CONAPO 2025: 133,367,428 (suma estados == nacional). Filas E** regeneradas (31×32=992, suma HD == 19,987 OK). Reconstruir: python scripts/_construir_panorama_v3.py",2025-12 (corte abr-2026),VERIFICADO_VALIDADO,"Hallazgos del cambio de año: Sinaloa pasó a #1 nacional en tasa feminicidio 2025 (2.165; Morelos #2 con 1.702) y a #3 en tasa HD (42.5). Serie HD ahora 2015-2025 (11 años). El KPI 2026 parcial ahora trae desglose por subtipo (antes solo total)."
E01-001,pagina-estado Aguascalientes · KPI,"39,291",total carpetas SESNSP 2025 · Aguascalientes,BASES_NACIONALES/panorama_estatal_32.csv + BASES_NACIONALES/delitos_estatales_2015-2025/Estatal-Delitos-2015-2025_abr2026.csv,"panorama_estatal_32.csv columna [sesnsp_2025_total] fila clave_ent=1. Derivado de groupby(Clave_Ent, Subtipo)['_total'].sum() sobre base estatal 2015-2025 · filtros exactos: ver script _construir_panorama_v3.py",2025-12 (corte abr-2026),VERIFICADO_AGREGADO,"1.95% del nacional (2,016,723 en 32 estados). Aparece en KPI de la página-estado."
E01-002,pagina-estado Aguascalientes · KPI,86,homicidio doloso 2025 · Aguascalientes,BASES_NACIONALES/panorama_estatal_32.csv + BASES_NACIONALES/delitos_estatales_2015-2025/Estatal-Delitos-2015-2025_abr2026.csv,"panorama_estatal_32.csv columna [sesnsp_2025_hd] fila clave_ent=1. Derivado de groupby(Clave_Ent, Subtipo)['_total'].sum() sobre base estatal 2015-2025 · filtros exactos: ver script _construir_panorama_v3.py",2025-12 (corte abr-2026),VERIFICADO_AGREGADO,"0.43% del nacional (19,987 en 32 estados). Aparece en KPI de la página-estado."
E01-003,pagina-estado Aguascalientes · tabla,134,homicidio culposo 2025 · Aguascalientes,BASES_NACIONALES/panorama_estatal_32.csv + BASES_NACIONALES/delitos_estatales_2015-2025/Estatal-Delitos-2015-2025_abr2026.csv,"panorama_estatal_32.csv columna [sesnsp_2025_hc] fila clave_ent=1. Derivado de groupby(Clave_Ent, Subtipo)['_total'].sum() sobre base estatal 2015-2025 · filtros exactos: ver script _construir_panorama_v3.py",2025-12 (corte abr-2026),VERIFICADO_AGREGADO,"0.79% del nacional (16,945 en 32 estados). Aparece en tabla de la página-estado."
E01-004,pagina-estado Aguascalientes · KPI,4,feminicidio 2025 · Aguascalientes,BASES_NACIONALES/panorama_estatal_32.csv + BASES_NACIONALES/delitos_estatales_2015-2025/Estatal-Delitos-2015-2025_abr2026.csv,"panorama_estatal_32.csv columna [sesnsp_2025_feminicidio] fila clave_ent=1. Derivado de groupby(Clave_Ent, Subtipo)['_total'].sum() sobre base estatal 2015-2025 · filtros exactos: ver script _construir_panorama_v3.py",2025-12 (corte abr-2026),VERIFICADO_AGREGADO,0.56% del nacional (711 en 32 estados). Aparece en KPI de la página-estado.
E01-005,pagina-estado Aguascalientes · KPI,71,extorsión 2025 · Aguascalientes,BASES_NACIONALES/panorama_estatal_32.csv + BASES_NACIONALES/delitos_estatales_2015-2025/Estatal-Delitos-2015-2025_abr2026.csv,"panorama_estatal_32.csv columna [sesnsp_2025_extorsion] fila clave_ent=1. Derivado de groupby(Clave_Ent, Subtipo)['_total'].sum() sobre base estatal 2015-2025 · filtros exactos: ver script _construir_panorama_v3.py",2025-12 (corte abr-2026),VERIFICADO_AGREGADO,"0.68% del nacional (10,507 en 32 estados). Aparece en KPI de la página-estado."
E01-006,pagina-estado Aguascalientes · tabla,0,secuestro 2025 · Aguascalientes,BASES_NACIONALES/panorama_estatal_32.csv + BASES_NACIONALES/delitos_estatales_2015-2025/Estatal-Delitos-2015-2025_abr2026.csv,"panorama_estatal_32.csv columna [sesnsp_2025_secuestro] fila clave_ent=1. Derivado de groupby(Clave_Ent, Subtipo)['_total'].sum() sobre base estatal 2015-2025 · filtros exactos: ver script _construir_panorama_v3.py",2025-12 (corte abr-2026),VERIFICADO_AGREGADO,0.00% del nacional (464 en 32 estados). Aparece en tabla de la página-estado.
E01-007,pagina-estado Aguascalientes · tabla,"2,778",narcomenudeo 2025 · Aguascalientes,BASES_NACIONALES/panorama_estatal_32.csv + BASES_NACIONALES/delitos_estatales_2015-2025/Estatal-Delitos-2015-2025_abr2026.csv,"panorama_estatal_32.csv columna [sesnsp_2025_narcomenudeo] fila clave_ent=1. Derivado de groupby(Clave_Ent, Subtipo)['_total'].sum() sobre base estatal 2015-2025 · filtros exactos: ver script _construir_panorama_v3.py",2025-12 (corte abr-2026),VERIFICADO_AGREGADO,"2.67% del nacional (104,207 en 32 estados). Aparece en tabla de la página-estado."
E01-008,pagina-estado Aguascalientes · KPI,"2,719",violencia familiar 2025 · Aguascalientes,BASES_NACIONALES/panorama_estatal_32.csv + BASES_NACIONALES/delitos_estatales_2015-2025/Estatal-Delitos-2015-2025_abr2026.csv,"panorama_estatal_32.csv columna [sesnsp_2025_violencia_familiar] fila clave_ent=1. Derivado de groupby(Clave_Ent, Subtipo)['_total'].sum() sobre base estatal 2015-2025 · filtros exactos: ver script _construir_panorama_v3.py",2025-12 (corte abr-2026),VERIFICADO_AGREGADO,"1.02% del nacional (266,760 en 32 estados). Aparece en KPI de la página-estado."
E01-009,pagina-estado Aguascalientes · tabla,"9,303",robo (amplio · incluye allanamiento) 2025 · Aguascalientes,BASES_NACIONALES/panorama_estatal_32.csv + BASES_NACIONALES/delitos_estatales_2015-2025/Estatal-Delitos-2015-2025_abr2026.csv,"panorama_estatal_32.csv columna [sesnsp_2025_robo_amplio] fila clave_ent=1. Derivado de groupby(Clave_Ent, Subtipo)['_total'].sum() sobre base estatal 2015-2025 · filtros exactos: ver script _construir_panorama_v3.py",2025-12 (corte abr-2026),VERIFICADO_AGREGADO,"1.96% del nacional (474,378 en 32 estados). Aparece en tabla de la página-estado."
E01-010,pagina-estado Aguascalientes · tabla,"3,350",lesiones dolosas 2025 · Aguascalientes,BASES_NACIONALES/panorama_estatal_32.csv + BASES_NACIONALES/delitos_estatales_2015-2025/Estatal-Delitos-2015-2025_abr2026.csv,"panorama_estatal_32.csv columna [sesnsp_2025_lesiones_dolosas] fila clave_ent=1. Derivado de groupby(Clave_Ent, Subtipo)['_total'].sum() sobre base estatal 2015-2025 · filtros exactos: ver script _construir_panorama_v3.py",2025-12 (corte abr-2026),VERIFICADO_AGREGADO,"2.14% del nacional (156,623 en 32 estados). Aparece en tabla de la página-estado."
E01-011,pagina-estado Aguascalientes · tabla,0,abuso sexual 2025 · Aguascalientes,BASES_NACIONALES/panorama_estatal_32.csv + BASES_NACIONALES/delitos_estatales_2015-2025/Estatal-Delitos-2015-2025_abr2026.csv,"panorama_estatal_32.csv columna [sesnsp_2025_abuso_sexual] fila clave_ent=1. Derivado de groupby(Clave_Ent, Subtipo)['_total'].sum() sobre base estatal 2015-2025 · filtros exactos: ver script _construir_panorama_v3.py",2025-12 (corte abr-2026),VERIFICADO_AGREGADO,"0.00% del nacional (33,050 en 32 estados). Aparece en tabla de la página-estado."
E01-012,pagina-estado Aguascalientes · tabla,370,violación 2025 · Aguascalientes,BASES_NACIONALES/panorama_estatal_32.csv + BASES_NACIONALES/delitos_estatales_2015-2025/Estatal-Delitos-2015-2025_abr2026.csv,"panorama_estatal_32.csv columna [sesnsp_2025_violacion] fila clave_ent=1. Derivado de groupby(Clave_Ent, Subtipo)['_total'].sum() sobre base estatal 2015-2025 · filtros exactos: ver script _construir_panorama_v3.py",2025-12 (corte abr-2026),VERIFICADO_AGREGADO,"1.82% del nacional (20,280 en 32 estados). Aparece en tabla de la página-estado."
E01-013,pagina-estado Aguascalientes · tabla,"2,905",amenazas 2025 · Aguascalientes,BASES_NACIONALES/panorama_estatal_32.csv + BASES_NACIONALES/delitos_estatales_2015-2025/Estatal-Delitos-2015-2025_abr2026.csv,"panorama_estatal_32.csv columna [sesnsp_2025_amenazas] fila clave_ent=1. Derivado de groupby(Clave_Ent, Subtipo)['_total'].sum() sobre base estatal 2015-2025 · filtros exactos: ver script _construir_panorama_v3.py",2025-12 (corte abr-2026),VERIFICADO_AGREGADO,"2.09% del nacional (138,874 en 32 estados). Aparece en tabla de la página-estado."
E01-014,pagina-estado Aguascalientes · gráfico serie HD,38/39/82/75/91/72/75/70/85/112/86,Serie homicidio doloso 2015-2025 · Aguascalientes,BASES_NACIONALES/panorama_estatal_32.csv + BASES_NACIONALES/delitos_estatales_2015-2025/Estatal-Delitos-2015-2025_abr2026.csv,panorama_estatal_32.csv columnas serie_hd_2015..serie_hd_2025 fila clave_ent=1. base estatal única corte abr-2026 (11 años).,2025-12 (corte abr-2026),VERIFICADO_AGREGADO,Min: 38 · Max: 112 · Var %: -23.2% del pico
E01-015,pagina-estado Aguascalientes · ranking nacional,#19 de 32,Ranking nacional total carpetas 2025 · Aguascalientes,BASES_NACIONALES/panorama_estatal_32.csv + BASES_NACIONALES/delitos_estatales_2015-2025/Estatal-Delitos-2015-2025_abr2026.csv,panorama_estatal_32.csv columna [sesnsp_2025_total].rank(ascending=False) → posición de clave_ent=1,2025-12 (corte abr-2026),VERIFICADO_AGREGADO,1 = mayor incidencia · 32 = menor
E01-016,pagina-estado Aguascalientes · ranking nacional,#29 de 32,Ranking nacional homicidio doloso 2025 · Aguascalientes,BASES_NACIONALES/panorama_estatal_32.csv + BASES_NACIONALES/delitos_estatales_2015-2025/Estatal-Delitos-2015-2025_abr2026.csv,panorama_estatal_32.csv columna [sesnsp_2025_hd].rank(ascending=False) → posición de clave_ent=1,2025-12 (corte abr-2026),VERIFICADO_AGREGADO,1 = mayor incidencia · 32 = menor
E01-017,pagina-estado Aguascalientes · ranking nacional,#24 de 32,Ranking nacional extorsión 2025 · Aguascalientes,BASES_NACIONALES/panorama_estatal_32.csv + BASES_NACIONALES/delitos_estatales_2015-2025/Estatal-Delitos-2015-2025_abr2026.csv,panorama_estatal_32.csv columna [sesnsp_2025_extorsion].rank(ascending=False) → posición de clave_ent=1,2025-12 (corte abr-2026),VERIFICADO_AGREGADO,1 = mayor incidencia · 32 = menor
E01-018,pagina-estado Aguascalientes · ranking nacional,#31 de 32,Ranking nacional feminicidio 2025 · Aguascalientes,BASES_NACIONALES/panorama_estatal_32.csv + BASES_NACIONALES/delitos_estatales_2015-2025/Estatal-Delitos-2015-2025_abr2026.csv,panorama_estatal_32.csv columna [sesnsp_2025_feminicidio].rank(ascending=False) → posición de clave_ent=1,2025-12 (corte abr-2026),VERIFICADO_AGREGADO,1 = mayor incidencia · 32 = menor
E01-019,pagina-estado Aguascalientes · ranking nacional,#25 de 32,Ranking nacional violencia familiar 2025 · Aguascalientes,BASES_NACIONALES/panorama_estatal_32.csv + BASES_NACIONALES/delitos_estatales_2015-2025/Estatal-Delitos-2015-2025_abr2026.csv,panorama_estatal_32.csv columna [sesnsp_2025_violencia_familiar].rank(ascending=False) → posición de clave_ent=1,2025-12 (corte abr-2026),VERIFICADO_AGREGADO,1 = mayor incidencia · 32 = menor
E01-020,pagina-estado Aguascalientes · panel RNPDNO,499,RNPDNO desaparecidos activos · Aguascalientes · al 3-jun-2026,BASES_NACIONALES/panorama_estatal_32.csv + EXCEL - SEGURIDAD MORELOS/NUEVOS REPORTES DESAPARICIONES/activos_por_entidad.csv,panorama_estatal_32.csv columna [rnpdno_desaparecidos] fila clave_ent=1. Mapeo nombre INEGI → alias RNPDNO. Fuente primaria: dashboard oficial post-reforma RNPDNO.,2026-06-03,VERIFICADO_AGREGADO,
E01-021,pagina-estado Aguascalientes · panel RNPDNO,8,RNPDNO no localizados · Aguascalientes · al 3-jun-2026,BASES_NACIONALES/panorama_estatal_32.csv + EXCEL - SEGURIDAD MORELOS/NUEVOS REPORTES DESAPARICIONES/activos_por_entidad.csv,panorama_estatal_32.csv columna [rnpdno_no_localizados] fila clave_ent=1. Mapeo nombre INEGI → alias RNPDNO. Fuente primaria: dashboard oficial post-reforma RNPDNO.,2026-06-03,VERIFICADO_AGREGADO,
E01-022,pagina-estado Aguascalientes · panel RNPDNO,"6,451",RNPDNO localizados con vida · Aguascalientes · al 3-jun-2026,BASES_NACIONALES/panorama_estatal_32.csv + EXCEL - SEGURIDAD MORELOS/NUEVOS REPORTES DESAPARICIONES/activos_por_entidad.csv,panorama_estatal_32.csv columna [rnpdno_loc_con_vida] fila clave_ent=1. Mapeo nombre INEGI → alias RNPDNO. Fuente primaria: dashboard oficial post-reforma RNPDNO.,2026-06-03,VERIFICADO_AGREGADO,
E01-023,pagina-estado Aguascalientes · panel RNPDNO,226,RNPDNO localizados sin vida · Aguascalientes · al 3-jun-2026,BASES_NACIONALES/panorama_estatal_32.csv + EXCEL - SEGURIDAD MORELOS/NUEVOS REPORTES DESAPARICIONES/activos_por_entidad.csv,panorama_estatal_32.csv columna [rnpdno_loc_sin_vida] fila clave_ent=1. Mapeo nombre INEGI → alias RNPDNO. Fuente primaria: dashboard oficial post-reforma RNPDNO.,2026-06-03,VERIFICADO_AGREGADO,
E01-024,pagina-estado Aguascalientes · panel RNPDNO,507,RNPDNO activos totales (desap + no loc) · Aguascalientes · al 3-jun-2026,BASES_NACIONALES/panorama_estatal_32.csv + EXCEL - SEGURIDAD MORELOS/NUEVOS REPORTES DESAPARICIONES/activos_por_entidad.csv,panorama_estatal_32.csv columna [rnpdno_activos_total] fila clave_ent=1. Mapeo nombre INEGI → alias RNPDNO. Fuente primaria: dashboard oficial post-reforma RNPDNO.,2026-06-03,VERIFICADO_AGREGADO,0.38% del nacional
E01-025,pagina-estado Aguascalientes · ranking nacional RNPDNO,#29 de 32,Ranking nacional desaparecidos activos · Aguascalientes,BASES_NACIONALES/panorama_estatal_32.csv + EXCEL - SEGURIDAD MORELOS/NUEVOS REPORTES DESAPARICIONES/activos_por_entidad.csv,panorama_estatal_32.csv columna [rnpdno_activos_total].rank(ascending=False) → posición clave_ent=1,2026-06-03,VERIFICADO_AGREGADO,1 = mayor número de activos · 32 = menor
E01-026,pagina-estado Aguascalientes · KPI 2026 parcial,"13,214",Carpetas SESNSP 2026 parcial (ene-abr) · Aguascalientes,BASES_NACIONALES/panorama_estatal_32.csv + BASES_NACIONALES/delitos_estatales_RNID_2026/RNID-Delitos_Estatal-2026-abr2026.csv,panorama_estatal_32.csv columna [sesnsp_2026_parcial_total] fila clave_ent=1. RNID estatal 2026 corte abr-2026 · sum(Enero..Abril) por Clave_Ent · CON desglose por subtipo,2026-04 (corte abr-2026),VERIFICADO_AGREGADO,"2.03% del nacional T1 (652,342). Ritmo anualizado ×3 = 39,642 → +0.9% vs total 2025. Con desglose completo por subtipo (RNID estatal)."
E01-027,pagina-estado Aguascalientes · denominador tasas,"1,549,118",Población a mitad de año 2025 · Aguascalientes,BASES_NACIONALES/panorama_estatal_32.csv + BASES_NACIONALES/poblacion_estatal_conapo.csv (CONAPO pry23 · conapo.segob.gob.mx),"CONAPO pry23 00_Pob_Mitad_1950_2070.csv · sum(POBLACION) WHERE ANIO=2025 AND CVE_GEO=1 (todas edades y sexos). Validado: suma 32 entidades == nacional CVE_GEO=0 (133,367,428 · diff 0)",2025 (proyección pry23),VERIFICADO_AGREGADO,Denominador oficial para todas las tasas /100K del estado
E01-028,pagina-estado Aguascalientes · KPI tasa,5.55,tasa homicidio doloso por 100K hab 2025 · Aguascalientes,BASES_NACIONALES/panorama_estatal_32.csv + BASES_NACIONALES/poblacion_estatal_conapo.csv (CONAPO pry23 · conapo.segob.gob.mx),"panorama [sesnsp_2025_hd] (86) / poblacion_2025 (1,549,118) × 100,000 = 5.55",2024,VERIFICADO_AGREGADO,Ranking nacional por tasa: #26 de 32 (1 = mayor tasa)
E01-029,pagina-estado Aguascalientes · KPI tasa,0.258,"tasa feminicidio por 100K hab 2025 (poblacion total, declarado) · Aguascalientes",BASES_NACIONALES/panorama_estatal_32.csv + BASES_NACIONALES/poblacion_estatal_conapo.csv (CONAPO pry23 · conapo.segob.gob.mx),"panorama [sesnsp_2025_feminicidio] (4) / poblacion_2025 (1,549,118) × 100,000 = 0.258",2024,VERIFICADO_AGREGADO,Ranking nacional por tasa: #30 de 32 (1 = mayor tasa)
E01-030,pagina-estado Aguascalientes · KPI tasa,2536.3,tasa total carpetas por 100K hab 2025 · Aguascalientes,BASES_NACIONALES/panorama_estatal_32.csv + BASES_NACIONALES/poblacion_estatal_conapo.csv (CONAPO pry23 · conapo.segob.gob.mx),"panorama [sesnsp_2025_total] (39,291) / poblacion_2025 (1,549,118) × 100,000 = 2536.3",2024,VERIFICADO_AGREGADO,Ranking nacional por tasa: #5 de 32 (1 = mayor tasa)
E01-031,pagina-estado Aguascalientes · KPI tasa,32.7,tasa desaparecidos activos por 100K hab · Aguascalientes,BASES_NACIONALES/panorama_estatal_32.csv + BASES_NACIONALES/poblacion_estatal_conapo.csv (CONAPO pry23 · conapo.segob.gob.mx),"panorama [rnpdno_activos_total] (507) / poblacion_2025 (1,549,118) × 100,000 = 32.7",2024,VERIFICADO_AGREGADO,Ranking nacional por tasa: #27 de 32 (1 = mayor tasa)
E01-032,pagina-estado Aguascalientes · KPI tasa,0.0,tasa secuestro por 100K hab 2025 · Aguascalientes,BASES_NACIONALES/panorama_estatal_32.csv + BASES_NACIONALES/poblacion_estatal_conapo.csv (CONAPO pry23 · conapo.segob.gob.mx),"panorama [sesnsp_2025_secuestro] (0) / poblacion_2025 (1,549,118) × 100,000 = 0.0",2024,VERIFICADO_AGREGADO,Ranking nacional por tasa: #27 de 32 (1 = mayor tasa)
E01-033,pagina-estado Aguascalientes · KPI tasa,175.5,tasa violencia familiar por 100K hab 2025 · Aguascalientes,BASES_NACIONALES/panorama_estatal_32.csv + BASES_NACIONALES/poblacion_estatal_conapo.csv (CONAPO pry23 · conapo.segob.gob.mx),"panorama [sesnsp_2025_violencia_familiar] (2,719) / poblacion_2025 (1,549,118) × 100,000 = 175.5",2024,VERIFICADO_AGREGADO,Ranking nacional por tasa: #19 de 32 (1 = mayor tasa)
E01-034,pagina-estado Aguascalientes · KPI tasa,23.88,tasa violacion (simple+equiparada) por 100K hab 2025 · Aguascalientes,BASES_NACIONALES/panorama_estatal_32.csv + BASES_NACIONALES/poblacion_estatal_conapo.csv (CONAPO pry23 · conapo.segob.gob.mx),"panorama [sesnsp_2025_violacion] (370) / poblacion_2025 (1,549,118) × 100,000 = 23.88",2024,VERIFICADO_AGREGADO,Ranking nacional por tasa: #6 de 32 (1 = mayor tasa)
E02-001,pagina-estado Baja California · KPI,"91,936",total carpetas SESNSP 2025 · Baja California,BASES_NACIONALES/panorama_estatal_32.csv + BASES_NACIONALES/delitos_estatales_2015-2025/Estatal-Delitos-2015-2025_abr2026.csv,"panorama_estatal_32.csv columna [sesnsp_2025_total] fila clave_ent=2. Derivado de groupby(Clave_Ent, Subtipo)['_total'].sum() sobre base estatal 2015-2025 · filtros exactos: ver script _construir_panorama_v3.py",2025-12 (corte abr-2026),VERIFICADO_AGREGADO,"4.56% del nacional (2,016,723 en 32 estados). Aparece en KPI de la página-estado."
E02-002,pagina-estado Baja California · KPI,"1,530",homicidio doloso 2025 · Baja California,BASES_NACIONALES/panorama_estatal_32.csv + BASES_NACIONALES/delitos_estatales_2015-2025/Estatal-Delitos-2015-2025_abr2026.csv,"panorama_estatal_32.csv columna [sesnsp_2025_hd] fila clave_ent=2. Derivado de groupby(Clave_Ent, Subtipo)['_total'].sum() sobre base estatal 2015-2025 · filtros exactos: ver script _construir_panorama_v3.py",2025-12 (corte abr-2026),VERIFICADO_AGREGADO,"7.65% del nacional (19,987 en 32 estados). Aparece en KPI de la página-estado."
E02-003,pagina-estado Baja California · tabla,442,homicidio culposo 2025 · Baja California,BASES_NACIONALES/panorama_estatal_32.csv + BASES_NACIONALES/delitos_estatales_2015-2025/Estatal-Delitos-2015-2025_abr2026.csv,"panorama_estatal_32.csv columna [sesnsp_2025_hc] fila clave_ent=2. Derivado de groupby(Clave_Ent, Subtipo)['_total'].sum() sobre base estatal 2015-2025 · filtros exactos: ver script _construir_panorama_v3.py",2025-12 (corte abr-2026),VERIFICADO_AGREGADO,"2.61% del nacional (16,945 en 32 estados). Aparece en tabla de la página-estado."
E02-004,pagina-estado Baja California · KPI,33,feminicidio 2025 · Baja California,BASES_NACIONALES/panorama_estatal_32.csv + BASES_NACIONALES/delitos_estatales_2015-2025/Estatal-Delitos-2015-2025_abr2026.csv,"panorama_estatal_32.csv columna [sesnsp_2025_feminicidio] fila clave_ent=2. Derivado de groupby(Clave_Ent, Subtipo)['_total'].sum() sobre base estatal 2015-2025 · filtros exactos: ver script _construir_panorama_v3.py",2025-12 (corte abr-2026),VERIFICADO_AGREGADO,4.64% del nacional (711 en 32 estados). Aparece en KPI de la página-estado.
E02-005,pagina-estado Baja California · KPI,89,extorsión 2025 · Baja California,BASES_NACIONALES/panorama_estatal_32.csv + BASES_NACIONALES/delitos_estatales_2015-2025/Estatal-Delitos-2015-2025_abr2026.csv,"panorama_estatal_32.csv columna [sesnsp_2025_extorsion] fila clave_ent=2. Derivado de groupby(Clave_Ent, Subtipo)['_total'].sum() sobre base estatal 2015-2025 · filtros exactos: ver script _construir_panorama_v3.py",2025-12 (corte abr-2026),VERIFICADO_AGREGADO,"0.85% del nacional (10,507 en 32 estados). Aparece en KPI de la página-estado."
E02-006,pagina-estado Baja California · tabla,4,secuestro 2025 · Baja California,BASES_NACIONALES/panorama_estatal_32.csv + BASES_NACIONALES/delitos_estatales_2015-2025/Estatal-Delitos-2015-2025_abr2026.csv,"panorama_estatal_32.csv columna [sesnsp_2025_secuestro] fila clave_ent=2. Derivado de groupby(Clave_Ent, Subtipo)['_total'].sum() sobre base estatal 2015-2025 · filtros exactos: ver script _construir_panorama_v3.py",2025-12 (corte abr-2026),VERIFICADO_AGREGADO,0.86% del nacional (464 en 32 estados). Aparece en tabla de la página-estado.
E02-007,pagina-estado Baja California · tabla,"8,622",narcomenudeo 2025 · Baja California,BASES_NACIONALES/panorama_estatal_32.csv + BASES_NACIONALES/delitos_estatales_2015-2025/Estatal-Delitos-2015-2025_abr2026.csv,"panorama_estatal_32.csv columna [sesnsp_2025_narcomenudeo] fila clave_ent=2. Derivado de groupby(Clave_Ent, Subtipo)['_total'].sum() sobre base estatal 2015-2025 · filtros exactos: ver script _construir_panorama_v3.py",2025-12 (corte abr-2026),VERIFICADO_AGREGADO,"8.27% del nacional (104,207 en 32 estados). Aparece en tabla de la página-estado."
E02-008,pagina-estado Baja California · KPI,"15,463",violencia familiar 2025 · Baja California,BASES_NACIONALES/panorama_estatal_32.csv + BASES_NACIONALES/delitos_estatales_2015-2025/Estatal-Delitos-2015-2025_abr2026.csv,"panorama_estatal_32.csv columna [sesnsp_2025_violencia_familiar] fila clave_ent=2. Derivado de groupby(Clave_Ent, Subtipo)['_total'].sum() sobre base estatal 2015-2025 · filtros exactos: ver script _construir_panorama_v3.py",2025-12 (corte abr-2026),VERIFICADO_AGREGADO,"5.80% del nacional (266,760 en 32 estados). Aparece en KPI de la página-estado."
E02-009,pagina-estado Baja California · tabla,"21,272",robo (amplio · incluye allanamiento) 2025 · Baja California,BASES_NACIONALES/panorama_estatal_32.csv + BASES_NACIONALES/delitos_estatales_2015-2025/Estatal-Delitos-2015-2025_abr2026.csv,"panorama_estatal_32.csv columna [sesnsp_2025_robo_amplio] fila clave_ent=2. Derivado de groupby(Clave_Ent, Subtipo)['_total'].sum() sobre base estatal 2015-2025 · filtros exactos: ver script _construir_panorama_v3.py",2025-12 (corte abr-2026),VERIFICADO_AGREGADO,"4.48% del nacional (474,378 en 32 estados). Aparece en tabla de la página-estado."
E02-010,pagina-estado Baja California · tabla,"4,748",lesiones dolosas 2025 · Baja California,BASES_NACIONALES/panorama_estatal_32.csv + BASES_NACIONALES/delitos_estatales_2015-2025/Estatal-Delitos-2015-2025_abr2026.csv,"panorama_estatal_32.csv columna [sesnsp_2025_lesiones_dolosas] fila clave_ent=2. Derivado de groupby(Clave_Ent, Subtipo)['_total'].sum() sobre base estatal 2015-2025 · filtros exactos: ver script _construir_panorama_v3.py",2025-12 (corte abr-2026),VERIFICADO_AGREGADO,"3.03% del nacional (156,623 en 32 estados). Aparece en tabla de la página-estado."
E02-011,pagina-estado Baja California · tabla,"1,590",abuso sexual 2025 · Baja California,BASES_NACIONALES/panorama_estatal_32.csv + BASES_NACIONALES/delitos_estatales_2015-2025/Estatal-Delitos-2015-2025_abr2026.csv,"panorama_estatal_32.csv columna [sesnsp_2025_abuso_sexual] fila clave_ent=2. Derivado de groupby(Clave_Ent, Subtipo)['_total'].sum() sobre base estatal 2015-2025 · filtros exactos: ver script _construir_panorama_v3.py",2025-12 (corte abr-2026),VERIFICADO_AGREGADO,"4.81% del nacional (33,050 en 32 estados). Aparece en tabla de la página-estado."
E02-012,pagina-estado Baja California · tabla,804,violación 2025 · Baja California,BASES_NACIONALES/panorama_estatal_32.csv + BASES_NACIONALES/delitos_estatales_2015-2025/Estatal-Delitos-2015-2025_abr2026.csv,"panorama_estatal_32.csv columna [sesnsp_2025_violacion] fila clave_ent=2. Derivado de groupby(Clave_Ent, Subtipo)['_total'].sum() sobre base estatal 2015-2025 · filtros exactos: ver script _construir_panorama_v3.py",2025-12 (corte abr-2026),VERIFICADO_AGREGADO,"3.96% del nacional (20,280 en 32 estados). Aparece en tabla de la página-estado."
E02-013,pagina-estado Baja California · tabla,"4,033",amenazas 2025 · Baja California,BASES_NACIONALES/panorama_estatal_32.csv + BASES_NACIONALES/delitos_estatales_2015-2025/Estatal-Delitos-2015-2025_abr2026.csv,"panorama_estatal_32.csv columna [sesnsp_2025_amenazas] fila clave_ent=2. Derivado de groupby(Clave_Ent, Subtipo)['_total'].sum() sobre base estatal 2015-2025 · filtros exactos: ver script _construir_panorama_v3.py",2025-12 (corte abr-2026),VERIFICADO_AGREGADO,"2.90% del nacional (138,874 en 32 estados). Aparece en tabla de la página-estado."
E02-014,pagina-estado Baja California · gráfico serie HD,821/1168/2084/2798/2606/2629/2670/2399/2116/2089/1530,Serie homicidio doloso 2015-2025 · Baja California,BASES_NACIONALES/panorama_estatal_32.csv + BASES_NACIONALES/delitos_estatales_2015-2025/Estatal-Delitos-2015-2025_abr2026.csv,panorama_estatal_32.csv columnas serie_hd_2015..serie_hd_2025 fila clave_ent=2. base estatal única corte abr-2026 (11 años).,2025-12 (corte abr-2026),VERIFICADO_AGREGADO,Min: 821 · Max: 2798 · Var %: -45.3% del pico
E02-015,pagina-estado Baja California · ranking nacional,#5 de 32,Ranking nacional total carpetas 2025 · Baja California,BASES_NACIONALES/panorama_estatal_32.csv + BASES_NACIONALES/delitos_estatales_2015-2025/Estatal-Delitos-2015-2025_abr2026.csv,panorama_estatal_32.csv columna [sesnsp_2025_total].rank(ascending=False) → posición de clave_ent=2,2025-12 (corte abr-2026),VERIFICADO_AGREGADO,1 = mayor incidencia · 32 = menor
E02-016,pagina-estado Baja California · ranking nacional,#2 de 32,Ranking nacional homicidio doloso 2025 · Baja California,BASES_NACIONALES/panorama_estatal_32.csv + BASES_NACIONALES/delitos_estatales_2015-2025/Estatal-Delitos-2015-2025_abr2026.csv,panorama_estatal_32.csv columna [sesnsp_2025_hd].rank(ascending=False) → posición de clave_ent=2,2025-12 (corte abr-2026),VERIFICADO_AGREGADO,1 = mayor incidencia · 32 = menor
E02-017,pagina-estado Baja California · ranking nacional,#20 de 32,Ranking nacional extorsión 2025 · Baja California,BASES_NACIONALES/panorama_estatal_32.csv + BASES_NACIONALES/delitos_estatales_2015-2025/Estatal-Delitos-2015-2025_abr2026.csv,panorama_estatal_32.csv columna [sesnsp_2025_extorsion].rank(ascending=False) → posición de clave_ent=2,2025-12 (corte abr-2026),VERIFICADO_AGREGADO,1 = mayor incidencia · 32 = menor
E02-018,pagina-estado Baja California · ranking nacional,#8 de 32,Ranking nacional feminicidio 2025 · Baja California,BASES_NACIONALES/panorama_estatal_32.csv + BASES_NACIONALES/delitos_estatales_2015-2025/Estatal-Delitos-2015-2025_abr2026.csv,panorama_estatal_32.csv columna [sesnsp_2025_feminicidio].rank(ascending=False) → posición de clave_ent=2,2025-12 (corte abr-2026),VERIFICADO_AGREGADO,1 = mayor incidencia · 32 = menor
E02-019,pagina-estado Baja California · ranking nacional,#5 de 32,Ranking nacional violencia familiar 2025 · Baja California,BASES_NACIONALES/panorama_estatal_32.csv + BASES_NACIONALES/delitos_estatales_2015-2025/Estatal-Delitos-2015-2025_abr2026.csv,panorama_estatal_32.csv columna [sesnsp_2025_violencia_familiar].rank(ascending=False) → posición de clave_ent=2,2025-12 (corte abr-2026),VERIFICADO_AGREGADO,1 = mayor incidencia · 32 = menor
E02-020,pagina-estado Baja California · panel RNPDNO,"5,146",RNPDNO desaparecidos activos · Baja California · al 3-jun-2026,BASES_NACIONALES/panorama_estatal_32.csv + EXCEL - SEGURIDAD MORELOS/NUEVOS REPORTES DESAPARICIONES/activos_por_entidad.csv,panorama_estatal_32.csv columna [rnpdno_desaparecidos] fila clave_ent=2. Mapeo nombre INEGI → alias RNPDNO. Fuente primaria: dashboard oficial post-reforma RNPDNO.,2026-06-03,VERIFICADO_AGREGADO,
E02-021,pagina-estado Baja California · panel RNPDNO,51,RNPDNO no localizados · Baja California · al 3-jun-2026,BASES_NACIONALES/panorama_estatal_32.csv + EXCEL - SEGURIDAD MORELOS/NUEVOS REPORTES DESAPARICIONES/activos_por_entidad.csv,panorama_estatal_32.csv columna [rnpdno_no_localizados] fila clave_ent=2. Mapeo nombre INEGI → alias RNPDNO. Fuente primaria: dashboard oficial post-reforma RNPDNO.,2026-06-03,VERIFICADO_AGREGADO,
E02-022,pagina-estado Baja California · panel RNPDNO,"3,383",RNPDNO localizados con vida · Baja California · al 3-jun-2026,BASES_NACIONALES/panorama_estatal_32.csv + EXCEL - SEGURIDAD MORELOS/NUEVOS REPORTES DESAPARICIONES/activos_por_entidad.csv,panorama_estatal_32.csv columna [rnpdno_loc_con_vida] fila clave_ent=2. Mapeo nombre INEGI → alias RNPDNO. Fuente primaria: dashboard oficial post-reforma RNPDNO.,2026-06-03,VERIFICADO_AGREGADO,
E02-023,pagina-estado Baja California · panel RNPDNO,273,RNPDNO localizados sin vida · Baja California · al 3-jun-2026,BASES_NACIONALES/panorama_estatal_32.csv + EXCEL - SEGURIDAD MORELOS/NUEVOS REPORTES DESAPARICIONES/activos_por_entidad.csv,panorama_estatal_32.csv columna [rnpdno_loc_sin_vida] fila clave_ent=2. Mapeo nombre INEGI → alias RNPDNO. Fuente primaria: dashboard oficial post-reforma RNPDNO.,2026-06-03,VERIFICADO_AGREGADO,
E02-024,pagina-estado Baja California · panel RNPDNO,"5,197",RNPDNO activos totales (desap + no loc) · Baja California · al 3-jun-2026,BASES_NACIONALES/panorama_estatal_32.csv + EXCEL - SEGURIDAD MORELOS/NUEVOS REPORTES DESAPARICIONES/activos_por_entidad.csv,panorama_estatal_32.csv columna [rnpdno_activos_total] fila clave_ent=2. Mapeo nombre INEGI → alias RNPDNO. Fuente primaria: dashboard oficial post-reforma RNPDNO.,2026-06-03,VERIFICADO_AGREGADO,3.88% del nacional
E02-025,pagina-estado Baja California · ranking nacional RNPDNO,#11 de 32,Ranking nacional desaparecidos activos · Baja California,BASES_NACIONALES/panorama_estatal_32.csv + EXCEL - SEGURIDAD MORELOS/NUEVOS REPORTES DESAPARICIONES/activos_por_entidad.csv,panorama_estatal_32.csv columna [rnpdno_activos_total].rank(ascending=False) → posición clave_ent=2,2026-06-03,VERIFICADO_AGREGADO,1 = mayor número de activos · 32 = menor
E02-026,pagina-estado Baja California · KPI 2026 parcial,"30,062",Carpetas SESNSP 2026 parcial (ene-abr) · Baja California,BASES_NACIONALES/panorama_estatal_32.csv + BASES_NACIONALES/delitos_estatales_RNID_2026/RNID-Delitos_Estatal-2026-abr2026.csv,panorama_estatal_32.csv columna [sesnsp_2026_parcial_total] fila clave_ent=2. RNID estatal 2026 corte abr-2026 · sum(Enero..Abril) por Clave_Ent · CON desglose por subtipo,2026-04 (corte abr-2026),VERIFICADO_AGREGADO,"4.61% del nacional T1 (652,342). Ritmo anualizado ×3 = 90,186 → -1.9% vs total 2025. Con desglose completo por subtipo (RNID estatal)."
E02-027,pagina-estado Baja California · denominador tasas,"4,131,619",Población a mitad de año 2025 · Baja California,BASES_NACIONALES/panorama_estatal_32.csv + BASES_NACIONALES/poblacion_estatal_conapo.csv (CONAPO pry23 · conapo.segob.gob.mx),"CONAPO pry23 00_Pob_Mitad_1950_2070.csv · sum(POBLACION) WHERE ANIO=2025 AND CVE_GEO=2 (todas edades y sexos). Validado: suma 32 entidades == nacional CVE_GEO=0 (133,367,428 · diff 0)",2025 (proyección pry23),VERIFICADO_AGREGADO,Denominador oficial para todas las tasas /100K del estado
E02-028,pagina-estado Baja California · KPI tasa,37.03,tasa homicidio doloso por 100K hab 2025 · Baja California,BASES_NACIONALES/panorama_estatal_32.csv + BASES_NACIONALES/poblacion_estatal_conapo.csv (CONAPO pry23 · conapo.segob.gob.mx),"panorama [sesnsp_2025_hd] (1,530) / poblacion_2025 (4,131,619) × 100,000 = 37.03",2024,VERIFICADO_AGREGADO,Ranking nacional por tasa: #4 de 32 (1 = mayor tasa)
E02-029,pagina-estado Baja California · KPI tasa,0.799,"tasa feminicidio por 100K hab 2025 (poblacion total, declarado) · Baja California",BASES_NACIONALES/panorama_estatal_32.csv + BASES_NACIONALES/poblacion_estatal_conapo.csv (CONAPO pry23 · conapo.segob.gob.mx),"panorama [sesnsp_2025_feminicidio] (33) / poblacion_2025 (4,131,619) × 100,000 = 0.799",2024,VERIFICADO_AGREGADO,Ranking nacional por tasa: #6 de 32 (1 = mayor tasa)
E02-030,pagina-estado Baja California · KPI tasa,2225.2,tasa total carpetas por 100K hab 2025 · Baja California,BASES_NACIONALES/panorama_estatal_32.csv + BASES_NACIONALES/poblacion_estatal_conapo.csv (CONAPO pry23 · conapo.segob.gob.mx),"panorama [sesnsp_2025_total] (91,936) / poblacion_2025 (4,131,619) × 100,000 = 2225.2",2024,VERIFICADO_AGREGADO,Ranking nacional por tasa: #7 de 32 (1 = mayor tasa)
E02-031,pagina-estado Baja California · KPI tasa,125.8,tasa desaparecidos activos por 100K hab · Baja California,BASES_NACIONALES/panorama_estatal_32.csv + BASES_NACIONALES/poblacion_estatal_conapo.csv (CONAPO pry23 · conapo.segob.gob.mx),"panorama [rnpdno_activos_total] (5,197) / poblacion_2025 (4,131,619) × 100,000 = 125.8",2024,VERIFICADO_AGREGADO,Ranking nacional por tasa: #11 de 32 (1 = mayor tasa)
E02-032,pagina-estado Baja California · KPI tasa,0.097,tasa secuestro por 100K hab 2025 · Baja California,BASES_NACIONALES/panorama_estatal_32.csv + BASES_NACIONALES/poblacion_estatal_conapo.csv (CONAPO pry23 · conapo.segob.gob.mx),"panorama [sesnsp_2025_secuestro] (4) / poblacion_2025 (4,131,619) × 100,000 = 0.097",2024,VERIFICADO_AGREGADO,Ranking nacional por tasa: #26 de 32 (1 = mayor tasa)
E02-033,pagina-estado Baja California · KPI tasa,374.3,tasa violencia familiar por 100K hab 2025 · Baja California,BASES_NACIONALES/panorama_estatal_32.csv + BASES_NACIONALES/poblacion_estatal_conapo.csv (CONAPO pry23 · conapo.segob.gob.mx),"panorama [sesnsp_2025_violencia_familiar] (15,463) / poblacion_2025 (4,131,619) × 100,000 = 374.3",2024,VERIFICADO_AGREGADO,Ranking nacional por tasa: #3 de 32 (1 = mayor tasa)
E02-034,pagina-estado Baja California · KPI tasa,19.46,tasa violacion (simple+equiparada) por 100K hab 2025 · Baja California,BASES_NACIONALES/panorama_estatal_32.csv + BASES_NACIONALES/poblacion_estatal_conapo.csv (CONAPO pry23 · conapo.segob.gob.mx),"panorama [sesnsp_2025_violacion] (804) / poblacion_2025 (4,131,619) × 100,000 = 19.46",2024,VERIFICADO_AGREGADO,Ranking nacional por tasa: #14 de 32 (1 = mayor tasa)
E03-001,pagina-estado Baja California Sur · KPI,"24,740",total carpetas SESNSP 2025 · Baja California Sur,BASES_NACIONALES/panorama_estatal_32.csv + BASES_NACIONALES/delitos_estatales_2015-2025/Estatal-Delitos-2015-2025_abr2026.csv,"panorama_estatal_32.csv columna [sesnsp_2025_total] fila clave_ent=3. Derivado de groupby(Clave_Ent, Subtipo)['_total'].sum() sobre base estatal 2015-2025 · filtros exactos: ver script _construir_panorama_v3.py",2025-12 (corte abr-2026),VERIFICADO_AGREGADO,"1.23% del nacional (2,016,723 en 32 estados). Aparece en KPI de la página-estado."
E03-002,pagina-estado Baja California Sur · KPI,113,homicidio doloso 2025 · Baja California Sur,BASES_NACIONALES/panorama_estatal_32.csv + BASES_NACIONALES/delitos_estatales_2015-2025/Estatal-Delitos-2015-2025_abr2026.csv,"panorama_estatal_32.csv columna [sesnsp_2025_hd] fila clave_ent=3. Derivado de groupby(Clave_Ent, Subtipo)['_total'].sum() sobre base estatal 2015-2025 · filtros exactos: ver script _construir_panorama_v3.py",2025-12 (corte abr-2026),VERIFICADO_AGREGADO,"0.57% del nacional (19,987 en 32 estados). Aparece en KPI de la página-estado."
E03-003,pagina-estado Baja California Sur · tabla,115,homicidio culposo 2025 · Baja California Sur,BASES_NACIONALES/panorama_estatal_32.csv + BASES_NACIONALES/delitos_estatales_2015-2025/Estatal-Delitos-2015-2025_abr2026.csv,"panorama_estatal_32.csv columna [sesnsp_2025_hc] fila clave_ent=3. Derivado de groupby(Clave_Ent, Subtipo)['_total'].sum() sobre base estatal 2015-2025 · filtros exactos: ver script _construir_panorama_v3.py",2025-12 (corte abr-2026),VERIFICADO_AGREGADO,"0.68% del nacional (16,945 en 32 estados). Aparece en tabla de la página-estado."
E03-004,pagina-estado Baja California Sur · KPI,6,feminicidio 2025 · Baja California Sur,BASES_NACIONALES/panorama_estatal_32.csv + BASES_NACIONALES/delitos_estatales_2015-2025/Estatal-Delitos-2015-2025_abr2026.csv,"panorama_estatal_32.csv columna [sesnsp_2025_feminicidio] fila clave_ent=3. Derivado de groupby(Clave_Ent, Subtipo)['_total'].sum() sobre base estatal 2015-2025 · filtros exactos: ver script _construir_panorama_v3.py",2025-12 (corte abr-2026),VERIFICADO_AGREGADO,0.84% del nacional (711 en 32 estados). Aparece en KPI de la página-estado.
E03-005,pagina-estado Baja California Sur · KPI,138,extorsión 2025 · Baja California Sur,BASES_NACIONALES/panorama_estatal_32.csv + BASES_NACIONALES/delitos_estatales_2015-2025/Estatal-Delitos-2015-2025_abr2026.csv,"panorama_estatal_32.csv columna [sesnsp_2025_extorsion] fila clave_ent=3. Derivado de groupby(Clave_Ent, Subtipo)['_total'].sum() sobre base estatal 2015-2025 · filtros exactos: ver script _construir_panorama_v3.py",2025-12 (corte abr-2026),VERIFICADO_AGREGADO,"1.31% del nacional (10,507 en 32 estados). Aparece en KPI de la página-estado."
E03-006,pagina-estado Baja California Sur · tabla,2,secuestro 2025 · Baja California Sur,BASES_NACIONALES/panorama_estatal_32.csv + BASES_NACIONALES/delitos_estatales_2015-2025/Estatal-Delitos-2015-2025_abr2026.csv,"panorama_estatal_32.csv columna [sesnsp_2025_secuestro] fila clave_ent=3. Derivado de groupby(Clave_Ent, Subtipo)['_total'].sum() sobre base estatal 2015-2025 · filtros exactos: ver script _construir_panorama_v3.py",2025-12 (corte abr-2026),VERIFICADO_AGREGADO,0.43% del nacional (464 en 32 estados). Aparece en tabla de la página-estado.
E03-007,pagina-estado Baja California Sur · tabla,"1,048",narcomenudeo 2025 · Baja California Sur,BASES_NACIONALES/panorama_estatal_32.csv + BASES_NACIONALES/delitos_estatales_2015-2025/Estatal-Delitos-2015-2025_abr2026.csv,"panorama_estatal_32.csv columna [sesnsp_2025_narcomenudeo] fila clave_ent=3. Derivado de groupby(Clave_Ent, Subtipo)['_total'].sum() sobre base estatal 2015-2025 · filtros exactos: ver script _construir_panorama_v3.py",2025-12 (corte abr-2026),VERIFICADO_AGREGADO,"1.01% del nacional (104,207 en 32 estados). Aparece en tabla de la página-estado."
E03-008,pagina-estado Baja California Sur · KPI,"3,292",violencia familiar 2025 · Baja California Sur,BASES_NACIONALES/panorama_estatal_32.csv + BASES_NACIONALES/delitos_estatales_2015-2025/Estatal-Delitos-2015-2025_abr2026.csv,"panorama_estatal_32.csv columna [sesnsp_2025_violencia_familiar] fila clave_ent=3. Derivado de groupby(Clave_Ent, Subtipo)['_total'].sum() sobre base estatal 2015-2025 · filtros exactos: ver script _construir_panorama_v3.py",2025-12 (corte abr-2026),VERIFICADO_AGREGADO,"1.23% del nacional (266,760 en 32 estados). Aparece en KPI de la página-estado."
E03-009,pagina-estado Baja California Sur · tabla,"5,198",robo (amplio · incluye allanamiento) 2025 · Baja California Sur,BASES_NACIONALES/panorama_estatal_32.csv + BASES_NACIONALES/delitos_estatales_2015-2025/Estatal-Delitos-2015-2025_abr2026.csv,"panorama_estatal_32.csv columna [sesnsp_2025_robo_amplio] fila clave_ent=3. Derivado de groupby(Clave_Ent, Subtipo)['_total'].sum() sobre base estatal 2015-2025 · filtros exactos: ver script _construir_panorama_v3.py",2025-12 (corte abr-2026),VERIFICADO_AGREGADO,"1.10% del nacional (474,378 en 32 estados). Aparece en tabla de la página-estado."
E03-010,pagina-estado Baja California Sur · tabla,"1,764",lesiones dolosas 2025 · Baja California Sur,BASES_NACIONALES/panorama_estatal_32.csv + BASES_NACIONALES/delitos_estatales_2015-2025/Estatal-Delitos-2015-2025_abr2026.csv,"panorama_estatal_32.csv columna [sesnsp_2025_lesiones_dolosas] fila clave_ent=3. Derivado de groupby(Clave_Ent, Subtipo)['_total'].sum() sobre base estatal 2015-2025 · filtros exactos: ver script _construir_panorama_v3.py",2025-12 (corte abr-2026),VERIFICADO_AGREGADO,"1.13% del nacional (156,623 en 32 estados). Aparece en tabla de la página-estado."
E03-011,pagina-estado Baja California Sur · tabla,405,abuso sexual 2025 · Baja California Sur,BASES_NACIONALES/panorama_estatal_32.csv + BASES_NACIONALES/delitos_estatales_2015-2025/Estatal-Delitos-2015-2025_abr2026.csv,"panorama_estatal_32.csv columna [sesnsp_2025_abuso_sexual] fila clave_ent=3. Derivado de groupby(Clave_Ent, Subtipo)['_total'].sum() sobre base estatal 2015-2025 · filtros exactos: ver script _construir_panorama_v3.py",2025-12 (corte abr-2026),VERIFICADO_AGREGADO,"1.23% del nacional (33,050 en 32 estados). Aparece en tabla de la página-estado."
E03-012,pagina-estado Baja California Sur · tabla,239,violación 2025 · Baja California Sur,BASES_NACIONALES/panorama_estatal_32.csv + BASES_NACIONALES/delitos_estatales_2015-2025/Estatal-Delitos-2015-2025_abr2026.csv,"panorama_estatal_32.csv columna [sesnsp_2025_violacion] fila clave_ent=3. Derivado de groupby(Clave_Ent, Subtipo)['_total'].sum() sobre base estatal 2015-2025 · filtros exactos: ver script _construir_panorama_v3.py",2025-12 (corte abr-2026),VERIFICADO_AGREGADO,"1.18% del nacional (20,280 en 32 estados). Aparece en tabla de la página-estado."
E03-013,pagina-estado Baja California Sur · tabla,"2,398",amenazas 2025 · Baja California Sur,BASES_NACIONALES/panorama_estatal_32.csv + BASES_NACIONALES/delitos_estatales_2015-2025/Estatal-Delitos-2015-2025_abr2026.csv,"panorama_estatal_32.csv columna [sesnsp_2025_amenazas] fila clave_ent=3. Derivado de groupby(Clave_Ent, Subtipo)['_total'].sum() sobre base estatal 2015-2025 · filtros exactos: ver script _construir_panorama_v3.py",2025-12 (corte abr-2026),VERIFICADO_AGREGADO,"1.73% del nacional (138,874 en 32 estados). Aparece en tabla de la página-estado."
E03-014,pagina-estado Baja California Sur · gráfico serie HD,151/216/610/162/81/62/48/39/24/56/113,Serie homicidio doloso 2015-2025 · Baja California Sur,BASES_NACIONALES/panorama_estatal_32.csv + BASES_NACIONALES/delitos_estatales_2015-2025/Estatal-Delitos-2015-2025_abr2026.csv,panorama_estatal_32.csv columnas serie_hd_2015..serie_hd_2025 fila clave_ent=3. base estatal única corte abr-2026 (11 años).,2025-12 (corte abr-2026),VERIFICADO_AGREGADO,Min: 24 · Max: 610 · Var %: -81.5% del pico
E03-015,pagina-estado Baja California Sur · ranking nacional,#25 de 32,Ranking nacional total carpetas 2025 · Baja California Sur,BASES_NACIONALES/panorama_estatal_32.csv + BASES_NACIONALES/delitos_estatales_2015-2025/Estatal-Delitos-2015-2025_abr2026.csv,panorama_estatal_32.csv columna [sesnsp_2025_total].rank(ascending=False) → posición de clave_ent=3,2025-12 (corte abr-2026),VERIFICADO_AGREGADO,1 = mayor incidencia · 32 = menor
E03-016,pagina-estado Baja California Sur · ranking nacional,#26 de 32,Ranking nacional homicidio doloso 2025 · Baja California Sur,BASES_NACIONALES/panorama_estatal_32.csv + BASES_NACIONALES/delitos_estatales_2015-2025/Estatal-Delitos-2015-2025_abr2026.csv,panorama_estatal_32.csv columna [sesnsp_2025_hd].rank(ascending=False) → posición de clave_ent=3,2025-12 (corte abr-2026),VERIFICADO_AGREGADO,1 = mayor incidencia · 32 = menor
E03-017,pagina-estado Baja California Sur · ranking nacional,#16 de 32,Ranking nacional extorsión 2025 · Baja California Sur,BASES_NACIONALES/panorama_estatal_32.csv + BASES_NACIONALES/delitos_estatales_2015-2025/Estatal-Delitos-2015-2025_abr2026.csv,panorama_estatal_32.csv columna [sesnsp_2025_extorsion].rank(ascending=False) → posición de clave_ent=3,2025-12 (corte abr-2026),VERIFICADO_AGREGADO,1 = mayor incidencia · 32 = menor
E03-018,pagina-estado Baja California Sur · ranking nacional,#29 de 32,Ranking nacional feminicidio 2025 · Baja California Sur,BASES_NACIONALES/panorama_estatal_32.csv + BASES_NACIONALES/delitos_estatales_2015-2025/Estatal-Delitos-2015-2025_abr2026.csv,panorama_estatal_32.csv columna [sesnsp_2025_feminicidio].rank(ascending=False) → posición de clave_ent=3,2025-12 (corte abr-2026),VERIFICADO_AGREGADO,1 = mayor incidencia · 32 = menor
E03-019,pagina-estado Baja California Sur · ranking nacional,#24 de 32,Ranking nacional violencia familiar 2025 · Baja California Sur,BASES_NACIONALES/panorama_estatal_32.csv + BASES_NACIONALES/delitos_estatales_2015-2025/Estatal-Delitos-2015-2025_abr2026.csv,panorama_estatal_32.csv columna [sesnsp_2025_violencia_familiar].rank(ascending=False) → posición de clave_ent=3,2025-12 (corte abr-2026),VERIFICADO_AGREGADO,1 = mayor incidencia · 32 = menor
E03-020,pagina-estado Baja California Sur · panel RNPDNO,"1,159",RNPDNO desaparecidos activos · Baja California Sur · al 3-jun-2026,BASES_NACIONALES/panorama_estatal_32.csv + EXCEL - SEGURIDAD MORELOS/NUEVOS REPORTES DESAPARICIONES/activos_por_entidad.csv,panorama_estatal_32.csv columna [rnpdno_desaparecidos] fila clave_ent=3. Mapeo nombre INEGI → alias RNPDNO. Fuente primaria: dashboard oficial post-reforma RNPDNO.,2026-06-03,VERIFICADO_AGREGADO,
E03-021,pagina-estado Baja California Sur · panel RNPDNO,16,RNPDNO no localizados · Baja California Sur · al 3-jun-2026,BASES_NACIONALES/panorama_estatal_32.csv + EXCEL - SEGURIDAD MORELOS/NUEVOS REPORTES DESAPARICIONES/activos_por_entidad.csv,panorama_estatal_32.csv columna [rnpdno_no_localizados] fila clave_ent=3. Mapeo nombre INEGI → alias RNPDNO. Fuente primaria: dashboard oficial post-reforma RNPDNO.,2026-06-03,VERIFICADO_AGREGADO,
E03-022,pagina-estado Baja California Sur · panel RNPDNO,"2,134",RNPDNO localizados con vida · Baja California Sur · al 3-jun-2026,BASES_NACIONALES/panorama_estatal_32.csv + EXCEL - SEGURIDAD MORELOS/NUEVOS REPORTES DESAPARICIONES/activos_por_entidad.csv,panorama_estatal_32.csv columna [rnpdno_loc_con_vida] fila clave_ent=3. Mapeo nombre INEGI → alias RNPDNO. Fuente primaria: dashboard oficial post-reforma RNPDNO.,2026-06-03,VERIFICADO_AGREGADO,
E03-023,pagina-estado Baja California Sur · panel RNPDNO,301,RNPDNO localizados sin vida · Baja California Sur · al 3-jun-2026,BASES_NACIONALES/panorama_estatal_32.csv + EXCEL - SEGURIDAD MORELOS/NUEVOS REPORTES DESAPARICIONES/activos_por_entidad.csv,panorama_estatal_32.csv columna [rnpdno_loc_sin_vida] fila clave_ent=3. Mapeo nombre INEGI → alias RNPDNO. Fuente primaria: dashboard oficial post-reforma RNPDNO.,2026-06-03,VERIFICADO_AGREGADO,
E03-024,pagina-estado Baja California Sur · panel RNPDNO,"1,175",RNPDNO activos totales (desap + no loc) · Baja California Sur · al 3-jun-2026,BASES_NACIONALES/panorama_estatal_32.csv + EXCEL - SEGURIDAD MORELOS/NUEVOS REPORTES DESAPARICIONES/activos_por_entidad.csv,panorama_estatal_32.csv columna [rnpdno_activos_total] fila clave_ent=3. Mapeo nombre INEGI → alias RNPDNO. Fuente primaria: dashboard oficial post-reforma RNPDNO.,2026-06-03,VERIFICADO_AGREGADO,0.88% del nacional
E03-025,pagina-estado Baja California Sur · ranking nacional RNPDNO,#25 de 32,Ranking nacional desaparecidos activos · Baja California Sur,BASES_NACIONALES/panorama_estatal_32.csv + EXCEL - SEGURIDAD MORELOS/NUEVOS REPORTES DESAPARICIONES/activos_por_entidad.csv,panorama_estatal_32.csv columna [rnpdno_activos_total].rank(ascending=False) → posición clave_ent=3,2026-06-03,VERIFICADO_AGREGADO,1 = mayor número de activos · 32 = menor
E03-026,pagina-estado Baja California Sur · KPI 2026 parcial,"7,701",Carpetas SESNSP 2026 parcial (ene-abr) · Baja California Sur,BASES_NACIONALES/panorama_estatal_32.csv + BASES_NACIONALES/delitos_estatales_RNID_2026/RNID-Delitos_Estatal-2026-abr2026.csv,panorama_estatal_32.csv columna [sesnsp_2026_parcial_total] fila clave_ent=3. RNID estatal 2026 corte abr-2026 · sum(Enero..Abril) por Clave_Ent · CON desglose por subtipo,2026-04 (corte abr-2026),VERIFICADO_AGREGADO,"1.18% del nacional T1 (652,342). Ritmo anualizado ×3 = 23,103 → -6.6% vs total 2025. Con desglose completo por subtipo (RNID estatal)."
E03-027,pagina-estado Baja California Sur · denominador tasas,"904,052",Población a mitad de año 2025 · Baja California Sur,BASES_NACIONALES/panorama_estatal_32.csv + BASES_NACIONALES/poblacion_estatal_conapo.csv (CONAPO pry23 · conapo.segob.gob.mx),"CONAPO pry23 00_Pob_Mitad_1950_2070.csv · sum(POBLACION) WHERE ANIO=2025 AND CVE_GEO=3 (todas edades y sexos). Validado: suma 32 entidades == nacional CVE_GEO=0 (133,367,428 · diff 0)",2025 (proyección pry23),VERIFICADO_AGREGADO,Denominador oficial para todas las tasas /100K del estado
E03-028,pagina-estado Baja California Sur · KPI tasa,12.5,tasa homicidio doloso por 100K hab 2025 · Baja California Sur,BASES_NACIONALES/panorama_estatal_32.csv + BASES_NACIONALES/poblacion_estatal_conapo.csv (CONAPO pry23 · conapo.segob.gob.mx),"panorama [sesnsp_2025_hd] (113) / poblacion_2025 (904,052) × 100,000 = 12.5",2024,VERIFICADO_AGREGADO,Ranking nacional por tasa: #12 de 32 (1 = mayor tasa)
E03-029,pagina-estado Baja California Sur · KPI tasa,0.664,"tasa feminicidio por 100K hab 2025 (poblacion total, declarado) · Baja California Sur",BASES_NACIONALES/panorama_estatal_32.csv + BASES_NACIONALES/poblacion_estatal_conapo.csv (CONAPO pry23 · conapo.segob.gob.mx),"panorama [sesnsp_2025_feminicidio] (6) / poblacion_2025 (904,052) × 100,000 = 0.664",2024,VERIFICADO_AGREGADO,Ranking nacional por tasa: #11 de 32 (1 = mayor tasa)
E03-030,pagina-estado Baja California Sur · KPI tasa,2736.6,tasa total carpetas por 100K hab 2025 · Baja California Sur,BASES_NACIONALES/panorama_estatal_32.csv + BASES_NACIONALES/poblacion_estatal_conapo.csv (CONAPO pry23 · conapo.segob.gob.mx),"panorama [sesnsp_2025_total] (24,740) / poblacion_2025 (904,052) × 100,000 = 2736.6",2024,VERIFICADO_AGREGADO,Ranking nacional por tasa: #2 de 32 (1 = mayor tasa)
E03-031,pagina-estado Baja California Sur · KPI tasa,130.0,tasa desaparecidos activos por 100K hab · Baja California Sur,BASES_NACIONALES/panorama_estatal_32.csv + BASES_NACIONALES/poblacion_estatal_conapo.csv (CONAPO pry23 · conapo.segob.gob.mx),"panorama [rnpdno_activos_total] (1,175) / poblacion_2025 (904,052) × 100,000 = 130.0",2024,VERIFICADO_AGREGADO,Ranking nacional por tasa: #9 de 32 (1 = mayor tasa)
E03-032,pagina-estado Baja California Sur · KPI tasa,0.221,tasa secuestro por 100K hab 2025 · Baja California Sur,BASES_NACIONALES/panorama_estatal_32.csv + BASES_NACIONALES/poblacion_estatal_conapo.csv (CONAPO pry23 · conapo.segob.gob.mx),"panorama [sesnsp_2025_secuestro] (2) / poblacion_2025 (904,052) × 100,000 = 0.221",2024,VERIFICADO_AGREGADO,Ranking nacional por tasa: #15 de 32 (1 = mayor tasa)
E03-033,pagina-estado Baja California Sur · KPI tasa,364.1,tasa violencia familiar por 100K hab 2025 · Baja California Sur,BASES_NACIONALES/panorama_estatal_32.csv + BASES_NACIONALES/poblacion_estatal_conapo.csv (CONAPO pry23 · conapo.segob.gob.mx),"panorama [sesnsp_2025_violencia_familiar] (3,292) / poblacion_2025 (904,052) × 100,000 = 364.1",2024,VERIFICADO_AGREGADO,Ranking nacional por tasa: #5 de 32 (1 = mayor tasa)
E03-034,pagina-estado Baja California Sur · KPI tasa,26.44,tasa violacion (simple+equiparada) por 100K hab 2025 · Baja California Sur,BASES_NACIONALES/panorama_estatal_32.csv + BASES_NACIONALES/poblacion_estatal_conapo.csv (CONAPO pry23 · conapo.segob.gob.mx),"panorama [sesnsp_2025_violacion] (239) / poblacion_2025 (904,052) × 100,000 = 26.44",2024,VERIFICADO_AGREGADO,Ranking nacional por tasa: #5 de 32 (1 = mayor tasa)
E04-001,pagina-estado Campeche · KPI,"5,580",total carpetas SESNSP 2025 · Campeche,BASES_NACIONALES/panorama_estatal_32.csv + BASES_NACIONALES/delitos_estatales_2015-2025/Estatal-Delitos-2015-2025_abr2026.csv,"panorama_estatal_32.csv columna [sesnsp_2025_total] fila clave_ent=4. Derivado de groupby(Clave_Ent, Subtipo)['_total'].sum() sobre base estatal 2015-2025 · filtros exactos: ver script _construir_panorama_v3.py",2025-12 (corte abr-2026),VERIFICADO_AGREGADO,"0.28% del nacional (2,016,723 en 32 estados). Aparece en KPI de la página-estado."
E04-002,pagina-estado Campeche · KPI,101,homicidio doloso 2025 · Campeche,BASES_NACIONALES/panorama_estatal_32.csv + BASES_NACIONALES/delitos_estatales_2015-2025/Estatal-Delitos-2015-2025_abr2026.csv,"panorama_estatal_32.csv columna [sesnsp_2025_hd] fila clave_ent=4. Derivado de groupby(Clave_Ent, Subtipo)['_total'].sum() sobre base estatal 2015-2025 · filtros exactos: ver script _construir_panorama_v3.py",2025-12 (corte abr-2026),VERIFICADO_AGREGADO,"0.51% del nacional (19,987 en 32 estados). Aparece en KPI de la página-estado."
E04-003,pagina-estado Campeche · tabla,78,homicidio culposo 2025 · Campeche,BASES_NACIONALES/panorama_estatal_32.csv + BASES_NACIONALES/delitos_estatales_2015-2025/Estatal-Delitos-2015-2025_abr2026.csv,"panorama_estatal_32.csv columna [sesnsp_2025_hc] fila clave_ent=4. Derivado de groupby(Clave_Ent, Subtipo)['_total'].sum() sobre base estatal 2015-2025 · filtros exactos: ver script _construir_panorama_v3.py",2025-12 (corte abr-2026),VERIFICADO_AGREGADO,"0.46% del nacional (16,945 en 32 estados). Aparece en tabla de la página-estado."
E04-004,pagina-estado Campeche · KPI,11,feminicidio 2025 · Campeche,BASES_NACIONALES/panorama_estatal_32.csv + BASES_NACIONALES/delitos_estatales_2015-2025/Estatal-Delitos-2015-2025_abr2026.csv,"panorama_estatal_32.csv columna [sesnsp_2025_feminicidio] fila clave_ent=4. Derivado de groupby(Clave_Ent, Subtipo)['_total'].sum() sobre base estatal 2015-2025 · filtros exactos: ver script _construir_panorama_v3.py",2025-12 (corte abr-2026),VERIFICADO_AGREGADO,1.55% del nacional (711 en 32 estados). Aparece en KPI de la página-estado.
E04-005,pagina-estado Campeche · KPI,20,extorsión 2025 · Campeche,BASES_NACIONALES/panorama_estatal_32.csv + BASES_NACIONALES/delitos_estatales_2015-2025/Estatal-Delitos-2015-2025_abr2026.csv,"panorama_estatal_32.csv columna [sesnsp_2025_extorsion] fila clave_ent=4. Derivado de groupby(Clave_Ent, Subtipo)['_total'].sum() sobre base estatal 2015-2025 · filtros exactos: ver script _construir_panorama_v3.py",2025-12 (corte abr-2026),VERIFICADO_AGREGADO,"0.19% del nacional (10,507 en 32 estados). Aparece en KPI de la página-estado."
E04-006,pagina-estado Campeche · tabla,1,secuestro 2025 · Campeche,BASES_NACIONALES/panorama_estatal_32.csv + BASES_NACIONALES/delitos_estatales_2015-2025/Estatal-Delitos-2015-2025_abr2026.csv,"panorama_estatal_32.csv columna [sesnsp_2025_secuestro] fila clave_ent=4. Derivado de groupby(Clave_Ent, Subtipo)['_total'].sum() sobre base estatal 2015-2025 · filtros exactos: ver script _construir_panorama_v3.py",2025-12 (corte abr-2026),VERIFICADO_AGREGADO,0.22% del nacional (464 en 32 estados). Aparece en tabla de la página-estado.
E04-007,pagina-estado Campeche · tabla,433,narcomenudeo 2025 · Campeche,BASES_NACIONALES/panorama_estatal_32.csv + BASES_NACIONALES/delitos_estatales_2015-2025/Estatal-Delitos-2015-2025_abr2026.csv,"panorama_estatal_32.csv columna [sesnsp_2025_narcomenudeo] fila clave_ent=4. Derivado de groupby(Clave_Ent, Subtipo)['_total'].sum() sobre base estatal 2015-2025 · filtros exactos: ver script _construir_panorama_v3.py",2025-12 (corte abr-2026),VERIFICADO_AGREGADO,"0.42% del nacional (104,207 en 32 estados). Aparece en tabla de la página-estado."
E04-008,pagina-estado Campeche · KPI,513,violencia familiar 2025 · Campeche,BASES_NACIONALES/panorama_estatal_32.csv + BASES_NACIONALES/delitos_estatales_2015-2025/Estatal-Delitos-2015-2025_abr2026.csv,"panorama_estatal_32.csv columna [sesnsp_2025_violencia_familiar] fila clave_ent=4. Derivado de groupby(Clave_Ent, Subtipo)['_total'].sum() sobre base estatal 2015-2025 · filtros exactos: ver script _construir_panorama_v3.py",2025-12 (corte abr-2026),VERIFICADO_AGREGADO,"0.19% del nacional (266,760 en 32 estados). Aparece en KPI de la página-estado."
E04-009,pagina-estado Campeche · tabla,712,robo (amplio · incluye allanamiento) 2025 · Campeche,BASES_NACIONALES/panorama_estatal_32.csv + BASES_NACIONALES/delitos_estatales_2015-2025/Estatal-Delitos-2015-2025_abr2026.csv,"panorama_estatal_32.csv columna [sesnsp_2025_robo_amplio] fila clave_ent=4. Derivado de groupby(Clave_Ent, Subtipo)['_total'].sum() sobre base estatal 2015-2025 · filtros exactos: ver script _construir_panorama_v3.py",2025-12 (corte abr-2026),VERIFICADO_AGREGADO,"0.15% del nacional (474,378 en 32 estados). Aparece en tabla de la página-estado."
E04-010,pagina-estado Campeche · tabla,585,lesiones dolosas 2025 · Campeche,BASES_NACIONALES/panorama_estatal_32.csv + BASES_NACIONALES/delitos_estatales_2015-2025/Estatal-Delitos-2015-2025_abr2026.csv,"panorama_estatal_32.csv columna [sesnsp_2025_lesiones_dolosas] fila clave_ent=4. Derivado de groupby(Clave_Ent, Subtipo)['_total'].sum() sobre base estatal 2015-2025 · filtros exactos: ver script _construir_panorama_v3.py",2025-12 (corte abr-2026),VERIFICADO_AGREGADO,"0.37% del nacional (156,623 en 32 estados). Aparece en tabla de la página-estado."
E04-011,pagina-estado Campeche · tabla,131,abuso sexual 2025 · Campeche,BASES_NACIONALES/panorama_estatal_32.csv + BASES_NACIONALES/delitos_estatales_2015-2025/Estatal-Delitos-2015-2025_abr2026.csv,"panorama_estatal_32.csv columna [sesnsp_2025_abuso_sexual] fila clave_ent=4. Derivado de groupby(Clave_Ent, Subtipo)['_total'].sum() sobre base estatal 2015-2025 · filtros exactos: ver script _construir_panorama_v3.py",2025-12 (corte abr-2026),VERIFICADO_AGREGADO,"0.40% del nacional (33,050 en 32 estados). Aparece en tabla de la página-estado."
E04-012,pagina-estado Campeche · tabla,265,violación 2025 · Campeche,BASES_NACIONALES/panorama_estatal_32.csv + BASES_NACIONALES/delitos_estatales_2015-2025/Estatal-Delitos-2015-2025_abr2026.csv,"panorama_estatal_32.csv columna [sesnsp_2025_violacion] fila clave_ent=4. Derivado de groupby(Clave_Ent, Subtipo)['_total'].sum() sobre base estatal 2015-2025 · filtros exactos: ver script _construir_panorama_v3.py",2025-12 (corte abr-2026),VERIFICADO_AGREGADO,"1.31% del nacional (20,280 en 32 estados). Aparece en tabla de la página-estado."
E04-013,pagina-estado Campeche · tabla,432,amenazas 2025 · Campeche,BASES_NACIONALES/panorama_estatal_32.csv + BASES_NACIONALES/delitos_estatales_2015-2025/Estatal-Delitos-2015-2025_abr2026.csv,"panorama_estatal_32.csv columna [sesnsp_2025_amenazas] fila clave_ent=4. Derivado de groupby(Clave_Ent, Subtipo)['_total'].sum() sobre base estatal 2015-2025 · filtros exactos: ver script _construir_panorama_v3.py",2025-12 (corte abr-2026),VERIFICADO_AGREGADO,"0.31% del nacional (138,874 en 32 estados). Aparece en tabla de la página-estado."
E04-014,pagina-estado Campeche · gráfico serie HD,49/81/66/69/73/77/85/87/94/95/101,Serie homicidio doloso 2015-2025 · Campeche,BASES_NACIONALES/panorama_estatal_32.csv + BASES_NACIONALES/delitos_estatales_2015-2025/Estatal-Delitos-2015-2025_abr2026.csv,panorama_estatal_32.csv columnas serie_hd_2015..serie_hd_2025 fila clave_ent=4. base estatal única corte abr-2026 (11 años).,2025-12 (corte abr-2026),VERIFICADO_AGREGADO,Min: 49 · Max: 101 · Var %: 0.0% del pico
E04-015,pagina-estado Campeche · ranking nacional,#30 de 32,Ranking nacional total carpetas 2025 · Campeche,BASES_NACIONALES/panorama_estatal_32.csv + BASES_NACIONALES/delitos_estatales_2015-2025/Estatal-Delitos-2015-2025_abr2026.csv,panorama_estatal_32.csv columna [sesnsp_2025_total].rank(ascending=False) → posición de clave_ent=4,2025-12 (corte abr-2026),VERIFICADO_AGREGADO,1 = mayor incidencia · 32 = menor
E04-016,pagina-estado Campeche · ranking nacional,#28 de 32,Ranking nacional homicidio doloso 2025 · Campeche,BASES_NACIONALES/panorama_estatal_32.csv + BASES_NACIONALES/delitos_estatales_2015-2025/Estatal-Delitos-2015-2025_abr2026.csv,panorama_estatal_32.csv columna [sesnsp_2025_hd].rank(ascending=False) → posición de clave_ent=4,2025-12 (corte abr-2026),VERIFICADO_AGREGADO,1 = mayor incidencia · 32 = menor
E04-017,pagina-estado Campeche · ranking nacional,#29 de 32,Ranking nacional extorsión 2025 · Campeche,BASES_NACIONALES/panorama_estatal_32.csv + BASES_NACIONALES/delitos_estatales_2015-2025/Estatal-Delitos-2015-2025_abr2026.csv,panorama_estatal_32.csv columna [sesnsp_2025_extorsion].rank(ascending=False) → posición de clave_ent=4,2025-12 (corte abr-2026),VERIFICADO_AGREGADO,1 = mayor incidencia · 32 = menor
E04-018,pagina-estado Campeche · ranking nacional,#22 de 32,Ranking nacional feminicidio 2025 · Campeche,BASES_NACIONALES/panorama_estatal_32.csv + BASES_NACIONALES/delitos_estatales_2015-2025/Estatal-Delitos-2015-2025_abr2026.csv,panorama_estatal_32.csv columna [sesnsp_2025_feminicidio].rank(ascending=False) → posición de clave_ent=4,2025-12 (corte abr-2026),VERIFICADO_AGREGADO,1 = mayor incidencia · 32 = menor
E04-019,pagina-estado Campeche · ranking nacional,#30 de 32,Ranking nacional violencia familiar 2025 · Campeche,BASES_NACIONALES/panorama_estatal_32.csv + BASES_NACIONALES/delitos_estatales_2015-2025/Estatal-Delitos-2015-2025_abr2026.csv,panorama_estatal_32.csv columna [sesnsp_2025_violencia_familiar].rank(ascending=False) → posición de clave_ent=4,2025-12 (corte abr-2026),VERIFICADO_AGREGADO,1 = mayor incidencia · 32 = menor
E04-020,pagina-estado Campeche · panel RNPDNO,176,RNPDNO desaparecidos activos · Campeche · al 3-jun-2026,BASES_NACIONALES/panorama_estatal_32.csv + EXCEL - SEGURIDAD MORELOS/NUEVOS REPORTES DESAPARICIONES/activos_por_entidad.csv,panorama_estatal_32.csv columna [rnpdno_desaparecidos] fila clave_ent=4. Mapeo nombre INEGI → alias RNPDNO. Fuente primaria: dashboard oficial post-reforma RNPDNO.,2026-06-03,VERIFICADO_AGREGADO,
E04-021,pagina-estado Campeche · panel RNPDNO,11,RNPDNO no localizados · Campeche · al 3-jun-2026,BASES_NACIONALES/panorama_estatal_32.csv + EXCEL - SEGURIDAD MORELOS/NUEVOS REPORTES DESAPARICIONES/activos_por_entidad.csv,panorama_estatal_32.csv columna [rnpdno_no_localizados] fila clave_ent=4. Mapeo nombre INEGI → alias RNPDNO. Fuente primaria: dashboard oficial post-reforma RNPDNO.,2026-06-03,VERIFICADO_AGREGADO,
E04-022,pagina-estado Campeche · panel RNPDNO,"1,925",RNPDNO localizados con vida · Campeche · al 3-jun-2026,BASES_NACIONALES/panorama_estatal_32.csv + EXCEL - SEGURIDAD MORELOS/NUEVOS REPORTES DESAPARICIONES/activos_por_entidad.csv,panorama_estatal_32.csv columna [rnpdno_loc_con_vida] fila clave_ent=4. Mapeo nombre INEGI → alias RNPDNO. Fuente primaria: dashboard oficial post-reforma RNPDNO.,2026-06-03,VERIFICADO_AGREGADO,
E04-023,pagina-estado Campeche · panel RNPDNO,38,RNPDNO localizados sin vida · Campeche · al 3-jun-2026,BASES_NACIONALES/panorama_estatal_32.csv + EXCEL - SEGURIDAD MORELOS/NUEVOS REPORTES DESAPARICIONES/activos_por_entidad.csv,panorama_estatal_32.csv columna [rnpdno_loc_sin_vida] fila clave_ent=4. Mapeo nombre INEGI → alias RNPDNO. Fuente primaria: dashboard oficial post-reforma RNPDNO.,2026-06-03,VERIFICADO_AGREGADO,
E04-024,pagina-estado Campeche · panel RNPDNO,187,RNPDNO activos totales (desap + no loc) · Campeche · al 3-jun-2026,BASES_NACIONALES/panorama_estatal_32.csv + EXCEL - SEGURIDAD MORELOS/NUEVOS REPORTES DESAPARICIONES/activos_por_entidad.csv,panorama_estatal_32.csv columna [rnpdno_activos_total] fila clave_ent=4. Mapeo nombre INEGI → alias RNPDNO. Fuente primaria: dashboard oficial post-reforma RNPDNO.,2026-06-03,VERIFICADO_AGREGADO,0.14% del nacional
E04-025,pagina-estado Campeche · ranking nacional RNPDNO,#32 de 32,Ranking nacional desaparecidos activos · Campeche,BASES_NACIONALES/panorama_estatal_32.csv + EXCEL - SEGURIDAD MORELOS/NUEVOS REPORTES DESAPARICIONES/activos_por_entidad.csv,panorama_estatal_32.csv columna [rnpdno_activos_total].rank(ascending=False) → posición clave_ent=4,2026-06-03,VERIFICADO_AGREGADO,1 = mayor número de activos · 32 = menor
E04-026,pagina-estado Campeche · KPI 2026 parcial,"1,501",Carpetas SESNSP 2026 parcial (ene-abr) · Campeche,BASES_NACIONALES/panorama_estatal_32.csv + BASES_NACIONALES/delitos_estatales_RNID_2026/RNID-Delitos_Estatal-2026-abr2026.csv,panorama_estatal_32.csv columna [sesnsp_2026_parcial_total] fila clave_ent=4. RNID estatal 2026 corte abr-2026 · sum(Enero..Abril) por Clave_Ent · CON desglose por subtipo,2026-04 (corte abr-2026),VERIFICADO_AGREGADO,"0.23% del nacional T1 (652,342). Ritmo anualizado ×3 = 4,503 → -19.3% vs total 2025. Con desglose completo por subtipo (RNID estatal)."
E04-027,pagina-estado Campeche · denominador tasas,"958,567",Población a mitad de año 2025 · Campeche,BASES_NACIONALES/panorama_estatal_32.csv + BASES_NACIONALES/poblacion_estatal_conapo.csv (CONAPO pry23 · conapo.segob.gob.mx),"CONAPO pry23 00_Pob_Mitad_1950_2070.csv · sum(POBLACION) WHERE ANIO=2025 AND CVE_GEO=4 (todas edades y sexos). Validado: suma 32 entidades == nacional CVE_GEO=0 (133,367,428 · diff 0)",2025 (proyección pry23),VERIFICADO_AGREGADO,Denominador oficial para todas las tasas /100K del estado
E04-028,pagina-estado Campeche · KPI tasa,10.54,tasa homicidio doloso por 100K hab 2025 · Campeche,BASES_NACIONALES/panorama_estatal_32.csv + BASES_NACIONALES/poblacion_estatal_conapo.csv (CONAPO pry23 · conapo.segob.gob.mx),"panorama [sesnsp_2025_hd] (101) / poblacion_2025 (958,567) × 100,000 = 10.54",2024,VERIFICADO_AGREGADO,Ranking nacional por tasa: #18 de 32 (1 = mayor tasa)
E04-029,pagina-estado Campeche · KPI tasa,1.148,"tasa feminicidio por 100K hab 2025 (poblacion total, declarado) · Campeche",BASES_NACIONALES/panorama_estatal_32.csv + BASES_NACIONALES/poblacion_estatal_conapo.csv (CONAPO pry23 · conapo.segob.gob.mx),"panorama [sesnsp_2025_feminicidio] (11) / poblacion_2025 (958,567) × 100,000 = 1.148",2024,VERIFICADO_AGREGADO,Ranking nacional por tasa: #3 de 32 (1 = mayor tasa)
E04-030,pagina-estado Campeche · KPI tasa,582.1,tasa total carpetas por 100K hab 2025 · Campeche,BASES_NACIONALES/panorama_estatal_32.csv + BASES_NACIONALES/poblacion_estatal_conapo.csv (CONAPO pry23 · conapo.segob.gob.mx),"panorama [sesnsp_2025_total] (5,580) / poblacion_2025 (958,567) × 100,000 = 582.1",2024,VERIFICADO_AGREGADO,Ranking nacional por tasa: #29 de 32 (1 = mayor tasa)
E04-031,pagina-estado Campeche · KPI tasa,19.5,tasa desaparecidos activos por 100K hab · Campeche,BASES_NACIONALES/panorama_estatal_32.csv + BASES_NACIONALES/poblacion_estatal_conapo.csv (CONAPO pry23 · conapo.segob.gob.mx),"panorama [rnpdno_activos_total] (187) / poblacion_2025 (958,567) × 100,000 = 19.5",2024,VERIFICADO_AGREGADO,Ranking nacional por tasa: #29 de 32 (1 = mayor tasa)
E04-032,pagina-estado Campeche · KPI tasa,0.104,tasa secuestro por 100K hab 2025 · Campeche,BASES_NACIONALES/panorama_estatal_32.csv + BASES_NACIONALES/poblacion_estatal_conapo.csv (CONAPO pry23 · conapo.segob.gob.mx),"panorama [sesnsp_2025_secuestro] (1) / poblacion_2025 (958,567) × 100,000 = 0.104",2024,VERIFICADO_AGREGADO,Ranking nacional por tasa: #25 de 32 (1 = mayor tasa)
E04-033,pagina-estado Campeche · KPI tasa,53.5,tasa violencia familiar por 100K hab 2025 · Campeche,BASES_NACIONALES/panorama_estatal_32.csv + BASES_NACIONALES/poblacion_estatal_conapo.csv (CONAPO pry23 · conapo.segob.gob.mx),"panorama [sesnsp_2025_violencia_familiar] (513) / poblacion_2025 (958,567) × 100,000 = 53.5",2024,VERIFICADO_AGREGADO,Ranking nacional por tasa: #28 de 32 (1 = mayor tasa)
E04-034,pagina-estado Campeche · KPI tasa,27.65,tasa violacion (simple+equiparada) por 100K hab 2025 · Campeche,BASES_NACIONALES/panorama_estatal_32.csv + BASES_NACIONALES/poblacion_estatal_conapo.csv (CONAPO pry23 · conapo.segob.gob.mx),"panorama [sesnsp_2025_violacion] (265) / poblacion_2025 (958,567) × 100,000 = 27.65",2024,VERIFICADO_AGREGADO,Ranking nacional por tasa: #3 de 32 (1 = mayor tasa)
E05-001,pagina-estado Coahuila de Zaragoza · KPI,"69,149",total carpetas SESNSP 2025 · Coahuila de Zaragoza,BASES_NACIONALES/panorama_estatal_32.csv + BASES_NACIONALES/delitos_estatales_2015-2025/Estatal-Delitos-2015-2025_abr2026.csv,"panorama_estatal_32.csv columna [sesnsp_2025_total] fila clave_ent=5. Derivado de groupby(Clave_Ent, Subtipo)['_total'].sum() sobre base estatal 2015-2025 · filtros exactos: ver script _construir_panorama_v3.py",2025-12 (corte abr-2026),VERIFICADO_AGREGADO,"3.43% del nacional (2,016,723 en 32 estados). Aparece en KPI de la página-estado."
E05-002,pagina-estado Coahuila de Zaragoza · KPI,76,homicidio doloso 2025 · Coahuila de Zaragoza,BASES_NACIONALES/panorama_estatal_32.csv + BASES_NACIONALES/delitos_estatales_2015-2025/Estatal-Delitos-2015-2025_abr2026.csv,"panorama_estatal_32.csv columna [sesnsp_2025_hd] fila clave_ent=5. Derivado de groupby(Clave_Ent, Subtipo)['_total'].sum() sobre base estatal 2015-2025 · filtros exactos: ver script _construir_panorama_v3.py",2025-12 (corte abr-2026),VERIFICADO_AGREGADO,"0.38% del nacional (19,987 en 32 estados). Aparece en KPI de la página-estado."
E05-003,pagina-estado Coahuila de Zaragoza · tabla,229,homicidio culposo 2025 · Coahuila de Zaragoza,BASES_NACIONALES/panorama_estatal_32.csv + BASES_NACIONALES/delitos_estatales_2015-2025/Estatal-Delitos-2015-2025_abr2026.csv,"panorama_estatal_32.csv columna [sesnsp_2025_hc] fila clave_ent=5. Derivado de groupby(Clave_Ent, Subtipo)['_total'].sum() sobre base estatal 2015-2025 · filtros exactos: ver script _construir_panorama_v3.py",2025-12 (corte abr-2026),VERIFICADO_AGREGADO,"1.35% del nacional (16,945 en 32 estados). Aparece en tabla de la página-estado."
E05-004,pagina-estado Coahuila de Zaragoza · KPI,9,feminicidio 2025 · Coahuila de Zaragoza,BASES_NACIONALES/panorama_estatal_32.csv + BASES_NACIONALES/delitos_estatales_2015-2025/Estatal-Delitos-2015-2025_abr2026.csv,"panorama_estatal_32.csv columna [sesnsp_2025_feminicidio] fila clave_ent=5. Derivado de groupby(Clave_Ent, Subtipo)['_total'].sum() sobre base estatal 2015-2025 · filtros exactos: ver script _construir_panorama_v3.py",2025-12 (corte abr-2026),VERIFICADO_AGREGADO,1.27% del nacional (711 en 32 estados). Aparece en KPI de la página-estado.
E05-005,pagina-estado Coahuila de Zaragoza · KPI,76,extorsión 2025 · Coahuila de Zaragoza,BASES_NACIONALES/panorama_estatal_32.csv + BASES_NACIONALES/delitos_estatales_2015-2025/Estatal-Delitos-2015-2025_abr2026.csv,"panorama_estatal_32.csv columna [sesnsp_2025_extorsion] fila clave_ent=5. Derivado de groupby(Clave_Ent, Subtipo)['_total'].sum() sobre base estatal 2015-2025 · filtros exactos: ver script _construir_panorama_v3.py",2025-12 (corte abr-2026),VERIFICADO_AGREGADO,"0.72% del nacional (10,507 en 32 estados). Aparece en KPI de la página-estado."
E05-006,pagina-estado Coahuila de Zaragoza · tabla,0,secuestro 2025 · Coahuila de Zaragoza,BASES_NACIONALES/panorama_estatal_32.csv + BASES_NACIONALES/delitos_estatales_2015-2025/Estatal-Delitos-2015-2025_abr2026.csv,"panorama_estatal_32.csv columna [sesnsp_2025_secuestro] fila clave_ent=5. Derivado de groupby(Clave_Ent, Subtipo)['_total'].sum() sobre base estatal 2015-2025 · filtros exactos: ver script _construir_panorama_v3.py",2025-12 (corte abr-2026),VERIFICADO_AGREGADO,0.00% del nacional (464 en 32 estados). Aparece en tabla de la página-estado.
E05-007,pagina-estado Coahuila de Zaragoza · tabla,"5,358",narcomenudeo 2025 · Coahuila de Zaragoza,BASES_NACIONALES/panorama_estatal_32.csv + BASES_NACIONALES/delitos_estatales_2015-2025/Estatal-Delitos-2015-2025_abr2026.csv,"panorama_estatal_32.csv columna [sesnsp_2025_narcomenudeo] fila clave_ent=5. Derivado de groupby(Clave_Ent, Subtipo)['_total'].sum() sobre base estatal 2015-2025 · filtros exactos: ver script _construir_panorama_v3.py",2025-12 (corte abr-2026),VERIFICADO_AGREGADO,"5.14% del nacional (104,207 en 32 estados). Aparece en tabla de la página-estado."
E05-008,pagina-estado Coahuila de Zaragoza · KPI,"14,664",violencia familiar 2025 · Coahuila de Zaragoza,BASES_NACIONALES/panorama_estatal_32.csv + BASES_NACIONALES/delitos_estatales_2015-2025/Estatal-Delitos-2015-2025_abr2026.csv,"panorama_estatal_32.csv columna [sesnsp_2025_violencia_familiar] fila clave_ent=5. Derivado de groupby(Clave_Ent, Subtipo)['_total'].sum() sobre base estatal 2015-2025 · filtros exactos: ver script _construir_panorama_v3.py",2025-12 (corte abr-2026),VERIFICADO_AGREGADO,"5.50% del nacional (266,760 en 32 estados). Aparece en KPI de la página-estado."
E05-009,pagina-estado Coahuila de Zaragoza · tabla,"5,910",robo (amplio · incluye allanamiento) 2025 · Coahuila de Zaragoza,BASES_NACIONALES/panorama_estatal_32.csv + BASES_NACIONALES/delitos_estatales_2015-2025/Estatal-Delitos-2015-2025_abr2026.csv,"panorama_estatal_32.csv columna [sesnsp_2025_robo_amplio] fila clave_ent=5. Derivado de groupby(Clave_Ent, Subtipo)['_total'].sum() sobre base estatal 2015-2025 · filtros exactos: ver script _construir_panorama_v3.py",2025-12 (corte abr-2026),VERIFICADO_AGREGADO,"1.25% del nacional (474,378 en 32 estados). Aparece en tabla de la página-estado."
E05-010,pagina-estado Coahuila de Zaragoza · tabla,"4,842",lesiones dolosas 2025 · Coahuila de Zaragoza,BASES_NACIONALES/panorama_estatal_32.csv + BASES_NACIONALES/delitos_estatales_2015-2025/Estatal-Delitos-2015-2025_abr2026.csv,"panorama_estatal_32.csv columna [sesnsp_2025_lesiones_dolosas] fila clave_ent=5. Derivado de groupby(Clave_Ent, Subtipo)['_total'].sum() sobre base estatal 2015-2025 · filtros exactos: ver script _construir_panorama_v3.py",2025-12 (corte abr-2026),VERIFICADO_AGREGADO,"3.09% del nacional (156,623 en 32 estados). Aparece en tabla de la página-estado."
E05-011,pagina-estado Coahuila de Zaragoza · tabla,810,abuso sexual 2025 · Coahuila de Zaragoza,BASES_NACIONALES/panorama_estatal_32.csv + BASES_NACIONALES/delitos_estatales_2015-2025/Estatal-Delitos-2015-2025_abr2026.csv,"panorama_estatal_32.csv columna [sesnsp_2025_abuso_sexual] fila clave_ent=5. Derivado de groupby(Clave_Ent, Subtipo)['_total'].sum() sobre base estatal 2015-2025 · filtros exactos: ver script _construir_panorama_v3.py",2025-12 (corte abr-2026),VERIFICADO_AGREGADO,"2.45% del nacional (33,050 en 32 estados). Aparece en tabla de la página-estado."
E05-012,pagina-estado Coahuila de Zaragoza · tabla,492,violación 2025 · Coahuila de Zaragoza,BASES_NACIONALES/panorama_estatal_32.csv + BASES_NACIONALES/delitos_estatales_2015-2025/Estatal-Delitos-2015-2025_abr2026.csv,"panorama_estatal_32.csv columna [sesnsp_2025_violacion] fila clave_ent=5. Derivado de groupby(Clave_Ent, Subtipo)['_total'].sum() sobre base estatal 2015-2025 · filtros exactos: ver script _construir_panorama_v3.py",2025-12 (corte abr-2026),VERIFICADO_AGREGADO,"2.43% del nacional (20,280 en 32 estados). Aparece en tabla de la página-estado."
E05-013,pagina-estado Coahuila de Zaragoza · tabla,"13,184",amenazas 2025 · Coahuila de Zaragoza,BASES_NACIONALES/panorama_estatal_32.csv + BASES_NACIONALES/delitos_estatales_2015-2025/Estatal-Delitos-2015-2025_abr2026.csv,"panorama_estatal_32.csv columna [sesnsp_2025_amenazas] fila clave_ent=5. Derivado de groupby(Clave_Ent, Subtipo)['_total'].sum() sobre base estatal 2015-2025 · filtros exactos: ver script _construir_panorama_v3.py",2025-12 (corte abr-2026),VERIFICADO_AGREGADO,"9.49% del nacional (138,874 en 32 estados). Aparece en tabla de la página-estado."
E05-014,pagina-estado Coahuila de Zaragoza · gráfico serie HD,278/212/222/228/221/194/137/129/116/105/76,Serie homicidio doloso 2015-2025 · Coahuila de Zaragoza,BASES_NACIONALES/panorama_estatal_32.csv + BASES_NACIONALES/delitos_estatales_2015-2025/Estatal-Delitos-2015-2025_abr2026.csv,panorama_estatal_32.csv columnas serie_hd_2015..serie_hd_2025 fila clave_ent=5. base estatal única corte abr-2026 (11 años).,2025-12 (corte abr-2026),VERIFICADO_AGREGADO,Min: 76 · Max: 278 · Var %: -72.7% del pico
E05-015,pagina-estado Coahuila de Zaragoza · ranking nacional,#10 de 32,Ranking nacional total carpetas 2025 · Coahuila de Zaragoza,BASES_NACIONALES/panorama_estatal_32.csv + BASES_NACIONALES/delitos_estatales_2015-2025/Estatal-Delitos-2015-2025_abr2026.csv,panorama_estatal_32.csv columna [sesnsp_2025_total].rank(ascending=False) → posición de clave_ent=5,2025-12 (corte abr-2026),VERIFICADO_AGREGADO,1 = mayor incidencia · 32 = menor
E05-016,pagina-estado Coahuila de Zaragoza · ranking nacional,#30 de 32,Ranking nacional homicidio doloso 2025 · Coahuila de Zaragoza,BASES_NACIONALES/panorama_estatal_32.csv + BASES_NACIONALES/delitos_estatales_2015-2025/Estatal-Delitos-2015-2025_abr2026.csv,panorama_estatal_32.csv columna [sesnsp_2025_hd].rank(ascending=False) → posición de clave_ent=5,2025-12 (corte abr-2026),VERIFICADO_AGREGADO,1 = mayor incidencia · 32 = menor
E05-017,pagina-estado Coahuila de Zaragoza · ranking nacional,#22 de 32,Ranking nacional extorsión 2025 · Coahuila de Zaragoza,BASES_NACIONALES/panorama_estatal_32.csv + BASES_NACIONALES/delitos_estatales_2015-2025/Estatal-Delitos-2015-2025_abr2026.csv,panorama_estatal_32.csv columna [sesnsp_2025_extorsion].rank(ascending=False) → posición de clave_ent=5,2025-12 (corte abr-2026),VERIFICADO_AGREGADO,1 = mayor incidencia · 32 = menor
E05-018,pagina-estado Coahuila de Zaragoza · ranking nacional,#25 de 32,Ranking nacional feminicidio 2025 · Coahuila de Zaragoza,BASES_NACIONALES/panorama_estatal_32.csv + BASES_NACIONALES/delitos_estatales_2015-2025/Estatal-Delitos-2015-2025_abr2026.csv,panorama_estatal_32.csv columna [sesnsp_2025_feminicidio].rank(ascending=False) → posición de clave_ent=5,2025-12 (corte abr-2026),VERIFICADO_AGREGADO,1 = mayor incidencia · 32 = menor
E05-019,pagina-estado Coahuila de Zaragoza · ranking nacional,#6 de 32,Ranking nacional violencia familiar 2025 · Coahuila de Zaragoza,BASES_NACIONALES/panorama_estatal_32.csv + BASES_NACIONALES/delitos_estatales_2015-2025/Estatal-Delitos-2015-2025_abr2026.csv,panorama_estatal_32.csv columna [sesnsp_2025_violencia_familiar].rank(ascending=False) → posición de clave_ent=5,2025-12 (corte abr-2026),VERIFICADO_AGREGADO,1 = mayor incidencia · 32 = menor
E05-020,pagina-estado Coahuila de Zaragoza · panel RNPDNO,"3,363",RNPDNO desaparecidos activos · Coahuila de Zaragoza · al 3-jun-2026,BASES_NACIONALES/panorama_estatal_32.csv + EXCEL - SEGURIDAD MORELOS/NUEVOS REPORTES DESAPARICIONES/activos_por_entidad.csv,panorama_estatal_32.csv columna [rnpdno_desaparecidos] fila clave_ent=5. Mapeo nombre INEGI → alias RNPDNO. Fuente primaria: dashboard oficial post-reforma RNPDNO.,2026-06-03,VERIFICADO_AGREGADO,
E05-021,pagina-estado Coahuila de Zaragoza · panel RNPDNO,329,RNPDNO no localizados · Coahuila de Zaragoza · al 3-jun-2026,BASES_NACIONALES/panorama_estatal_32.csv + EXCEL - SEGURIDAD MORELOS/NUEVOS REPORTES DESAPARICIONES/activos_por_entidad.csv,panorama_estatal_32.csv columna [rnpdno_no_localizados] fila clave_ent=5. Mapeo nombre INEGI → alias RNPDNO. Fuente primaria: dashboard oficial post-reforma RNPDNO.,2026-06-03,VERIFICADO_AGREGADO,
E05-022,pagina-estado Coahuila de Zaragoza · panel RNPDNO,"1,246",RNPDNO localizados con vida · Coahuila de Zaragoza · al 3-jun-2026,BASES_NACIONALES/panorama_estatal_32.csv + EXCEL - SEGURIDAD MORELOS/NUEVOS REPORTES DESAPARICIONES/activos_por_entidad.csv,panorama_estatal_32.csv columna [rnpdno_loc_con_vida] fila clave_ent=5. Mapeo nombre INEGI → alias RNPDNO. Fuente primaria: dashboard oficial post-reforma RNPDNO.,2026-06-03,VERIFICADO_AGREGADO,
E05-023,pagina-estado Coahuila de Zaragoza · panel RNPDNO,355,RNPDNO localizados sin vida · Coahuila de Zaragoza · al 3-jun-2026,BASES_NACIONALES/panorama_estatal_32.csv + EXCEL - SEGURIDAD MORELOS/NUEVOS REPORTES DESAPARICIONES/activos_por_entidad.csv,panorama_estatal_32.csv columna [rnpdno_loc_sin_vida] fila clave_ent=5. Mapeo nombre INEGI → alias RNPDNO. Fuente primaria: dashboard oficial post-reforma RNPDNO.,2026-06-03,VERIFICADO_AGREGADO,
E05-024,pagina-estado Coahuila de Zaragoza · panel RNPDNO,"3,692",RNPDNO activos totales (desap + no loc) · Coahuila de Zaragoza · al 3-jun-2026,BASES_NACIONALES/panorama_estatal_32.csv + EXCEL - SEGURIDAD MORELOS/NUEVOS REPORTES DESAPARICIONES/activos_por_entidad.csv,panorama_estatal_32.csv columna [rnpdno_activos_total] fila clave_ent=5. Mapeo nombre INEGI → alias RNPDNO. Fuente primaria: dashboard oficial post-reforma RNPDNO.,2026-06-03,VERIFICADO_AGREGADO,2.76% del nacional
E05-025,pagina-estado Coahuila de Zaragoza · ranking nacional RNPDNO,#15 de 32,Ranking nacional desaparecidos activos · Coahuila de Zaragoza,BASES_NACIONALES/panorama_estatal_32.csv + EXCEL - SEGURIDAD MORELOS/NUEVOS REPORTES DESAPARICIONES/activos_por_entidad.csv,panorama_estatal_32.csv columna [rnpdno_activos_total].rank(ascending=False) → posición clave_ent=5,2026-06-03,VERIFICADO_AGREGADO,1 = mayor número de activos · 32 = menor
E05-026,pagina-estado Coahuila de Zaragoza · KPI 2026 parcial,"23,254",Carpetas SESNSP 2026 parcial (ene-abr) · Coahuila de Zaragoza,BASES_NACIONALES/panorama_estatal_32.csv + BASES_NACIONALES/delitos_estatales_RNID_2026/RNID-Delitos_Estatal-2026-abr2026.csv,panorama_estatal_32.csv columna [sesnsp_2026_parcial_total] fila clave_ent=5. RNID estatal 2026 corte abr-2026 · sum(Enero..Abril) por Clave_Ent · CON desglose por subtipo,2026-04 (corte abr-2026),VERIFICADO_AGREGADO,"3.56% del nacional T1 (652,342). Ritmo anualizado ×3 = 69,762 → +0.9% vs total 2025. Con desglose completo por subtipo (RNID estatal)."
E05-027,pagina-estado Coahuila de Zaragoza · denominador tasas,"3,400,257",Población a mitad de año 2025 · Coahuila de Zaragoza,BASES_NACIONALES/panorama_estatal_32.csv + BASES_NACIONALES/poblacion_estatal_conapo.csv (CONAPO pry23 · conapo.segob.gob.mx),"CONAPO pry23 00_Pob_Mitad_1950_2070.csv · sum(POBLACION) WHERE ANIO=2025 AND CVE_GEO=5 (todas edades y sexos). Validado: suma 32 entidades == nacional CVE_GEO=0 (133,367,428 · diff 0)",2025 (proyección pry23),VERIFICADO_AGREGADO,Denominador oficial para todas las tasas /100K del estado
E05-028,pagina-estado Coahuila de Zaragoza · KPI tasa,2.24,tasa homicidio doloso por 100K hab 2025 · Coahuila de Zaragoza,BASES_NACIONALES/panorama_estatal_32.csv + BASES_NACIONALES/poblacion_estatal_conapo.csv (CONAPO pry23 · conapo.segob.gob.mx),"panorama [sesnsp_2025_hd] (76) / poblacion_2025 (3,400,257) × 100,000 = 2.24",2024,VERIFICADO_AGREGADO,Ranking nacional por tasa: #31 de 32 (1 = mayor tasa)
E05-029,pagina-estado Coahuila de Zaragoza · KPI tasa,0.265,"tasa feminicidio por 100K hab 2025 (poblacion total, declarado) · Coahuila de Zaragoza",BASES_NACIONALES/panorama_estatal_32.csv + BASES_NACIONALES/poblacion_estatal_conapo.csv (CONAPO pry23 · conapo.segob.gob.mx),"panorama [sesnsp_2025_feminicidio] (9) / poblacion_2025 (3,400,257) × 100,000 = 0.265",2024,VERIFICADO_AGREGADO,Ranking nacional por tasa: #29 de 32 (1 = mayor tasa)
E05-030,pagina-estado Coahuila de Zaragoza · KPI tasa,2033.6,tasa total carpetas por 100K hab 2025 · Coahuila de Zaragoza,BASES_NACIONALES/panorama_estatal_32.csv + BASES_NACIONALES/poblacion_estatal_conapo.csv (CONAPO pry23 · conapo.segob.gob.mx),"panorama [sesnsp_2025_total] (69,149) / poblacion_2025 (3,400,257) × 100,000 = 2033.6",2024,VERIFICADO_AGREGADO,Ranking nacional por tasa: #10 de 32 (1 = mayor tasa)
E05-031,pagina-estado Coahuila de Zaragoza · KPI tasa,108.6,tasa desaparecidos activos por 100K hab · Coahuila de Zaragoza,BASES_NACIONALES/panorama_estatal_32.csv + BASES_NACIONALES/poblacion_estatal_conapo.csv (CONAPO pry23 · conapo.segob.gob.mx),"panorama [rnpdno_activos_total] (3,692) / poblacion_2025 (3,400,257) × 100,000 = 108.6",2024,VERIFICADO_AGREGADO,Ranking nacional por tasa: #13 de 32 (1 = mayor tasa)
E05-032,pagina-estado Coahuila de Zaragoza · KPI tasa,0.0,tasa secuestro por 100K hab 2025 · Coahuila de Zaragoza,BASES_NACIONALES/panorama_estatal_32.csv + BASES_NACIONALES/poblacion_estatal_conapo.csv (CONAPO pry23 · conapo.segob.gob.mx),"panorama [sesnsp_2025_secuestro] (0) / poblacion_2025 (3,400,257) × 100,000 = 0.0",2024,VERIFICADO_AGREGADO,Ranking nacional por tasa: #27 de 32 (1 = mayor tasa)
E05-033,pagina-estado Coahuila de Zaragoza · KPI tasa,431.3,tasa violencia familiar por 100K hab 2025 · Coahuila de Zaragoza,BASES_NACIONALES/panorama_estatal_32.csv + BASES_NACIONALES/poblacion_estatal_conapo.csv (CONAPO pry23 · conapo.segob.gob.mx),"panorama [sesnsp_2025_violencia_familiar] (14,664) / poblacion_2025 (3,400,257) × 100,000 = 431.3",2024,VERIFICADO_AGREGADO,Ranking nacional por tasa: #2 de 32 (1 = mayor tasa)
E05-034,pagina-estado Coahuila de Zaragoza · KPI tasa,14.47,tasa violacion (simple+equiparada) por 100K hab 2025 · Coahuila de Zaragoza,BASES_NACIONALES/panorama_estatal_32.csv + BASES_NACIONALES/poblacion_estatal_conapo.csv (CONAPO pry23 · conapo.segob.gob.mx),"panorama [sesnsp_2025_violacion] (492) / poblacion_2025 (3,400,257) × 100,000 = 14.47",2024,VERIFICADO_AGREGADO,Ranking nacional por tasa: #19 de 32 (1 = mayor tasa)
E06-001,pagina-estado Colima · KPI,"26,814",total carpetas SESNSP 2025 · Colima,BASES_NACIONALES/panorama_estatal_32.csv + BASES_NACIONALES/delitos_estatales_2015-2025/Estatal-Delitos-2015-2025_abr2026.csv,"panorama_estatal_32.csv columna [sesnsp_2025_total] fila clave_ent=6. Derivado de groupby(Clave_Ent, Subtipo)['_total'].sum() sobre base estatal 2015-2025 · filtros exactos: ver script _construir_panorama_v3.py",2025-12 (corte abr-2026),VERIFICADO_AGREGADO,"1.33% del nacional (2,016,723 en 32 estados). Aparece en KPI de la página-estado."
E06-002,pagina-estado Colima · KPI,557,homicidio doloso 2025 · Colima,BASES_NACIONALES/panorama_estatal_32.csv + BASES_NACIONALES/delitos_estatales_2015-2025/Estatal-Delitos-2015-2025_abr2026.csv,"panorama_estatal_32.csv columna [sesnsp_2025_hd] fila clave_ent=6. Derivado de groupby(Clave_Ent, Subtipo)['_total'].sum() sobre base estatal 2015-2025 · filtros exactos: ver script _construir_panorama_v3.py",2025-12 (corte abr-2026),VERIFICADO_AGREGADO,"2.79% del nacional (19,987 en 32 estados). Aparece en KPI de la página-estado."
E06-003,pagina-estado Colima · tabla,149,homicidio culposo 2025 · Colima,BASES_NACIONALES/panorama_estatal_32.csv + BASES_NACIONALES/delitos_estatales_2015-2025/Estatal-Delitos-2015-2025_abr2026.csv,"panorama_estatal_32.csv columna [sesnsp_2025_hc] fila clave_ent=6. Derivado de groupby(Clave_Ent, Subtipo)['_total'].sum() sobre base estatal 2015-2025 · filtros exactos: ver script _construir_panorama_v3.py",2025-12 (corte abr-2026),VERIFICADO_AGREGADO,"0.88% del nacional (16,945 en 32 estados). Aparece en tabla de la página-estado."
E06-004,pagina-estado Colima · KPI,3,feminicidio 2025 · Colima,BASES_NACIONALES/panorama_estatal_32.csv + BASES_NACIONALES/delitos_estatales_2015-2025/Estatal-Delitos-2015-2025_abr2026.csv,"panorama_estatal_32.csv columna [sesnsp_2025_feminicidio] fila clave_ent=6. Derivado de groupby(Clave_Ent, Subtipo)['_total'].sum() sobre base estatal 2015-2025 · filtros exactos: ver script _construir_panorama_v3.py",2025-12 (corte abr-2026),VERIFICADO_AGREGADO,0.42% del nacional (711 en 32 estados). Aparece en KPI de la página-estado.
E06-005,pagina-estado Colima · KPI,142,extorsión 2025 · Colima,BASES_NACIONALES/panorama_estatal_32.csv + BASES_NACIONALES/delitos_estatales_2015-2025/Estatal-Delitos-2015-2025_abr2026.csv,"panorama_estatal_32.csv columna [sesnsp_2025_extorsion] fila clave_ent=6. Derivado de groupby(Clave_Ent, Subtipo)['_total'].sum() sobre base estatal 2015-2025 · filtros exactos: ver script _construir_panorama_v3.py",2025-12 (corte abr-2026),VERIFICADO_AGREGADO,"1.35% del nacional (10,507 en 32 estados). Aparece en KPI de la página-estado."
E06-006,pagina-estado Colima · tabla,3,secuestro 2025 · Colima,BASES_NACIONALES/panorama_estatal_32.csv + BASES_NACIONALES/delitos_estatales_2015-2025/Estatal-Delitos-2015-2025_abr2026.csv,"panorama_estatal_32.csv columna [sesnsp_2025_secuestro] fila clave_ent=6. Derivado de groupby(Clave_Ent, Subtipo)['_total'].sum() sobre base estatal 2015-2025 · filtros exactos: ver script _construir_panorama_v3.py",2025-12 (corte abr-2026),VERIFICADO_AGREGADO,0.65% del nacional (464 en 32 estados). Aparece en tabla de la página-estado.
E06-007,pagina-estado Colima · tabla,"2,399",narcomenudeo 2025 · Colima,BASES_NACIONALES/panorama_estatal_32.csv + BASES_NACIONALES/delitos_estatales_2015-2025/Estatal-Delitos-2015-2025_abr2026.csv,"panorama_estatal_32.csv columna [sesnsp_2025_narcomenudeo] fila clave_ent=6. Derivado de groupby(Clave_Ent, Subtipo)['_total'].sum() sobre base estatal 2015-2025 · filtros exactos: ver script _construir_panorama_v3.py",2025-12 (corte abr-2026),VERIFICADO_AGREGADO,"2.30% del nacional (104,207 en 32 estados). Aparece en tabla de la página-estado."
E06-008,pagina-estado Colima · KPI,"4,249",violencia familiar 2025 · Colima,BASES_NACIONALES/panorama_estatal_32.csv + BASES_NACIONALES/delitos_estatales_2015-2025/Estatal-Delitos-2015-2025_abr2026.csv,"panorama_estatal_32.csv columna [sesnsp_2025_violencia_familiar] fila clave_ent=6. Derivado de groupby(Clave_Ent, Subtipo)['_total'].sum() sobre base estatal 2015-2025 · filtros exactos: ver script _construir_panorama_v3.py",2025-12 (corte abr-2026),VERIFICADO_AGREGADO,"1.59% del nacional (266,760 en 32 estados). Aparece en KPI de la página-estado."
E06-009,pagina-estado Colima · tabla,"4,090",robo (amplio · incluye allanamiento) 2025 · Colima,BASES_NACIONALES/panorama_estatal_32.csv + BASES_NACIONALES/delitos_estatales_2015-2025/Estatal-Delitos-2015-2025_abr2026.csv,"panorama_estatal_32.csv columna [sesnsp_2025_robo_amplio] fila clave_ent=6. Derivado de groupby(Clave_Ent, Subtipo)['_total'].sum() sobre base estatal 2015-2025 · filtros exactos: ver script _construir_panorama_v3.py",2025-12 (corte abr-2026),VERIFICADO_AGREGADO,"0.86% del nacional (474,378 en 32 estados). Aparece en tabla de la página-estado."
E06-010,pagina-estado Colima · tabla,"1,135",lesiones dolosas 2025 · Colima,BASES_NACIONALES/panorama_estatal_32.csv + BASES_NACIONALES/delitos_estatales_2015-2025/Estatal-Delitos-2015-2025_abr2026.csv,"panorama_estatal_32.csv columna [sesnsp_2025_lesiones_dolosas] fila clave_ent=6. Derivado de groupby(Clave_Ent, Subtipo)['_total'].sum() sobre base estatal 2015-2025 · filtros exactos: ver script _construir_panorama_v3.py",2025-12 (corte abr-2026),VERIFICADO_AGREGADO,"0.72% del nacional (156,623 en 32 estados). Aparece en tabla de la página-estado."
E06-011,pagina-estado Colima · tabla,350,abuso sexual 2025 · Colima,BASES_NACIONALES/panorama_estatal_32.csv + BASES_NACIONALES/delitos_estatales_2015-2025/Estatal-Delitos-2015-2025_abr2026.csv,"panorama_estatal_32.csv columna [sesnsp_2025_abuso_sexual] fila clave_ent=6. Derivado de groupby(Clave_Ent, Subtipo)['_total'].sum() sobre base estatal 2015-2025 · filtros exactos: ver script _construir_panorama_v3.py",2025-12 (corte abr-2026),VERIFICADO_AGREGADO,"1.06% del nacional (33,050 en 32 estados). Aparece en tabla de la página-estado."
E06-012,pagina-estado Colima · tabla,169,violación 2025 · Colima,BASES_NACIONALES/panorama_estatal_32.csv + BASES_NACIONALES/delitos_estatales_2015-2025/Estatal-Delitos-2015-2025_abr2026.csv,"panorama_estatal_32.csv columna [sesnsp_2025_violacion] fila clave_ent=6. Derivado de groupby(Clave_Ent, Subtipo)['_total'].sum() sobre base estatal 2015-2025 · filtros exactos: ver script _construir_panorama_v3.py",2025-12 (corte abr-2026),VERIFICADO_AGREGADO,"0.83% del nacional (20,280 en 32 estados). Aparece en tabla de la página-estado."
E06-013,pagina-estado Colima · tabla,"2,897",amenazas 2025 · Colima,BASES_NACIONALES/panorama_estatal_32.csv + BASES_NACIONALES/delitos_estatales_2015-2025/Estatal-Delitos-2015-2025_abr2026.csv,"panorama_estatal_32.csv columna [sesnsp_2025_amenazas] fila clave_ent=6. Derivado de groupby(Clave_Ent, Subtipo)['_total'].sum() sobre base estatal 2015-2025 · filtros exactos: ver script _construir_panorama_v3.py",2025-12 (corte abr-2026),VERIFICADO_AGREGADO,"2.09% del nacional (138,874 en 32 estados). Aparece en tabla de la página-estado."
E06-014,pagina-estado Colima · gráfico serie HD,162/502/698/617/661/544/474/738/792/749/557,Serie homicidio doloso 2015-2025 · Colima,BASES_NACIONALES/panorama_estatal_32.csv + BASES_NACIONALES/delitos_estatales_2015-2025/Estatal-Delitos-2015-2025_abr2026.csv,panorama_estatal_32.csv columnas serie_hd_2015..serie_hd_2025 fila clave_ent=6. base estatal única corte abr-2026 (11 años).,2025-12 (corte abr-2026),VERIFICADO_AGREGADO,Min: 162 · Max: 792 · Var %: -29.7% del pico
E06-015,pagina-estado Colima · ranking nacional,#23 de 32,Ranking nacional total carpetas 2025 · Colima,BASES_NACIONALES/panorama_estatal_32.csv + BASES_NACIONALES/delitos_estatales_2015-2025/Estatal-Delitos-2015-2025_abr2026.csv,panorama_estatal_32.csv columna [sesnsp_2025_total].rank(ascending=False) → posición de clave_ent=6,2025-12 (corte abr-2026),VERIFICADO_AGREGADO,1 = mayor incidencia · 32 = menor
E06-016,pagina-estado Colima · ranking nacional,#16 de 32,Ranking nacional homicidio doloso 2025 · Colima,BASES_NACIONALES/panorama_estatal_32.csv + BASES_NACIONALES/delitos_estatales_2015-2025/Estatal-Delitos-2015-2025_abr2026.csv,panorama_estatal_32.csv columna [sesnsp_2025_hd].rank(ascending=False) → posición de clave_ent=6,2025-12 (corte abr-2026),VERIFICADO_AGREGADO,1 = mayor incidencia · 32 = menor
E06-017,pagina-estado Colima · ranking nacional,#15 de 32,Ranking nacional extorsión 2025 · Colima,BASES_NACIONALES/panorama_estatal_32.csv + BASES_NACIONALES/delitos_estatales_2015-2025/Estatal-Delitos-2015-2025_abr2026.csv,panorama_estatal_32.csv columna [sesnsp_2025_extorsion].rank(ascending=False) → posición de clave_ent=6,2025-12 (corte abr-2026),VERIFICADO_AGREGADO,1 = mayor incidencia · 32 = menor
E06-018,pagina-estado Colima · ranking nacional,#32 de 32,Ranking nacional feminicidio 2025 · Colima,BASES_NACIONALES/panorama_estatal_32.csv + BASES_NACIONALES/delitos_estatales_2015-2025/Estatal-Delitos-2015-2025_abr2026.csv,panorama_estatal_32.csv columna [sesnsp_2025_feminicidio].rank(ascending=False) → posición de clave_ent=6,2025-12 (corte abr-2026),VERIFICADO_AGREGADO,1 = mayor incidencia · 32 = menor
E06-019,pagina-estado Colima · ranking nacional,#21 de 32,Ranking nacional violencia familiar 2025 · Colima,BASES_NACIONALES/panorama_estatal_32.csv + BASES_NACIONALES/delitos_estatales_2015-2025/Estatal-Delitos-2015-2025_abr2026.csv,panorama_estatal_32.csv columna [sesnsp_2025_violencia_familiar].rank(ascending=False) → posición de clave_ent=6,2025-12 (corte abr-2026),VERIFICADO_AGREGADO,1 = mayor incidencia · 32 = menor
E06-020,pagina-estado Colima · panel RNPDNO,"1,451",RNPDNO desaparecidos activos · Colima · al 3-jun-2026,BASES_NACIONALES/panorama_estatal_32.csv + EXCEL - SEGURIDAD MORELOS/NUEVOS REPORTES DESAPARICIONES/activos_por_entidad.csv,panorama_estatal_32.csv columna [rnpdno_desaparecidos] fila clave_ent=6. Mapeo nombre INEGI → alias RNPDNO. Fuente primaria: dashboard oficial post-reforma RNPDNO.,2026-06-03,VERIFICADO_AGREGADO,
E06-021,pagina-estado Colima · panel RNPDNO,73,RNPDNO no localizados · Colima · al 3-jun-2026,BASES_NACIONALES/panorama_estatal_32.csv + EXCEL - SEGURIDAD MORELOS/NUEVOS REPORTES DESAPARICIONES/activos_por_entidad.csv,panorama_estatal_32.csv columna [rnpdno_no_localizados] fila clave_ent=6. Mapeo nombre INEGI → alias RNPDNO. Fuente primaria: dashboard oficial post-reforma RNPDNO.,2026-06-03,VERIFICADO_AGREGADO,
E06-022,pagina-estado Colima · panel RNPDNO,"2,687",RNPDNO localizados con vida · Colima · al 3-jun-2026,BASES_NACIONALES/panorama_estatal_32.csv + EXCEL - SEGURIDAD MORELOS/NUEVOS REPORTES DESAPARICIONES/activos_por_entidad.csv,panorama_estatal_32.csv columna [rnpdno_loc_con_vida] fila clave_ent=6. Mapeo nombre INEGI → alias RNPDNO. Fuente primaria: dashboard oficial post-reforma RNPDNO.,2026-06-03,VERIFICADO_AGREGADO,
E06-023,pagina-estado Colima · panel RNPDNO,395,RNPDNO localizados sin vida · Colima · al 3-jun-2026,BASES_NACIONALES/panorama_estatal_32.csv + EXCEL - SEGURIDAD MORELOS/NUEVOS REPORTES DESAPARICIONES/activos_por_entidad.csv,panorama_estatal_32.csv columna [rnpdno_loc_sin_vida] fila clave_ent=6. Mapeo nombre INEGI → alias RNPDNO. Fuente primaria: dashboard oficial post-reforma RNPDNO.,2026-06-03,VERIFICADO_AGREGADO,
E06-024,pagina-estado Colima · panel RNPDNO,"1,524",RNPDNO activos totales (desap + no loc) · Colima · al 3-jun-2026,BASES_NACIONALES/panorama_estatal_32.csv + EXCEL - SEGURIDAD MORELOS/NUEVOS REPORTES DESAPARICIONES/activos_por_entidad.csv,panorama_estatal_32.csv columna [rnpdno_activos_total] fila clave_ent=6. Mapeo nombre INEGI → alias RNPDNO. Fuente primaria: dashboard oficial post-reforma RNPDNO.,2026-06-03,VERIFICADO_AGREGADO,1.14% del nacional
E06-025,pagina-estado Colima · ranking nacional RNPDNO,#23 de 32,Ranking nacional desaparecidos activos · Colima,BASES_NACIONALES/panorama_estatal_32.csv + EXCEL - SEGURIDAD MORELOS/NUEVOS REPORTES DESAPARICIONES/activos_por_entidad.csv,panorama_estatal_32.csv columna [rnpdno_activos_total].rank(ascending=False) → posición clave_ent=6,2026-06-03,VERIFICADO_AGREGADO,1 = mayor número de activos · 32 = menor
E06-026,pagina-estado Colima · KPI 2026 parcial,"8,987",Carpetas SESNSP 2026 parcial (ene-abr) · Colima,BASES_NACIONALES/panorama_estatal_32.csv + BASES_NACIONALES/delitos_estatales_RNID_2026/RNID-Delitos_Estatal-2026-abr2026.csv,panorama_estatal_32.csv columna [sesnsp_2026_parcial_total] fila clave_ent=6. RNID estatal 2026 corte abr-2026 · sum(Enero..Abril) por Clave_Ent · CON desglose por subtipo,2026-04 (corte abr-2026),VERIFICADO_AGREGADO,"1.38% del nacional T1 (652,342). Ritmo anualizado ×3 = 26,961 → +0.5% vs total 2025. Con desglose completo por subtipo (RNID estatal)."
E06-027,pagina-estado Colima · denominador tasas,"767,105",Población a mitad de año 2025 · Colima,BASES_NACIONALES/panorama_estatal_32.csv + BASES_NACIONALES/poblacion_estatal_conapo.csv (CONAPO pry23 · conapo.segob.gob.mx),"CONAPO pry23 00_Pob_Mitad_1950_2070.csv · sum(POBLACION) WHERE ANIO=2025 AND CVE_GEO=6 (todas edades y sexos). Validado: suma 32 entidades == nacional CVE_GEO=0 (133,367,428 · diff 0)",2025 (proyección pry23),VERIFICADO_AGREGADO,Denominador oficial para todas las tasas /100K del estado
E06-028,pagina-estado Colima · KPI tasa,72.61,tasa homicidio doloso por 100K hab 2025 · Colima,BASES_NACIONALES/panorama_estatal_32.csv + BASES_NACIONALES/poblacion_estatal_conapo.csv (CONAPO pry23 · conapo.segob.gob.mx),"panorama [sesnsp_2025_hd] (557) / poblacion_2025 (767,105) × 100,000 = 72.61",2024,VERIFICADO_AGREGADO,Ranking nacional por tasa: #1 de 32 (1 = mayor tasa)
E06-029,pagina-estado Colima · KPI tasa,0.391,"tasa feminicidio por 100K hab 2025 (poblacion total, declarado) · Colima",BASES_NACIONALES/panorama_estatal_32.csv + BASES_NACIONALES/poblacion_estatal_conapo.csv (CONAPO pry23 · conapo.segob.gob.mx),"panorama [sesnsp_2025_feminicidio] (3) / poblacion_2025 (767,105) × 100,000 = 0.391",2024,VERIFICADO_AGREGADO,Ranking nacional por tasa: #23 de 32 (1 = mayor tasa)
E06-030,pagina-estado Colima · KPI tasa,3495.5,tasa total carpetas por 100K hab 2025 · Colima,BASES_NACIONALES/panorama_estatal_32.csv + BASES_NACIONALES/poblacion_estatal_conapo.csv (CONAPO pry23 · conapo.segob.gob.mx),"panorama [sesnsp_2025_total] (26,814) / poblacion_2025 (767,105) × 100,000 = 3495.5",2024,VERIFICADO_AGREGADO,Ranking nacional por tasa: #1 de 32 (1 = mayor tasa)
E06-031,pagina-estado Colima · KPI tasa,198.7,tasa desaparecidos activos por 100K hab · Colima,BASES_NACIONALES/panorama_estatal_32.csv + BASES_NACIONALES/poblacion_estatal_conapo.csv (CONAPO pry23 · conapo.segob.gob.mx),"panorama [rnpdno_activos_total] (1,524) / poblacion_2025 (767,105) × 100,000 = 198.7",2024,VERIFICADO_AGREGADO,Ranking nacional por tasa: #4 de 32 (1 = mayor tasa)
E06-032,pagina-estado Colima · KPI tasa,0.391,tasa secuestro por 100K hab 2025 · Colima,BASES_NACIONALES/panorama_estatal_32.csv + BASES_NACIONALES/poblacion_estatal_conapo.csv (CONAPO pry23 · conapo.segob.gob.mx),"panorama [sesnsp_2025_secuestro] (3) / poblacion_2025 (767,105) × 100,000 = 0.391",2024,VERIFICADO_AGREGADO,Ranking nacional por tasa: #10 de 32 (1 = mayor tasa)
E06-033,pagina-estado Colima · KPI tasa,553.9,tasa violencia familiar por 100K hab 2025 · Colima,BASES_NACIONALES/panorama_estatal_32.csv + BASES_NACIONALES/poblacion_estatal_conapo.csv (CONAPO pry23 · conapo.segob.gob.mx),"panorama [sesnsp_2025_violencia_familiar] (4,249) / poblacion_2025 (767,105) × 100,000 = 553.9",2024,VERIFICADO_AGREGADO,Ranking nacional por tasa: #1 de 32 (1 = mayor tasa)
E06-034,pagina-estado Colima · KPI tasa,22.03,tasa violacion (simple+equiparada) por 100K hab 2025 · Colima,BASES_NACIONALES/panorama_estatal_32.csv + BASES_NACIONALES/poblacion_estatal_conapo.csv (CONAPO pry23 · conapo.segob.gob.mx),"panorama [sesnsp_2025_violacion] (169) / poblacion_2025 (767,105) × 100,000 = 22.03",2024,VERIFICADO_AGREGADO,Ranking nacional por tasa: #11 de 32 (1 = mayor tasa)
E07-001,pagina-estado Chiapas · KPI,"11,031",total carpetas SESNSP 2025 · Chiapas,BASES_NACIONALES/panorama_estatal_32.csv + BASES_NACIONALES/delitos_estatales_2015-2025/Estatal-Delitos-2015-2025_abr2026.csv,"panorama_estatal_32.csv columna [sesnsp_2025_total] fila clave_ent=7. Derivado de groupby(Clave_Ent, Subtipo)['_total'].sum() sobre base estatal 2015-2025 · filtros exactos: ver script _construir_panorama_v3.py",2025-12 (corte abr-2026),VERIFICADO_AGREGADO,"0.55% del nacional (2,016,723 en 32 estados). Aparece en KPI de la página-estado."
E07-002,pagina-estado Chiapas · KPI,324,homicidio doloso 2025 · Chiapas,BASES_NACIONALES/panorama_estatal_32.csv + BASES_NACIONALES/delitos_estatales_2015-2025/Estatal-Delitos-2015-2025_abr2026.csv,"panorama_estatal_32.csv columna [sesnsp_2025_hd] fila clave_ent=7. Derivado de groupby(Clave_Ent, Subtipo)['_total'].sum() sobre base estatal 2015-2025 · filtros exactos: ver script _construir_panorama_v3.py",2025-12 (corte abr-2026),VERIFICADO_AGREGADO,"1.62% del nacional (19,987 en 32 estados). Aparece en KPI de la página-estado."
E07-003,pagina-estado Chiapas · tabla,780,homicidio culposo 2025 · Chiapas,BASES_NACIONALES/panorama_estatal_32.csv + BASES_NACIONALES/delitos_estatales_2015-2025/Estatal-Delitos-2015-2025_abr2026.csv,"panorama_estatal_32.csv columna [sesnsp_2025_hc] fila clave_ent=7. Derivado de groupby(Clave_Ent, Subtipo)['_total'].sum() sobre base estatal 2015-2025 · filtros exactos: ver script _construir_panorama_v3.py",2025-12 (corte abr-2026),VERIFICADO_AGREGADO,"4.60% del nacional (16,945 en 32 estados). Aparece en tabla de la página-estado."
E07-004,pagina-estado Chiapas · KPI,31,feminicidio 2025 · Chiapas,BASES_NACIONALES/panorama_estatal_32.csv + BASES_NACIONALES/delitos_estatales_2015-2025/Estatal-Delitos-2015-2025_abr2026.csv,"panorama_estatal_32.csv columna [sesnsp_2025_feminicidio] fila clave_ent=7. Derivado de groupby(Clave_Ent, Subtipo)['_total'].sum() sobre base estatal 2015-2025 · filtros exactos: ver script _construir_panorama_v3.py",2025-12 (corte abr-2026),VERIFICADO_AGREGADO,4.36% del nacional (711 en 32 estados). Aparece en KPI de la página-estado.
E07-005,pagina-estado Chiapas · KPI,85,extorsión 2025 · Chiapas,BASES_NACIONALES/panorama_estatal_32.csv + BASES_NACIONALES/delitos_estatales_2015-2025/Estatal-Delitos-2015-2025_abr2026.csv,"panorama_estatal_32.csv columna [sesnsp_2025_extorsion] fila clave_ent=7. Derivado de groupby(Clave_Ent, Subtipo)['_total'].sum() sobre base estatal 2015-2025 · filtros exactos: ver script _construir_panorama_v3.py",2025-12 (corte abr-2026),VERIFICADO_AGREGADO,"0.81% del nacional (10,507 en 32 estados). Aparece en KPI de la página-estado."
E07-006,pagina-estado Chiapas · tabla,12,secuestro 2025 · Chiapas,BASES_NACIONALES/panorama_estatal_32.csv + BASES_NACIONALES/delitos_estatales_2015-2025/Estatal-Delitos-2015-2025_abr2026.csv,"panorama_estatal_32.csv columna [sesnsp_2025_secuestro] fila clave_ent=7. Derivado de groupby(Clave_Ent, Subtipo)['_total'].sum() sobre base estatal 2015-2025 · filtros exactos: ver script _construir_panorama_v3.py",2025-12 (corte abr-2026),VERIFICADO_AGREGADO,2.59% del nacional (464 en 32 estados). Aparece en tabla de la página-estado.
E07-007,pagina-estado Chiapas · tabla,"1,411",narcomenudeo 2025 · Chiapas,BASES_NACIONALES/panorama_estatal_32.csv + BASES_NACIONALES/delitos_estatales_2015-2025/Estatal-Delitos-2015-2025_abr2026.csv,"panorama_estatal_32.csv columna [sesnsp_2025_narcomenudeo] fila clave_ent=7. Derivado de groupby(Clave_Ent, Subtipo)['_total'].sum() sobre base estatal 2015-2025 · filtros exactos: ver script _construir_panorama_v3.py",2025-12 (corte abr-2026),VERIFICADO_AGREGADO,"1.35% del nacional (104,207 en 32 estados). Aparece en tabla de la página-estado."
E07-008,pagina-estado Chiapas · KPI,802,violencia familiar 2025 · Chiapas,BASES_NACIONALES/panorama_estatal_32.csv + BASES_NACIONALES/delitos_estatales_2015-2025/Estatal-Delitos-2015-2025_abr2026.csv,"panorama_estatal_32.csv columna [sesnsp_2025_violencia_familiar] fila clave_ent=7. Derivado de groupby(Clave_Ent, Subtipo)['_total'].sum() sobre base estatal 2015-2025 · filtros exactos: ver script _construir_panorama_v3.py",2025-12 (corte abr-2026),VERIFICADO_AGREGADO,"0.30% del nacional (266,760 en 32 estados). Aparece en KPI de la página-estado."
E07-009,pagina-estado Chiapas · tabla,"1,678",robo (amplio · incluye allanamiento) 2025 · Chiapas,BASES_NACIONALES/panorama_estatal_32.csv + BASES_NACIONALES/delitos_estatales_2015-2025/Estatal-Delitos-2015-2025_abr2026.csv,"panorama_estatal_32.csv columna [sesnsp_2025_robo_amplio] fila clave_ent=7. Derivado de groupby(Clave_Ent, Subtipo)['_total'].sum() sobre base estatal 2015-2025 · filtros exactos: ver script _construir_panorama_v3.py",2025-12 (corte abr-2026),VERIFICADO_AGREGADO,"0.35% del nacional (474,378 en 32 estados). Aparece en tabla de la página-estado."
E07-010,pagina-estado Chiapas · tabla,430,lesiones dolosas 2025 · Chiapas,BASES_NACIONALES/panorama_estatal_32.csv + BASES_NACIONALES/delitos_estatales_2015-2025/Estatal-Delitos-2015-2025_abr2026.csv,"panorama_estatal_32.csv columna [sesnsp_2025_lesiones_dolosas] fila clave_ent=7. Derivado de groupby(Clave_Ent, Subtipo)['_total'].sum() sobre base estatal 2015-2025 · filtros exactos: ver script _construir_panorama_v3.py",2025-12 (corte abr-2026),VERIFICADO_AGREGADO,"0.27% del nacional (156,623 en 32 estados). Aparece en tabla de la página-estado."
E07-011,pagina-estado Chiapas · tabla,120,abuso sexual 2025 · Chiapas,BASES_NACIONALES/panorama_estatal_32.csv + BASES_NACIONALES/delitos_estatales_2015-2025/Estatal-Delitos-2015-2025_abr2026.csv,"panorama_estatal_32.csv columna [sesnsp_2025_abuso_sexual] fila clave_ent=7. Derivado de groupby(Clave_Ent, Subtipo)['_total'].sum() sobre base estatal 2015-2025 · filtros exactos: ver script _construir_panorama_v3.py",2025-12 (corte abr-2026),VERIFICADO_AGREGADO,"0.36% del nacional (33,050 en 32 estados). Aparece en tabla de la página-estado."
E07-012,pagina-estado Chiapas · tabla,284,violación 2025 · Chiapas,BASES_NACIONALES/panorama_estatal_32.csv + BASES_NACIONALES/delitos_estatales_2015-2025/Estatal-Delitos-2015-2025_abr2026.csv,"panorama_estatal_32.csv columna [sesnsp_2025_violacion] fila clave_ent=7. Derivado de groupby(Clave_Ent, Subtipo)['_total'].sum() sobre base estatal 2015-2025 · filtros exactos: ver script _construir_panorama_v3.py",2025-12 (corte abr-2026),VERIFICADO_AGREGADO,"1.40% del nacional (20,280 en 32 estados). Aparece en tabla de la página-estado."
E07-013,pagina-estado Chiapas · tabla,691,amenazas 2025 · Chiapas,BASES_NACIONALES/panorama_estatal_32.csv + BASES_NACIONALES/delitos_estatales_2015-2025/Estatal-Delitos-2015-2025_abr2026.csv,"panorama_estatal_32.csv columna [sesnsp_2025_amenazas] fila clave_ent=7. Derivado de groupby(Clave_Ent, Subtipo)['_total'].sum() sobre base estatal 2015-2025 · filtros exactos: ver script _construir_panorama_v3.py",2025-12 (corte abr-2026),VERIFICADO_AGREGADO,"0.50% del nacional (138,874 en 32 estados). Aparece en tabla de la página-estado."
E07-014,pagina-estado Chiapas · gráfico serie HD,502/468/475/562/525/419/429/377/500/662/324,Serie homicidio doloso 2015-2025 · Chiapas,BASES_NACIONALES/panorama_estatal_32.csv + BASES_NACIONALES/delitos_estatales_2015-2025/Estatal-Delitos-2015-2025_abr2026.csv,panorama_estatal_32.csv columnas serie_hd_2015..serie_hd_2025 fila clave_ent=7. base estatal única corte abr-2026 (11 años).,2025-12 (corte abr-2026),VERIFICADO_AGREGADO,Min: 324 · Max: 662 · Var %: -51.1% del pico
E07-015,pagina-estado Chiapas · ranking nacional,#28 de 32,Ranking nacional total carpetas 2025 · Chiapas,BASES_NACIONALES/panorama_estatal_32.csv + BASES_NACIONALES/delitos_estatales_2015-2025/Estatal-Delitos-2015-2025_abr2026.csv,panorama_estatal_32.csv columna [sesnsp_2025_total].rank(ascending=False) → posición de clave_ent=7,2025-12 (corte abr-2026),VERIFICADO_AGREGADO,1 = mayor incidencia · 32 = menor
E07-016,pagina-estado Chiapas · ranking nacional,#18 de 32,Ranking nacional homicidio doloso 2025 · Chiapas,BASES_NACIONALES/panorama_estatal_32.csv + BASES_NACIONALES/delitos_estatales_2015-2025/Estatal-Delitos-2015-2025_abr2026.csv,panorama_estatal_32.csv columna [sesnsp_2025_hd].rank(ascending=False) → posición de clave_ent=7,2025-12 (corte abr-2026),VERIFICADO_AGREGADO,1 = mayor incidencia · 32 = menor
E07-017,pagina-estado Chiapas · ranking nacional,#21 de 32,Ranking nacional extorsión 2025 · Chiapas,BASES_NACIONALES/panorama_estatal_32.csv + BASES_NACIONALES/delitos_estatales_2015-2025/Estatal-Delitos-2015-2025_abr2026.csv,panorama_estatal_32.csv columna [sesnsp_2025_extorsion].rank(ascending=False) → posición de clave_ent=7,2025-12 (corte abr-2026),VERIFICADO_AGREGADO,1 = mayor incidencia · 32 = menor
E07-018,pagina-estado Chiapas · ranking nacional,#9 de 32,Ranking nacional feminicidio 2025 · Chiapas,BASES_NACIONALES/panorama_estatal_32.csv + BASES_NACIONALES/delitos_estatales_2015-2025/Estatal-Delitos-2015-2025_abr2026.csv,panorama_estatal_32.csv columna [sesnsp_2025_feminicidio].rank(ascending=False) → posición de clave_ent=7,2025-12 (corte abr-2026),VERIFICADO_AGREGADO,1 = mayor incidencia · 32 = menor
E07-019,pagina-estado Chiapas · ranking nacional,#29 de 32,Ranking nacional violencia familiar 2025 · Chiapas,BASES_NACIONALES/panorama_estatal_32.csv + BASES_NACIONALES/delitos_estatales_2015-2025/Estatal-Delitos-2015-2025_abr2026.csv,panorama_estatal_32.csv columna [sesnsp_2025_violencia_familiar].rank(ascending=False) → posición de clave_ent=7,2025-12 (corte abr-2026),VERIFICADO_AGREGADO,1 = mayor incidencia · 32 = menor
E07-020,pagina-estado Chiapas · panel RNPDNO,"1,700",RNPDNO desaparecidos activos · Chiapas · al 3-jun-2026,BASES_NACIONALES/panorama_estatal_32.csv + EXCEL - SEGURIDAD MORELOS/NUEVOS REPORTES DESAPARICIONES/activos_por_entidad.csv,panorama_estatal_32.csv columna [rnpdno_desaparecidos] fila clave_ent=7. Mapeo nombre INEGI → alias RNPDNO. Fuente primaria: dashboard oficial post-reforma RNPDNO.,2026-06-03,VERIFICADO_AGREGADO,
E07-021,pagina-estado Chiapas · panel RNPDNO,334,RNPDNO no localizados · Chiapas · al 3-jun-2026,BASES_NACIONALES/panorama_estatal_32.csv + EXCEL - SEGURIDAD MORELOS/NUEVOS REPORTES DESAPARICIONES/activos_por_entidad.csv,panorama_estatal_32.csv columna [rnpdno_no_localizados] fila clave_ent=7. Mapeo nombre INEGI → alias RNPDNO. Fuente primaria: dashboard oficial post-reforma RNPDNO.,2026-06-03,VERIFICADO_AGREGADO,
E07-022,pagina-estado Chiapas · panel RNPDNO,"7,560",RNPDNO localizados con vida · Chiapas · al 3-jun-2026,BASES_NACIONALES/panorama_estatal_32.csv + EXCEL - SEGURIDAD MORELOS/NUEVOS REPORTES DESAPARICIONES/activos_por_entidad.csv,panorama_estatal_32.csv columna [rnpdno_loc_con_vida] fila clave_ent=7. Mapeo nombre INEGI → alias RNPDNO. Fuente primaria: dashboard oficial post-reforma RNPDNO.,2026-06-03,VERIFICADO_AGREGADO,
E07-023,pagina-estado Chiapas · panel RNPDNO,308,RNPDNO localizados sin vida · Chiapas · al 3-jun-2026,BASES_NACIONALES/panorama_estatal_32.csv + EXCEL - SEGURIDAD MORELOS/NUEVOS REPORTES DESAPARICIONES/activos_por_entidad.csv,panorama_estatal_32.csv columna [rnpdno_loc_sin_vida] fila clave_ent=7. Mapeo nombre INEGI → alias RNPDNO. Fuente primaria: dashboard oficial post-reforma RNPDNO.,2026-06-03,VERIFICADO_AGREGADO,
E07-024,pagina-estado Chiapas · panel RNPDNO,"2,034",RNPDNO activos totales (desap + no loc) · Chiapas · al 3-jun-2026,BASES_NACIONALES/panorama_estatal_32.csv + EXCEL - SEGURIDAD MORELOS/NUEVOS REPORTES DESAPARICIONES/activos_por_entidad.csv,panorama_estatal_32.csv columna [rnpdno_activos_total] fila clave_ent=7. Mapeo nombre INEGI → alias RNPDNO. Fuente primaria: dashboard oficial post-reforma RNPDNO.,2026-06-03,VERIFICADO_AGREGADO,1.52% del nacional
E07-025,pagina-estado Chiapas · ranking nacional RNPDNO,#20 de 32,Ranking nacional desaparecidos activos · Chiapas,BASES_NACIONALES/panorama_estatal_32.csv + EXCEL - SEGURIDAD MORELOS/NUEVOS REPORTES DESAPARICIONES/activos_por_entidad.csv,panorama_estatal_32.csv columna [rnpdno_activos_total].rank(ascending=False) → posición clave_ent=7,2026-06-03,VERIFICADO_AGREGADO,1 = mayor número de activos · 32 = menor
E07-026,pagina-estado Chiapas · KPI 2026 parcial,"2,922",Carpetas SESNSP 2026 parcial (ene-abr) · Chiapas,BASES_NACIONALES/panorama_estatal_32.csv + BASES_NACIONALES/delitos_estatales_RNID_2026/RNID-Delitos_Estatal-2026-abr2026.csv,panorama_estatal_32.csv columna [sesnsp_2026_parcial_total] fila clave_ent=7. RNID estatal 2026 corte abr-2026 · sum(Enero..Abril) por Clave_Ent · CON desglose por subtipo,2026-04 (corte abr-2026),VERIFICADO_AGREGADO,"0.45% del nacional T1 (652,342). Ritmo anualizado ×3 = 8,766 → -20.5% vs total 2025. Con desglose completo por subtipo (RNID estatal)."
E07-027,pagina-estado Chiapas · denominador tasas,"6,107,903",Población a mitad de año 2025 · Chiapas,BASES_NACIONALES/panorama_estatal_32.csv + BASES_NACIONALES/poblacion_estatal_conapo.csv (CONAPO pry23 · conapo.segob.gob.mx),"CONAPO pry23 00_Pob_Mitad_1950_2070.csv · sum(POBLACION) WHERE ANIO=2025 AND CVE_GEO=7 (todas edades y sexos). Validado: suma 32 entidades == nacional CVE_GEO=0 (133,367,428 · diff 0)",2025 (proyección pry23),VERIFICADO_AGREGADO,Denominador oficial para todas las tasas /100K del estado
E07-028,pagina-estado Chiapas · KPI tasa,5.3,tasa homicidio doloso por 100K hab 2025 · Chiapas,BASES_NACIONALES/panorama_estatal_32.csv + BASES_NACIONALES/poblacion_estatal_conapo.csv (CONAPO pry23 · conapo.segob.gob.mx),"panorama [sesnsp_2025_hd] (324) / poblacion_2025 (6,107,903) × 100,000 = 5.3",2024,VERIFICADO_AGREGADO,Ranking nacional por tasa: #28 de 32 (1 = mayor tasa)
E07-029,pagina-estado Chiapas · KPI tasa,0.508,"tasa feminicidio por 100K hab 2025 (poblacion total, declarado) · Chiapas",BASES_NACIONALES/panorama_estatal_32.csv + BASES_NACIONALES/poblacion_estatal_conapo.csv (CONAPO pry23 · conapo.segob.gob.mx),"panorama [sesnsp_2025_feminicidio] (31) / poblacion_2025 (6,107,903) × 100,000 = 0.508",2024,VERIFICADO_AGREGADO,Ranking nacional por tasa: #15 de 32 (1 = mayor tasa)
E07-030,pagina-estado Chiapas · KPI tasa,180.6,tasa total carpetas por 100K hab 2025 · Chiapas,BASES_NACIONALES/panorama_estatal_32.csv + BASES_NACIONALES/poblacion_estatal_conapo.csv (CONAPO pry23 · conapo.segob.gob.mx),"panorama [sesnsp_2025_total] (11,031) / poblacion_2025 (6,107,903) × 100,000 = 180.6",2024,VERIFICADO_AGREGADO,Ranking nacional por tasa: #31 de 32 (1 = mayor tasa)
E07-031,pagina-estado Chiapas · KPI tasa,33.3,tasa desaparecidos activos por 100K hab · Chiapas,BASES_NACIONALES/panorama_estatal_32.csv + BASES_NACIONALES/poblacion_estatal_conapo.csv (CONAPO pry23 · conapo.segob.gob.mx),"panorama [rnpdno_activos_total] (2,034) / poblacion_2025 (6,107,903) × 100,000 = 33.3",2024,VERIFICADO_AGREGADO,Ranking nacional por tasa: #26 de 32 (1 = mayor tasa)
E07-032,pagina-estado Chiapas · KPI tasa,0.196,tasa secuestro por 100K hab 2025 · Chiapas,BASES_NACIONALES/panorama_estatal_32.csv + BASES_NACIONALES/poblacion_estatal_conapo.csv (CONAPO pry23 · conapo.segob.gob.mx),"panorama [sesnsp_2025_secuestro] (12) / poblacion_2025 (6,107,903) × 100,000 = 0.196",2024,VERIFICADO_AGREGADO,Ranking nacional por tasa: #17 de 32 (1 = mayor tasa)
E07-033,pagina-estado Chiapas · KPI tasa,13.1,tasa violencia familiar por 100K hab 2025 · Chiapas,BASES_NACIONALES/panorama_estatal_32.csv + BASES_NACIONALES/poblacion_estatal_conapo.csv (CONAPO pry23 · conapo.segob.gob.mx),"panorama [sesnsp_2025_violencia_familiar] (802) / poblacion_2025 (6,107,903) × 100,000 = 13.1",2024,VERIFICADO_AGREGADO,Ranking nacional por tasa: #30 de 32 (1 = mayor tasa)
E07-034,pagina-estado Chiapas · KPI tasa,4.65,tasa violacion (simple+equiparada) por 100K hab 2025 · Chiapas,BASES_NACIONALES/panorama_estatal_32.csv + BASES_NACIONALES/poblacion_estatal_conapo.csv (CONAPO pry23 · conapo.segob.gob.mx),"panorama [sesnsp_2025_violacion] (284) / poblacion_2025 (6,107,903) × 100,000 = 4.65",2024,VERIFICADO_AGREGADO,Ranking nacional por tasa: #30 de 32 (1 = mayor tasa)
E08-001,pagina-estado Chihuahua · KPI,"73,861",total carpetas SESNSP 2025 · Chihuahua,BASES_NACIONALES/panorama_estatal_32.csv + BASES_NACIONALES/delitos_estatales_2015-2025/Estatal-Delitos-2015-2025_abr2026.csv,"panorama_estatal_32.csv columna [sesnsp_2025_total] fila clave_ent=8. Derivado de groupby(Clave_Ent, Subtipo)['_total'].sum() sobre base estatal 2015-2025 · filtros exactos: ver script _construir_panorama_v3.py",2025-12 (corte abr-2026),VERIFICADO_AGREGADO,"3.66% del nacional (2,016,723 en 32 estados). Aparece en KPI de la página-estado."
E08-002,pagina-estado Chihuahua · KPI,"1,490",homicidio doloso 2025 · Chihuahua,BASES_NACIONALES/panorama_estatal_32.csv + BASES_NACIONALES/delitos_estatales_2015-2025/Estatal-Delitos-2015-2025_abr2026.csv,"panorama_estatal_32.csv columna [sesnsp_2025_hd] fila clave_ent=8. Derivado de groupby(Clave_Ent, Subtipo)['_total'].sum() sobre base estatal 2015-2025 · filtros exactos: ver script _construir_panorama_v3.py",2025-12 (corte abr-2026),VERIFICADO_AGREGADO,"7.45% del nacional (19,987 en 32 estados). Aparece en KPI de la página-estado."
E08-003,pagina-estado Chihuahua · tabla,316,homicidio culposo 2025 · Chihuahua,BASES_NACIONALES/panorama_estatal_32.csv + BASES_NACIONALES/delitos_estatales_2015-2025/Estatal-Delitos-2015-2025_abr2026.csv,"panorama_estatal_32.csv columna [sesnsp_2025_hc] fila clave_ent=8. Derivado de groupby(Clave_Ent, Subtipo)['_total'].sum() sobre base estatal 2015-2025 · filtros exactos: ver script _construir_panorama_v3.py",2025-12 (corte abr-2026),VERIFICADO_AGREGADO,"1.86% del nacional (16,945 en 32 estados). Aparece en tabla de la página-estado."
E08-004,pagina-estado Chihuahua · KPI,45,feminicidio 2025 · Chihuahua,BASES_NACIONALES/panorama_estatal_32.csv + BASES_NACIONALES/delitos_estatales_2015-2025/Estatal-Delitos-2015-2025_abr2026.csv,"panorama_estatal_32.csv columna [sesnsp_2025_feminicidio] fila clave_ent=8. Derivado de groupby(Clave_Ent, Subtipo)['_total'].sum() sobre base estatal 2015-2025 · filtros exactos: ver script _construir_panorama_v3.py",2025-12 (corte abr-2026),VERIFICADO_AGREGADO,6.33% del nacional (711 en 32 estados). Aparece en KPI de la página-estado.
E08-005,pagina-estado Chihuahua · KPI,10,extorsión 2025 · Chihuahua,BASES_NACIONALES/panorama_estatal_32.csv + BASES_NACIONALES/delitos_estatales_2015-2025/Estatal-Delitos-2015-2025_abr2026.csv,"panorama_estatal_32.csv columna [sesnsp_2025_extorsion] fila clave_ent=8. Derivado de groupby(Clave_Ent, Subtipo)['_total'].sum() sobre base estatal 2015-2025 · filtros exactos: ver script _construir_panorama_v3.py",2025-12 (corte abr-2026),VERIFICADO_AGREGADO,"0.10% del nacional (10,507 en 32 estados). Aparece en KPI de la página-estado."
E08-006,pagina-estado Chihuahua · tabla,73,secuestro 2025 · Chihuahua,BASES_NACIONALES/panorama_estatal_32.csv + BASES_NACIONALES/delitos_estatales_2015-2025/Estatal-Delitos-2015-2025_abr2026.csv,"panorama_estatal_32.csv columna [sesnsp_2025_secuestro] fila clave_ent=8. Derivado de groupby(Clave_Ent, Subtipo)['_total'].sum() sobre base estatal 2015-2025 · filtros exactos: ver script _construir_panorama_v3.py",2025-12 (corte abr-2026),VERIFICADO_AGREGADO,15.73% del nacional (464 en 32 estados). Aparece en tabla de la página-estado.
E08-007,pagina-estado Chihuahua · tabla,"3,801",narcomenudeo 2025 · Chihuahua,BASES_NACIONALES/panorama_estatal_32.csv + BASES_NACIONALES/delitos_estatales_2015-2025/Estatal-Delitos-2015-2025_abr2026.csv,"panorama_estatal_32.csv columna [sesnsp_2025_narcomenudeo] fila clave_ent=8. Derivado de groupby(Clave_Ent, Subtipo)['_total'].sum() sobre base estatal 2015-2025 · filtros exactos: ver script _construir_panorama_v3.py",2025-12 (corte abr-2026),VERIFICADO_AGREGADO,"3.65% del nacional (104,207 en 32 estados). Aparece en tabla de la página-estado."
E08-008,pagina-estado Chihuahua · KPI,"14,050",violencia familiar 2025 · Chihuahua,BASES_NACIONALES/panorama_estatal_32.csv + BASES_NACIONALES/delitos_estatales_2015-2025/Estatal-Delitos-2015-2025_abr2026.csv,"panorama_estatal_32.csv columna [sesnsp_2025_violencia_familiar] fila clave_ent=8. Derivado de groupby(Clave_Ent, Subtipo)['_total'].sum() sobre base estatal 2015-2025 · filtros exactos: ver script _construir_panorama_v3.py",2025-12 (corte abr-2026),VERIFICADO_AGREGADO,"5.27% del nacional (266,760 en 32 estados). Aparece en KPI de la página-estado."
E08-009,pagina-estado Chihuahua · tabla,"11,624",robo (amplio · incluye allanamiento) 2025 · Chihuahua,BASES_NACIONALES/panorama_estatal_32.csv + BASES_NACIONALES/delitos_estatales_2015-2025/Estatal-Delitos-2015-2025_abr2026.csv,"panorama_estatal_32.csv columna [sesnsp_2025_robo_amplio] fila clave_ent=8. Derivado de groupby(Clave_Ent, Subtipo)['_total'].sum() sobre base estatal 2015-2025 · filtros exactos: ver script _construir_panorama_v3.py",2025-12 (corte abr-2026),VERIFICADO_AGREGADO,"2.45% del nacional (474,378 en 32 estados). Aparece en tabla de la página-estado."
E08-010,pagina-estado Chihuahua · tabla,"5,462",lesiones dolosas 2025 · Chihuahua,BASES_NACIONALES/panorama_estatal_32.csv + BASES_NACIONALES/delitos_estatales_2015-2025/Estatal-Delitos-2015-2025_abr2026.csv,"panorama_estatal_32.csv columna [sesnsp_2025_lesiones_dolosas] fila clave_ent=8. Derivado de groupby(Clave_Ent, Subtipo)['_total'].sum() sobre base estatal 2015-2025 · filtros exactos: ver script _construir_panorama_v3.py",2025-12 (corte abr-2026),VERIFICADO_AGREGADO,"3.49% del nacional (156,623 en 32 estados). Aparece en tabla de la página-estado."
E08-011,pagina-estado Chihuahua · tabla,"1,865",abuso sexual 2025 · Chihuahua,BASES_NACIONALES/panorama_estatal_32.csv + BASES_NACIONALES/delitos_estatales_2015-2025/Estatal-Delitos-2015-2025_abr2026.csv,"panorama_estatal_32.csv columna [sesnsp_2025_abuso_sexual] fila clave_ent=8. Derivado de groupby(Clave_Ent, Subtipo)['_total'].sum() sobre base estatal 2015-2025 · filtros exactos: ver script _construir_panorama_v3.py",2025-12 (corte abr-2026),VERIFICADO_AGREGADO,"5.64% del nacional (33,050 en 32 estados). Aparece en tabla de la página-estado."
E08-012,pagina-estado Chihuahua · tabla,"1,440",violación 2025 · Chihuahua,BASES_NACIONALES/panorama_estatal_32.csv + BASES_NACIONALES/delitos_estatales_2015-2025/Estatal-Delitos-2015-2025_abr2026.csv,"panorama_estatal_32.csv columna [sesnsp_2025_violacion] fila clave_ent=8. Derivado de groupby(Clave_Ent, Subtipo)['_total'].sum() sobre base estatal 2015-2025 · filtros exactos: ver script _construir_panorama_v3.py",2025-12 (corte abr-2026),VERIFICADO_AGREGADO,"7.10% del nacional (20,280 en 32 estados). Aparece en tabla de la página-estado."
E08-013,pagina-estado Chihuahua · tabla,"3,580",amenazas 2025 · Chihuahua,BASES_NACIONALES/panorama_estatal_32.csv + BASES_NACIONALES/delitos_estatales_2015-2025/Estatal-Delitos-2015-2025_abr2026.csv,"panorama_estatal_32.csv columna [sesnsp_2025_amenazas] fila clave_ent=8. Derivado de groupby(Clave_Ent, Subtipo)['_total'].sum() sobre base estatal 2015-2025 · filtros exactos: ver script _construir_panorama_v3.py",2025-12 (corte abr-2026),VERIFICADO_AGREGADO,"2.58% del nacional (138,874 en 32 estados). Aparece en tabla de la página-estado."
E08-014,pagina-estado Chihuahua · gráfico serie HD,945/1232/1566/1809/2181/2296/2060/1668/1776/1705/1490,Serie homicidio doloso 2015-2025 · Chihuahua,BASES_NACIONALES/panorama_estatal_32.csv + BASES_NACIONALES/delitos_estatales_2015-2025/Estatal-Delitos-2015-2025_abr2026.csv,panorama_estatal_32.csv columnas serie_hd_2015..serie_hd_2025 fila clave_ent=8. base estatal única corte abr-2026 (11 años).,2025-12 (corte abr-2026),VERIFICADO_AGREGADO,Min: 945 · Max: 2296 · Var %: -35.1% del pico
E08-015,pagina-estado Chihuahua · ranking nacional,#9 de 32,Ranking nacional total carpetas 2025 · Chihuahua,BASES_NACIONALES/panorama_estatal_32.csv + BASES_NACIONALES/delitos_estatales_2015-2025/Estatal-Delitos-2015-2025_abr2026.csv,panorama_estatal_32.csv columna [sesnsp_2025_total].rank(ascending=False) → posición de clave_ent=8,2025-12 (corte abr-2026),VERIFICADO_AGREGADO,1 = mayor incidencia · 32 = menor
E08-016,pagina-estado Chihuahua · ranking nacional,#3 de 32,Ranking nacional homicidio doloso 2025 · Chihuahua,BASES_NACIONALES/panorama_estatal_32.csv + BASES_NACIONALES/delitos_estatales_2015-2025/Estatal-Delitos-2015-2025_abr2026.csv,panorama_estatal_32.csv columna [sesnsp_2025_hd].rank(ascending=False) → posición de clave_ent=8,2025-12 (corte abr-2026),VERIFICADO_AGREGADO,1 = mayor incidencia · 32 = menor
E08-017,pagina-estado Chihuahua · ranking nacional,#31 de 32,Ranking nacional extorsión 2025 · Chihuahua,BASES_NACIONALES/panorama_estatal_32.csv + BASES_NACIONALES/delitos_estatales_2015-2025/Estatal-Delitos-2015-2025_abr2026.csv,panorama_estatal_32.csv columna [sesnsp_2025_extorsion].rank(ascending=False) → posición de clave_ent=8,2025-12 (corte abr-2026),VERIFICADO_AGREGADO,1 = mayor incidencia · 32 = menor
E08-018,pagina-estado Chihuahua · ranking nacional,#3 de 32,Ranking nacional feminicidio 2025 · Chihuahua,BASES_NACIONALES/panorama_estatal_32.csv + BASES_NACIONALES/delitos_estatales_2015-2025/Estatal-Delitos-2015-2025_abr2026.csv,panorama_estatal_32.csv columna [sesnsp_2025_feminicidio].rank(ascending=False) → posición de clave_ent=8,2025-12 (corte abr-2026),VERIFICADO_AGREGADO,1 = mayor incidencia · 32 = menor
E08-019,pagina-estado Chihuahua · ranking nacional,#7 de 32,Ranking nacional violencia familiar 2025 · Chihuahua,BASES_NACIONALES/panorama_estatal_32.csv + BASES_NACIONALES/delitos_estatales_2015-2025/Estatal-Delitos-2015-2025_abr2026.csv,panorama_estatal_32.csv columna [sesnsp_2025_violencia_familiar].rank(ascending=False) → posición de clave_ent=8,2025-12 (corte abr-2026),VERIFICADO_AGREGADO,1 = mayor incidencia · 32 = menor
E08-020,pagina-estado Chihuahua · panel RNPDNO,"3,475",RNPDNO desaparecidos activos · Chihuahua · al 3-jun-2026,BASES_NACIONALES/panorama_estatal_32.csv + EXCEL - SEGURIDAD MORELOS/NUEVOS REPORTES DESAPARICIONES/activos_por_entidad.csv,panorama_estatal_32.csv columna [rnpdno_desaparecidos] fila clave_ent=8. Mapeo nombre INEGI → alias RNPDNO. Fuente primaria: dashboard oficial post-reforma RNPDNO.,2026-06-03,VERIFICADO_AGREGADO,
E08-021,pagina-estado Chihuahua · panel RNPDNO,823,RNPDNO no localizados · Chihuahua · al 3-jun-2026,BASES_NACIONALES/panorama_estatal_32.csv + EXCEL - SEGURIDAD MORELOS/NUEVOS REPORTES DESAPARICIONES/activos_por_entidad.csv,panorama_estatal_32.csv columna [rnpdno_no_localizados] fila clave_ent=8. Mapeo nombre INEGI → alias RNPDNO. Fuente primaria: dashboard oficial post-reforma RNPDNO.,2026-06-03,VERIFICADO_AGREGADO,
E08-022,pagina-estado Chihuahua · panel RNPDNO,"9,675",RNPDNO localizados con vida · Chihuahua · al 3-jun-2026,BASES_NACIONALES/panorama_estatal_32.csv + EXCEL - SEGURIDAD MORELOS/NUEVOS REPORTES DESAPARICIONES/activos_por_entidad.csv,panorama_estatal_32.csv columna [rnpdno_loc_con_vida] fila clave_ent=8. Mapeo nombre INEGI → alias RNPDNO. Fuente primaria: dashboard oficial post-reforma RNPDNO.,2026-06-03,VERIFICADO_AGREGADO,
E08-023,pagina-estado Chihuahua · panel RNPDNO,"1,031",RNPDNO localizados sin vida · Chihuahua · al 3-jun-2026,BASES_NACIONALES/panorama_estatal_32.csv + EXCEL - SEGURIDAD MORELOS/NUEVOS REPORTES DESAPARICIONES/activos_por_entidad.csv,panorama_estatal_32.csv columna [rnpdno_loc_sin_vida] fila clave_ent=8. Mapeo nombre INEGI → alias RNPDNO. Fuente primaria: dashboard oficial post-reforma RNPDNO.,2026-06-03,VERIFICADO_AGREGADO,
E08-024,pagina-estado Chihuahua · panel RNPDNO,"4,298",RNPDNO activos totales (desap + no loc) · Chihuahua · al 3-jun-2026,BASES_NACIONALES/panorama_estatal_32.csv + EXCEL - SEGURIDAD MORELOS/NUEVOS REPORTES DESAPARICIONES/activos_por_entidad.csv,panorama_estatal_32.csv columna [rnpdno_activos_total] fila clave_ent=8. Mapeo nombre INEGI → alias RNPDNO. Fuente primaria: dashboard oficial post-reforma RNPDNO.,2026-06-03,VERIFICADO_AGREGADO,3.21% del nacional
E08-025,pagina-estado Chihuahua · ranking nacional RNPDNO,#13 de 32,Ranking nacional desaparecidos activos · Chihuahua,BASES_NACIONALES/panorama_estatal_32.csv + EXCEL - SEGURIDAD MORELOS/NUEVOS REPORTES DESAPARICIONES/activos_por_entidad.csv,panorama_estatal_32.csv columna [rnpdno_activos_total].rank(ascending=False) → posición clave_ent=8,2026-06-03,VERIFICADO_AGREGADO,1 = mayor número de activos · 32 = menor
E08-026,pagina-estado Chihuahua · KPI 2026 parcial,"23,357",Carpetas SESNSP 2026 parcial (ene-abr) · Chihuahua,BASES_NACIONALES/panorama_estatal_32.csv + BASES_NACIONALES/delitos_estatales_RNID_2026/RNID-Delitos_Estatal-2026-abr2026.csv,panorama_estatal_32.csv columna [sesnsp_2026_parcial_total] fila clave_ent=8. RNID estatal 2026 corte abr-2026 · sum(Enero..Abril) por Clave_Ent · CON desglose por subtipo,2026-04 (corte abr-2026),VERIFICADO_AGREGADO,"3.58% del nacional T1 (652,342). Ritmo anualizado ×3 = 70,071 → -5.1% vs total 2025. Con desglose completo por subtipo (RNID estatal)."
E08-027,pagina-estado Chihuahua · denominador tasas,"4,043,130",Población a mitad de año 2025 · Chihuahua,BASES_NACIONALES/panorama_estatal_32.csv + BASES_NACIONALES/poblacion_estatal_conapo.csv (CONAPO pry23 · conapo.segob.gob.mx),"CONAPO pry23 00_Pob_Mitad_1950_2070.csv · sum(POBLACION) WHERE ANIO=2025 AND CVE_GEO=8 (todas edades y sexos). Validado: suma 32 entidades == nacional CVE_GEO=0 (133,367,428 · diff 0)",2025 (proyección pry23),VERIFICADO_AGREGADO,Denominador oficial para todas las tasas /100K del estado
E08-028,pagina-estado Chihuahua · KPI tasa,36.85,tasa homicidio doloso por 100K hab 2025 · Chihuahua,BASES_NACIONALES/panorama_estatal_32.csv + BASES_NACIONALES/poblacion_estatal_conapo.csv (CONAPO pry23 · conapo.segob.gob.mx),"panorama [sesnsp_2025_hd] (1,490) / poblacion_2025 (4,043,130) × 100,000 = 36.85",2024,VERIFICADO_AGREGADO,Ranking nacional por tasa: #5 de 32 (1 = mayor tasa)
E08-029,pagina-estado Chihuahua · KPI tasa,1.113,"tasa feminicidio por 100K hab 2025 (poblacion total, declarado) · Chihuahua",BASES_NACIONALES/panorama_estatal_32.csv + BASES_NACIONALES/poblacion_estatal_conapo.csv (CONAPO pry23 · conapo.segob.gob.mx),"panorama [sesnsp_2025_feminicidio] (45) / poblacion_2025 (4,043,130) × 100,000 = 1.113",2024,VERIFICADO_AGREGADO,Ranking nacional por tasa: #4 de 32 (1 = mayor tasa)
E08-030,pagina-estado Chihuahua · KPI tasa,1826.8,tasa total carpetas por 100K hab 2025 · Chihuahua,BASES_NACIONALES/panorama_estatal_32.csv + BASES_NACIONALES/poblacion_estatal_conapo.csv (CONAPO pry23 · conapo.segob.gob.mx),"panorama [sesnsp_2025_total] (73,861) / poblacion_2025 (4,043,130) × 100,000 = 1826.8",2024,VERIFICADO_AGREGADO,Ranking nacional por tasa: #14 de 32 (1 = mayor tasa)
E08-031,pagina-estado Chihuahua · KPI tasa,106.3,tasa desaparecidos activos por 100K hab · Chihuahua,BASES_NACIONALES/panorama_estatal_32.csv + BASES_NACIONALES/poblacion_estatal_conapo.csv (CONAPO pry23 · conapo.segob.gob.mx),"panorama [rnpdno_activos_total] (4,298) / poblacion_2025 (4,043,130) × 100,000 = 106.3",2024,VERIFICADO_AGREGADO,Ranking nacional por tasa: #14 de 32 (1 = mayor tasa)
E08-032,pagina-estado Chihuahua · KPI tasa,1.806,tasa secuestro por 100K hab 2025 · Chihuahua,BASES_NACIONALES/panorama_estatal_32.csv + BASES_NACIONALES/poblacion_estatal_conapo.csv (CONAPO pry23 · conapo.segob.gob.mx),"panorama [sesnsp_2025_secuestro] (73) / poblacion_2025 (4,043,130) × 100,000 = 1.806",2024,VERIFICADO_AGREGADO,Ranking nacional por tasa: #1 de 32 (1 = mayor tasa)
E08-033,pagina-estado Chihuahua · KPI tasa,347.5,tasa violencia familiar por 100K hab 2025 · Chihuahua,BASES_NACIONALES/panorama_estatal_32.csv + BASES_NACIONALES/poblacion_estatal_conapo.csv (CONAPO pry23 · conapo.segob.gob.mx),"panorama [sesnsp_2025_violencia_familiar] (14,050) / poblacion_2025 (4,043,130) × 100,000 = 347.5",2024,VERIFICADO_AGREGADO,Ranking nacional por tasa: #7 de 32 (1 = mayor tasa)
E08-034,pagina-estado Chihuahua · KPI tasa,35.62,tasa violacion (simple+equiparada) por 100K hab 2025 · Chihuahua,BASES_NACIONALES/panorama_estatal_32.csv + BASES_NACIONALES/poblacion_estatal_conapo.csv (CONAPO pry23 · conapo.segob.gob.mx),"panorama [sesnsp_2025_violacion] (1,440) / poblacion_2025 (4,043,130) × 100,000 = 35.62",2024,VERIFICADO_AGREGADO,Ranking nacional por tasa: #1 de 32 (1 = mayor tasa)
E09-001,pagina-estado Ciudad de México · KPI,"210,384",total carpetas SESNSP 2025 · Ciudad de México,BASES_NACIONALES/panorama_estatal_32.csv + BASES_NACIONALES/delitos_estatales_2015-2025/Estatal-Delitos-2015-2025_abr2026.csv,"panorama_estatal_32.csv columna [sesnsp_2025_total] fila clave_ent=9. Derivado de groupby(Clave_Ent, Subtipo)['_total'].sum() sobre base estatal 2015-2025 · filtros exactos: ver script _construir_panorama_v3.py",2025-12 (corte abr-2026),VERIFICADO_AGREGADO,"10.43% del nacional (2,016,723 en 32 estados). Aparece en KPI de la página-estado."
E09-002,pagina-estado Ciudad de México · KPI,761,homicidio doloso 2025 · Ciudad de México,BASES_NACIONALES/panorama_estatal_32.csv + BASES_NACIONALES/delitos_estatales_2015-2025/Estatal-Delitos-2015-2025_abr2026.csv,"panorama_estatal_32.csv columna [sesnsp_2025_hd] fila clave_ent=9. Derivado de groupby(Clave_Ent, Subtipo)['_total'].sum() sobre base estatal 2015-2025 · filtros exactos: ver script _construir_panorama_v3.py",2025-12 (corte abr-2026),VERIFICADO_AGREGADO,"3.81% del nacional (19,987 en 32 estados). Aparece en KPI de la página-estado."
E09-003,pagina-estado Ciudad de México · tabla,753,homicidio culposo 2025 · Ciudad de México,BASES_NACIONALES/panorama_estatal_32.csv + BASES_NACIONALES/delitos_estatales_2015-2025/Estatal-Delitos-2015-2025_abr2026.csv,"panorama_estatal_32.csv columna [sesnsp_2025_hc] fila clave_ent=9. Derivado de groupby(Clave_Ent, Subtipo)['_total'].sum() sobre base estatal 2015-2025 · filtros exactos: ver script _construir_panorama_v3.py",2025-12 (corte abr-2026),VERIFICADO_AGREGADO,"4.44% del nacional (16,945 en 32 estados). Aparece en tabla de la página-estado."
E09-004,pagina-estado Ciudad de México · KPI,44,feminicidio 2025 · Ciudad de México,BASES_NACIONALES/panorama_estatal_32.csv + BASES_NACIONALES/delitos_estatales_2015-2025/Estatal-Delitos-2015-2025_abr2026.csv,"panorama_estatal_32.csv columna [sesnsp_2025_feminicidio] fila clave_ent=9. Derivado de groupby(Clave_Ent, Subtipo)['_total'].sum() sobre base estatal 2015-2025 · filtros exactos: ver script _construir_panorama_v3.py",2025-12 (corte abr-2026),VERIFICADO_AGREGADO,6.19% del nacional (711 en 32 estados). Aparece en KPI de la página-estado.
E09-005,pagina-estado Ciudad de México · KPI,"1,753",extorsión 2025 · Ciudad de México,BASES_NACIONALES/panorama_estatal_32.csv + BASES_NACIONALES/delitos_estatales_2015-2025/Estatal-Delitos-2015-2025_abr2026.csv,"panorama_estatal_32.csv columna [sesnsp_2025_extorsion] fila clave_ent=9. Derivado de groupby(Clave_Ent, Subtipo)['_total'].sum() sobre base estatal 2015-2025 · filtros exactos: ver script _construir_panorama_v3.py",2025-12 (corte abr-2026),VERIFICADO_AGREGADO,"16.68% del nacional (10,507 en 32 estados). Aparece en KPI de la página-estado."
E09-006,pagina-estado Ciudad de México · tabla,26,secuestro 2025 · Ciudad de México,BASES_NACIONALES/panorama_estatal_32.csv + BASES_NACIONALES/delitos_estatales_2015-2025/Estatal-Delitos-2015-2025_abr2026.csv,"panorama_estatal_32.csv columna [sesnsp_2025_secuestro] fila clave_ent=9. Derivado de groupby(Clave_Ent, Subtipo)['_total'].sum() sobre base estatal 2015-2025 · filtros exactos: ver script _construir_panorama_v3.py",2025-12 (corte abr-2026),VERIFICADO_AGREGADO,5.60% del nacional (464 en 32 estados). Aparece en tabla de la página-estado.
E09-007,pagina-estado Ciudad de México · tabla,"6,030",narcomenudeo 2025 · Ciudad de México,BASES_NACIONALES/panorama_estatal_32.csv + BASES_NACIONALES/delitos_estatales_2015-2025/Estatal-Delitos-2015-2025_abr2026.csv,"panorama_estatal_32.csv columna [sesnsp_2025_narcomenudeo] fila clave_ent=9. Derivado de groupby(Clave_Ent, Subtipo)['_total'].sum() sobre base estatal 2015-2025 · filtros exactos: ver script _construir_panorama_v3.py",2025-12 (corte abr-2026),VERIFICADO_AGREGADO,"5.79% del nacional (104,207 en 32 estados). Aparece en tabla de la página-estado."
E09-008,pagina-estado Ciudad de México · KPI,"33,712",violencia familiar 2025 · Ciudad de México,BASES_NACIONALES/panorama_estatal_32.csv + BASES_NACIONALES/delitos_estatales_2015-2025/Estatal-Delitos-2015-2025_abr2026.csv,"panorama_estatal_32.csv columna [sesnsp_2025_violencia_familiar] fila clave_ent=9. Derivado de groupby(Clave_Ent, Subtipo)['_total'].sum() sobre base estatal 2015-2025 · filtros exactos: ver script _construir_panorama_v3.py",2025-12 (corte abr-2026),VERIFICADO_AGREGADO,"12.64% del nacional (266,760 en 32 estados). Aparece en KPI de la página-estado."
E09-009,pagina-estado Ciudad de México · tabla,"63,452",robo (amplio · incluye allanamiento) 2025 · Ciudad de México,BASES_NACIONALES/panorama_estatal_32.csv + BASES_NACIONALES/delitos_estatales_2015-2025/Estatal-Delitos-2015-2025_abr2026.csv,"panorama_estatal_32.csv columna [sesnsp_2025_robo_amplio] fila clave_ent=9. Derivado de groupby(Clave_Ent, Subtipo)['_total'].sum() sobre base estatal 2015-2025 · filtros exactos: ver script _construir_panorama_v3.py",2025-12 (corte abr-2026),VERIFICADO_AGREGADO,"13.38% del nacional (474,378 en 32 estados). Aparece en tabla de la página-estado."
E09-010,pagina-estado Ciudad de México · tabla,"5,015",lesiones dolosas 2025 · Ciudad de México,BASES_NACIONALES/panorama_estatal_32.csv + BASES_NACIONALES/delitos_estatales_2015-2025/Estatal-Delitos-2015-2025_abr2026.csv,"panorama_estatal_32.csv columna [sesnsp_2025_lesiones_dolosas] fila clave_ent=9. Derivado de groupby(Clave_Ent, Subtipo)['_total'].sum() sobre base estatal 2015-2025 · filtros exactos: ver script _construir_panorama_v3.py",2025-12 (corte abr-2026),VERIFICADO_AGREGADO,"3.20% del nacional (156,623 en 32 estados). Aparece en tabla de la página-estado."
E09-011,pagina-estado Ciudad de México · tabla,"3,779",abuso sexual 2025 · Ciudad de México,BASES_NACIONALES/panorama_estatal_32.csv + BASES_NACIONALES/delitos_estatales_2015-2025/Estatal-Delitos-2015-2025_abr2026.csv,"panorama_estatal_32.csv columna [sesnsp_2025_abuso_sexual] fila clave_ent=9. Derivado de groupby(Clave_Ent, Subtipo)['_total'].sum() sobre base estatal 2015-2025 · filtros exactos: ver script _construir_panorama_v3.py",2025-12 (corte abr-2026),VERIFICADO_AGREGADO,"11.43% del nacional (33,050 en 32 estados). Aparece en tabla de la página-estado."
E09-012,pagina-estado Ciudad de México · tabla,"2,101",violación 2025 · Ciudad de México,BASES_NACIONALES/panorama_estatal_32.csv + BASES_NACIONALES/delitos_estatales_2015-2025/Estatal-Delitos-2015-2025_abr2026.csv,"panorama_estatal_32.csv columna [sesnsp_2025_violacion] fila clave_ent=9. Derivado de groupby(Clave_Ent, Subtipo)['_total'].sum() sobre base estatal 2015-2025 · filtros exactos: ver script _construir_panorama_v3.py",2025-12 (corte abr-2026),VERIFICADO_AGREGADO,"10.36% del nacional (20,280 en 32 estados). Aparece en tabla de la página-estado."
E09-013,pagina-estado Ciudad de México · tabla,"19,810",amenazas 2025 · Ciudad de México,BASES_NACIONALES/panorama_estatal_32.csv + BASES_NACIONALES/delitos_estatales_2015-2025/Estatal-Delitos-2015-2025_abr2026.csv,"panorama_estatal_32.csv columna [sesnsp_2025_amenazas] fila clave_ent=9. Derivado de groupby(Clave_Ent, Subtipo)['_total'].sum() sobre base estatal 2015-2025 · filtros exactos: ver script _construir_panorama_v3.py",2025-12 (corte abr-2026),VERIFICADO_AGREGADO,"14.26% del nacional (138,874 en 32 estados). Aparece en tabla de la página-estado."
E09-014,pagina-estado Ciudad de México · gráfico serie HD,798/906/1048/1364/1396/1128/921/709/780/813/761,Serie homicidio doloso 2015-2025 · Ciudad de México,BASES_NACIONALES/panorama_estatal_32.csv + BASES_NACIONALES/delitos_estatales_2015-2025/Estatal-Delitos-2015-2025_abr2026.csv,panorama_estatal_32.csv columnas serie_hd_2015..serie_hd_2025 fila clave_ent=9. base estatal única corte abr-2026 (11 años).,2025-12 (corte abr-2026),VERIFICADO_AGREGADO,Min: 709 · Max: 1396 · Var %: -45.5% del pico
E09-015,pagina-estado Ciudad de México · ranking nacional,#2 de 32,Ranking nacional total carpetas 2025 · Ciudad de México,BASES_NACIONALES/panorama_estatal_32.csv + BASES_NACIONALES/delitos_estatales_2015-2025/Estatal-Delitos-2015-2025_abr2026.csv,panorama_estatal_32.csv columna [sesnsp_2025_total].rank(ascending=False) → posición de clave_ent=9,2025-12 (corte abr-2026),VERIFICADO_AGREGADO,1 = mayor incidencia · 32 = menor
E09-016,pagina-estado Ciudad de México · ranking nacional,#14 de 32,Ranking nacional homicidio doloso 2025 · Ciudad de México,BASES_NACIONALES/panorama_estatal_32.csv + BASES_NACIONALES/delitos_estatales_2015-2025/Estatal-Delitos-2015-2025_abr2026.csv,panorama_estatal_32.csv columna [sesnsp_2025_hd].rank(ascending=False) → posición de clave_ent=9,2025-12 (corte abr-2026),VERIFICADO_AGREGADO,1 = mayor incidencia · 32 = menor
E09-017,pagina-estado Ciudad de México · ranking nacional,#2 de 32,Ranking nacional extorsión 2025 · Ciudad de México,BASES_NACIONALES/panorama_estatal_32.csv + BASES_NACIONALES/delitos_estatales_2015-2025/Estatal-Delitos-2015-2025_abr2026.csv,panorama_estatal_32.csv columna [sesnsp_2025_extorsion].rank(ascending=False) → posición de clave_ent=9,2025-12 (corte abr-2026),VERIFICADO_AGREGADO,1 = mayor incidencia · 32 = menor
E09-018,pagina-estado Ciudad de México · ranking nacional,#5 de 32,Ranking nacional feminicidio 2025 · Ciudad de México,BASES_NACIONALES/panorama_estatal_32.csv + BASES_NACIONALES/delitos_estatales_2015-2025/Estatal-Delitos-2015-2025_abr2026.csv,panorama_estatal_32.csv columna [sesnsp_2025_feminicidio].rank(ascending=False) → posición de clave_ent=9,2025-12 (corte abr-2026),VERIFICADO_AGREGADO,1 = mayor incidencia · 32 = menor
E09-019,pagina-estado Ciudad de México · ranking nacional,#1 de 32,Ranking nacional violencia familiar 2025 · Ciudad de México,BASES_NACIONALES/panorama_estatal_32.csv + BASES_NACIONALES/delitos_estatales_2015-2025/Estatal-Delitos-2015-2025_abr2026.csv,panorama_estatal_32.csv columna [sesnsp_2025_violencia_familiar].rank(ascending=False) → posición de clave_ent=9,2025-12 (corte abr-2026),VERIFICADO_AGREGADO,1 = mayor incidencia · 32 = menor
E09-020,pagina-estado Ciudad de México · panel RNPDNO,"5,846",RNPDNO desaparecidos activos · Ciudad de México · al 3-jun-2026,BASES_NACIONALES/panorama_estatal_32.csv + EXCEL - SEGURIDAD MORELOS/NUEVOS REPORTES DESAPARICIONES/activos_por_entidad.csv,panorama_estatal_32.csv columna [rnpdno_desaparecidos] fila clave_ent=9. Mapeo nombre INEGI → alias RNPDNO. Fuente primaria: dashboard oficial post-reforma RNPDNO.,2026-06-03,VERIFICADO_AGREGADO,
E09-021,pagina-estado Ciudad de México · panel RNPDNO,200,RNPDNO no localizados · Ciudad de México · al 3-jun-2026,BASES_NACIONALES/panorama_estatal_32.csv + EXCEL - SEGURIDAD MORELOS/NUEVOS REPORTES DESAPARICIONES/activos_por_entidad.csv,panorama_estatal_32.csv columna [rnpdno_no_localizados] fila clave_ent=9. Mapeo nombre INEGI → alias RNPDNO. Fuente primaria: dashboard oficial post-reforma RNPDNO.,2026-06-03,VERIFICADO_AGREGADO,
E09-022,pagina-estado Ciudad de México · panel RNPDNO,"16,277",RNPDNO localizados con vida · Ciudad de México · al 3-jun-2026,BASES_NACIONALES/panorama_estatal_32.csv + EXCEL - SEGURIDAD MORELOS/NUEVOS REPORTES DESAPARICIONES/activos_por_entidad.csv,panorama_estatal_32.csv columna [rnpdno_loc_con_vida] fila clave_ent=9. Mapeo nombre INEGI → alias RNPDNO. Fuente primaria: dashboard oficial post-reforma RNPDNO.,2026-06-03,VERIFICADO_AGREGADO,
E09-023,pagina-estado Ciudad de México · panel RNPDNO,828,RNPDNO localizados sin vida · Ciudad de México · al 3-jun-2026,BASES_NACIONALES/panorama_estatal_32.csv + EXCEL - SEGURIDAD MORELOS/NUEVOS REPORTES DESAPARICIONES/activos_por_entidad.csv,panorama_estatal_32.csv columna [rnpdno_loc_sin_vida] fila clave_ent=9. Mapeo nombre INEGI → alias RNPDNO. Fuente primaria: dashboard oficial post-reforma RNPDNO.,2026-06-03,VERIFICADO_AGREGADO,
E09-024,pagina-estado Ciudad de México · panel RNPDNO,"6,046",RNPDNO activos totales (desap + no loc) · Ciudad de México · al 3-jun-2026,BASES_NACIONALES/panorama_estatal_32.csv + EXCEL - SEGURIDAD MORELOS/NUEVOS REPORTES DESAPARICIONES/activos_por_entidad.csv,panorama_estatal_32.csv columna [rnpdno_activos_total] fila clave_ent=9. Mapeo nombre INEGI → alias RNPDNO. Fuente primaria: dashboard oficial post-reforma RNPDNO.,2026-06-03,VERIFICADO_AGREGADO,4.51% del nacional
E09-025,pagina-estado Ciudad de México · ranking nacional RNPDNO,#9 de 32,Ranking nacional desaparecidos activos · Ciudad de México,BASES_NACIONALES/panorama_estatal_32.csv + EXCEL - SEGURIDAD MORELOS/NUEVOS REPORTES DESAPARICIONES/activos_por_entidad.csv,panorama_estatal_32.csv columna [rnpdno_activos_total].rank(ascending=False) → posición clave_ent=9,2026-06-03,VERIFICADO_AGREGADO,1 = mayor número de activos · 32 = menor
E09-026,pagina-estado Ciudad de México · KPI 2026 parcial,"67,146",Carpetas SESNSP 2026 parcial (ene-abr) · Ciudad de México,BASES_NACIONALES/panorama_estatal_32.csv + BASES_NACIONALES/delitos_estatales_RNID_2026/RNID-Delitos_Estatal-2026-abr2026.csv,panorama_estatal_32.csv columna [sesnsp_2026_parcial_total] fila clave_ent=9. RNID estatal 2026 corte abr-2026 · sum(Enero..Abril) por Clave_Ent · CON desglose por subtipo,2026-04 (corte abr-2026),VERIFICADO_AGREGADO,"10.29% del nacional T1 (652,342). Ritmo anualizado ×3 = 201,438 → -4.3% vs total 2025. Con desglose completo por subtipo (RNID estatal)."
E09-027,pagina-estado Ciudad de México · denominador tasas,"9,183,658",Población a mitad de año 2025 · Ciudad de México,BASES_NACIONALES/panorama_estatal_32.csv + BASES_NACIONALES/poblacion_estatal_conapo.csv (CONAPO pry23 · conapo.segob.gob.mx),"CONAPO pry23 00_Pob_Mitad_1950_2070.csv · sum(POBLACION) WHERE ANIO=2025 AND CVE_GEO=9 (todas edades y sexos). Validado: suma 32 entidades == nacional CVE_GEO=0 (133,367,428 · diff 0)",2025 (proyección pry23),VERIFICADO_AGREGADO,Denominador oficial para todas las tasas /100K del estado
E09-028,pagina-estado Ciudad de México · KPI tasa,8.29,tasa homicidio doloso por 100K hab 2025 · Ciudad de México,BASES_NACIONALES/panorama_estatal_32.csv + BASES_NACIONALES/poblacion_estatal_conapo.csv (CONAPO pry23 · conapo.segob.gob.mx),"panorama [sesnsp_2025_hd] (761) / poblacion_2025 (9,183,658) × 100,000 = 8.29",2024,VERIFICADO_AGREGADO,Ranking nacional por tasa: #20 de 32 (1 = mayor tasa)
E09-029,pagina-estado Ciudad de México · KPI tasa,0.479,"tasa feminicidio por 100K hab 2025 (poblacion total, declarado) · Ciudad de México",BASES_NACIONALES/panorama_estatal_32.csv + BASES_NACIONALES/poblacion_estatal_conapo.csv (CONAPO pry23 · conapo.segob.gob.mx),"panorama [sesnsp_2025_feminicidio] (44) / poblacion_2025 (9,183,658) × 100,000 = 0.479",2024,VERIFICADO_AGREGADO,Ranking nacional por tasa: #17 de 32 (1 = mayor tasa)
E09-030,pagina-estado Ciudad de México · KPI tasa,2290.9,tasa total carpetas por 100K hab 2025 · Ciudad de México,BASES_NACIONALES/panorama_estatal_32.csv + BASES_NACIONALES/poblacion_estatal_conapo.csv (CONAPO pry23 · conapo.segob.gob.mx),"panorama [sesnsp_2025_total] (210,384) / poblacion_2025 (9,183,658) × 100,000 = 2290.9",2024,VERIFICADO_AGREGADO,Ranking nacional por tasa: #6 de 32 (1 = mayor tasa)
E09-031,pagina-estado Ciudad de México · KPI tasa,65.8,tasa desaparecidos activos por 100K hab · Ciudad de México,BASES_NACIONALES/panorama_estatal_32.csv + BASES_NACIONALES/poblacion_estatal_conapo.csv (CONAPO pry23 · conapo.segob.gob.mx),"panorama [rnpdno_activos_total] (6,046) / poblacion_2025 (9,183,658) × 100,000 = 65.8",2024,VERIFICADO_AGREGADO,Ranking nacional por tasa: #21 de 32 (1 = mayor tasa)
E09-032,pagina-estado Ciudad de México · KPI tasa,0.283,tasa secuestro por 100K hab 2025 · Ciudad de México,BASES_NACIONALES/panorama_estatal_32.csv + BASES_NACIONALES/poblacion_estatal_conapo.csv (CONAPO pry23 · conapo.segob.gob.mx),"panorama [sesnsp_2025_secuestro] (26) / poblacion_2025 (9,183,658) × 100,000 = 0.283",2024,VERIFICADO_AGREGADO,Ranking nacional por tasa: #13 de 32 (1 = mayor tasa)
E09-033,pagina-estado Ciudad de México · KPI tasa,367.1,tasa violencia familiar por 100K hab 2025 · Ciudad de México,BASES_NACIONALES/panorama_estatal_32.csv + BASES_NACIONALES/poblacion_estatal_conapo.csv (CONAPO pry23 · conapo.segob.gob.mx),"panorama [sesnsp_2025_violencia_familiar] (33,712) / poblacion_2025 (9,183,658) × 100,000 = 367.1",2024,VERIFICADO_AGREGADO,Ranking nacional por tasa: #4 de 32 (1 = mayor tasa)
E09-034,pagina-estado Ciudad de México · KPI tasa,22.88,tasa violacion (simple+equiparada) por 100K hab 2025 · Ciudad de México,BASES_NACIONALES/panorama_estatal_32.csv + BASES_NACIONALES/poblacion_estatal_conapo.csv (CONAPO pry23 · conapo.segob.gob.mx),"panorama [sesnsp_2025_violacion] (2,101) / poblacion_2025 (9,183,658) × 100,000 = 22.88",2024,VERIFICADO_AGREGADO,Ranking nacional por tasa: #8 de 32 (1 = mayor tasa)
E10-001,pagina-estado Durango · KPI,"18,333",total carpetas SESNSP 2025 · Durango,BASES_NACIONALES/panorama_estatal_32.csv + BASES_NACIONALES/delitos_estatales_2015-2025/Estatal-Delitos-2015-2025_abr2026.csv,"panorama_estatal_32.csv columna [sesnsp_2025_total] fila clave_ent=10. Derivado de groupby(Clave_Ent, Subtipo)['_total'].sum() sobre base estatal 2015-2025 · filtros exactos: ver script _construir_panorama_v3.py",2025-12 (corte abr-2026),VERIFICADO_AGREGADO,"0.91% del nacional (2,016,723 en 32 estados). Aparece en KPI de la página-estado."
E10-002,pagina-estado Durango · KPI,55,homicidio doloso 2025 · Durango,BASES_NACIONALES/panorama_estatal_32.csv + BASES_NACIONALES/delitos_estatales_2015-2025/Estatal-Delitos-2015-2025_abr2026.csv,"panorama_estatal_32.csv columna [sesnsp_2025_hd] fila clave_ent=10. Derivado de groupby(Clave_Ent, Subtipo)['_total'].sum() sobre base estatal 2015-2025 · filtros exactos: ver script _construir_panorama_v3.py",2025-12 (corte abr-2026),VERIFICADO_AGREGADO,"0.28% del nacional (19,987 en 32 estados). Aparece en KPI de la página-estado."
E10-003,pagina-estado Durango · tabla,205,homicidio culposo 2025 · Durango,BASES_NACIONALES/panorama_estatal_32.csv + BASES_NACIONALES/delitos_estatales_2015-2025/Estatal-Delitos-2015-2025_abr2026.csv,"panorama_estatal_32.csv columna [sesnsp_2025_hc] fila clave_ent=10. Derivado de groupby(Clave_Ent, Subtipo)['_total'].sum() sobre base estatal 2015-2025 · filtros exactos: ver script _construir_panorama_v3.py",2025-12 (corte abr-2026),VERIFICADO_AGREGADO,"1.21% del nacional (16,945 en 32 estados). Aparece en tabla de la página-estado."
E10-004,pagina-estado Durango · KPI,6,feminicidio 2025 · Durango,BASES_NACIONALES/panorama_estatal_32.csv + BASES_NACIONALES/delitos_estatales_2015-2025/Estatal-Delitos-2015-2025_abr2026.csv,"panorama_estatal_32.csv columna [sesnsp_2025_feminicidio] fila clave_ent=10. Derivado de groupby(Clave_Ent, Subtipo)['_total'].sum() sobre base estatal 2015-2025 · filtros exactos: ver script _construir_panorama_v3.py",2025-12 (corte abr-2026),VERIFICADO_AGREGADO,0.84% del nacional (711 en 32 estados). Aparece en KPI de la página-estado.
E10-005,pagina-estado Durango · KPI,23,extorsión 2025 · Durango,BASES_NACIONALES/panorama_estatal_32.csv + BASES_NACIONALES/delitos_estatales_2015-2025/Estatal-Delitos-2015-2025_abr2026.csv,"panorama_estatal_32.csv columna [sesnsp_2025_extorsion] fila clave_ent=10. Derivado de groupby(Clave_Ent, Subtipo)['_total'].sum() sobre base estatal 2015-2025 · filtros exactos: ver script _construir_panorama_v3.py",2025-12 (corte abr-2026),VERIFICADO_AGREGADO,"0.22% del nacional (10,507 en 32 estados). Aparece en KPI de la página-estado."
E10-006,pagina-estado Durango · tabla,0,secuestro 2025 · Durango,BASES_NACIONALES/panorama_estatal_32.csv + BASES_NACIONALES/delitos_estatales_2015-2025/Estatal-Delitos-2015-2025_abr2026.csv,"panorama_estatal_32.csv columna [sesnsp_2025_secuestro] fila clave_ent=10. Derivado de groupby(Clave_Ent, Subtipo)['_total'].sum() sobre base estatal 2015-2025 · filtros exactos: ver script _construir_panorama_v3.py",2025-12 (corte abr-2026),VERIFICADO_AGREGADO,0.00% del nacional (464 en 32 estados). Aparece en tabla de la página-estado.
E10-007,pagina-estado Durango · tabla,950,narcomenudeo 2025 · Durango,BASES_NACIONALES/panorama_estatal_32.csv + BASES_NACIONALES/delitos_estatales_2015-2025/Estatal-Delitos-2015-2025_abr2026.csv,"panorama_estatal_32.csv columna [sesnsp_2025_narcomenudeo] fila clave_ent=10. Derivado de groupby(Clave_Ent, Subtipo)['_total'].sum() sobre base estatal 2015-2025 · filtros exactos: ver script _construir_panorama_v3.py",2025-12 (corte abr-2026),VERIFICADO_AGREGADO,"0.91% del nacional (104,207 en 32 estados). Aparece en tabla de la página-estado."
E10-008,pagina-estado Durango · KPI,"4,914",violencia familiar 2025 · Durango,BASES_NACIONALES/panorama_estatal_32.csv + BASES_NACIONALES/delitos_estatales_2015-2025/Estatal-Delitos-2015-2025_abr2026.csv,"panorama_estatal_32.csv columna [sesnsp_2025_violencia_familiar] fila clave_ent=10. Derivado de groupby(Clave_Ent, Subtipo)['_total'].sum() sobre base estatal 2015-2025 · filtros exactos: ver script _construir_panorama_v3.py",2025-12 (corte abr-2026),VERIFICADO_AGREGADO,"1.84% del nacional (266,760 en 32 estados). Aparece en KPI de la página-estado."
E10-009,pagina-estado Durango · tabla,"2,252",robo (amplio · incluye allanamiento) 2025 · Durango,BASES_NACIONALES/panorama_estatal_32.csv + BASES_NACIONALES/delitos_estatales_2015-2025/Estatal-Delitos-2015-2025_abr2026.csv,"panorama_estatal_32.csv columna [sesnsp_2025_robo_amplio] fila clave_ent=10. Derivado de groupby(Clave_Ent, Subtipo)['_total'].sum() sobre base estatal 2015-2025 · filtros exactos: ver script _construir_panorama_v3.py",2025-12 (corte abr-2026),VERIFICADO_AGREGADO,"0.47% del nacional (474,378 en 32 estados). Aparece en tabla de la página-estado."
E10-010,pagina-estado Durango · tabla,"1,918",lesiones dolosas 2025 · Durango,BASES_NACIONALES/panorama_estatal_32.csv + BASES_NACIONALES/delitos_estatales_2015-2025/Estatal-Delitos-2015-2025_abr2026.csv,"panorama_estatal_32.csv columna [sesnsp_2025_lesiones_dolosas] fila clave_ent=10. Derivado de groupby(Clave_Ent, Subtipo)['_total'].sum() sobre base estatal 2015-2025 · filtros exactos: ver script _construir_panorama_v3.py",2025-12 (corte abr-2026),VERIFICADO_AGREGADO,"1.22% del nacional (156,623 en 32 estados). Aparece en tabla de la página-estado."
E10-011,pagina-estado Durango · tabla,480,abuso sexual 2025 · Durango,BASES_NACIONALES/panorama_estatal_32.csv + BASES_NACIONALES/delitos_estatales_2015-2025/Estatal-Delitos-2015-2025_abr2026.csv,"panorama_estatal_32.csv columna [sesnsp_2025_abuso_sexual] fila clave_ent=10. Derivado de groupby(Clave_Ent, Subtipo)['_total'].sum() sobre base estatal 2015-2025 · filtros exactos: ver script _construir_panorama_v3.py",2025-12 (corte abr-2026),VERIFICADO_AGREGADO,"1.45% del nacional (33,050 en 32 estados). Aparece en tabla de la página-estado."
E10-012,pagina-estado Durango · tabla,243,violación 2025 · Durango,BASES_NACIONALES/panorama_estatal_32.csv + BASES_NACIONALES/delitos_estatales_2015-2025/Estatal-Delitos-2015-2025_abr2026.csv,"panorama_estatal_32.csv columna [sesnsp_2025_violacion] fila clave_ent=10. Derivado de groupby(Clave_Ent, Subtipo)['_total'].sum() sobre base estatal 2015-2025 · filtros exactos: ver script _construir_panorama_v3.py",2025-12 (corte abr-2026),VERIFICADO_AGREGADO,"1.20% del nacional (20,280 en 32 estados). Aparece en tabla de la página-estado."
E10-013,pagina-estado Durango · tabla,"1,121",amenazas 2025 · Durango,BASES_NACIONALES/panorama_estatal_32.csv + BASES_NACIONALES/delitos_estatales_2015-2025/Estatal-Delitos-2015-2025_abr2026.csv,"panorama_estatal_32.csv columna [sesnsp_2025_amenazas] fila clave_ent=10. Derivado de groupby(Clave_Ent, Subtipo)['_total'].sum() sobre base estatal 2015-2025 · filtros exactos: ver script _construir_panorama_v3.py",2025-12 (corte abr-2026),VERIFICADO_AGREGADO,"0.81% del nacional (138,874 en 32 estados). Aparece en tabla de la página-estado."
E10-014,pagina-estado Durango · gráfico serie HD,236/236/216/180/150/143/128/115/78/64/55,Serie homicidio doloso 2015-2025 · Durango,BASES_NACIONALES/panorama_estatal_32.csv + BASES_NACIONALES/delitos_estatales_2015-2025/Estatal-Delitos-2015-2025_abr2026.csv,panorama_estatal_32.csv columnas serie_hd_2015..serie_hd_2025 fila clave_ent=10. base estatal única corte abr-2026 (11 años).,2025-12 (corte abr-2026),VERIFICADO_AGREGADO,Min: 55 · Max: 236 · Var %: -76.7% del pico
E10-015,pagina-estado Durango · ranking nacional,#27 de 32,Ranking nacional total carpetas 2025 · Durango,BASES_NACIONALES/panorama_estatal_32.csv + BASES_NACIONALES/delitos_estatales_2015-2025/Estatal-Delitos-2015-2025_abr2026.csv,panorama_estatal_32.csv columna [sesnsp_2025_total].rank(ascending=False) → posición de clave_ent=10,2025-12 (corte abr-2026),VERIFICADO_AGREGADO,1 = mayor incidencia · 32 = menor
E10-016,pagina-estado Durango · ranking nacional,#31 de 32,Ranking nacional homicidio doloso 2025 · Durango,BASES_NACIONALES/panorama_estatal_32.csv + BASES_NACIONALES/delitos_estatales_2015-2025/Estatal-Delitos-2015-2025_abr2026.csv,panorama_estatal_32.csv columna [sesnsp_2025_hd].rank(ascending=False) → posición de clave_ent=10,2025-12 (corte abr-2026),VERIFICADO_AGREGADO,1 = mayor incidencia · 32 = menor
E10-017,pagina-estado Durango · ranking nacional,#28 de 32,Ranking nacional extorsión 2025 · Durango,BASES_NACIONALES/panorama_estatal_32.csv + BASES_NACIONALES/delitos_estatales_2015-2025/Estatal-Delitos-2015-2025_abr2026.csv,panorama_estatal_32.csv columna [sesnsp_2025_extorsion].rank(ascending=False) → posición de clave_ent=10,2025-12 (corte abr-2026),VERIFICADO_AGREGADO,1 = mayor incidencia · 32 = menor
E10-018,pagina-estado Durango · ranking nacional,#29 de 32,Ranking nacional feminicidio 2025 · Durango,BASES_NACIONALES/panorama_estatal_32.csv + BASES_NACIONALES/delitos_estatales_2015-2025/Estatal-Delitos-2015-2025_abr2026.csv,panorama_estatal_32.csv columna [sesnsp_2025_feminicidio].rank(ascending=False) → posición de clave_ent=10,2025-12 (corte abr-2026),VERIFICADO_AGREGADO,1 = mayor incidencia · 32 = menor
E10-019,pagina-estado Durango · ranking nacional,#19 de 32,Ranking nacional violencia familiar 2025 · Durango,BASES_NACIONALES/panorama_estatal_32.csv + BASES_NACIONALES/delitos_estatales_2015-2025/Estatal-Delitos-2015-2025_abr2026.csv,panorama_estatal_32.csv columna [sesnsp_2025_violencia_familiar].rank(ascending=False) → posición de clave_ent=10,2025-12 (corte abr-2026),VERIFICADO_AGREGADO,1 = mayor incidencia · 32 = menor
E10-020,pagina-estado Durango · panel RNPDNO,"1,124",RNPDNO desaparecidos activos · Durango · al 3-jun-2026,BASES_NACIONALES/panorama_estatal_32.csv + EXCEL - SEGURIDAD MORELOS/NUEVOS REPORTES DESAPARICIONES/activos_por_entidad.csv,panorama_estatal_32.csv columna [rnpdno_desaparecidos] fila clave_ent=10. Mapeo nombre INEGI → alias RNPDNO. Fuente primaria: dashboard oficial post-reforma RNPDNO.,2026-06-03,VERIFICADO_AGREGADO,
E10-021,pagina-estado Durango · panel RNPDNO,18,RNPDNO no localizados · Durango · al 3-jun-2026,BASES_NACIONALES/panorama_estatal_32.csv + EXCEL - SEGURIDAD MORELOS/NUEVOS REPORTES DESAPARICIONES/activos_por_entidad.csv,panorama_estatal_32.csv columna [rnpdno_no_localizados] fila clave_ent=10. Mapeo nombre INEGI → alias RNPDNO. Fuente primaria: dashboard oficial post-reforma RNPDNO.,2026-06-03,VERIFICADO_AGREGADO,
E10-022,pagina-estado Durango · panel RNPDNO,"4,831",RNPDNO localizados con vida · Durango · al 3-jun-2026,BASES_NACIONALES/panorama_estatal_32.csv + EXCEL - SEGURIDAD MORELOS/NUEVOS REPORTES DESAPARICIONES/activos_por_entidad.csv,panorama_estatal_32.csv columna [rnpdno_loc_con_vida] fila clave_ent=10. Mapeo nombre INEGI → alias RNPDNO. Fuente primaria: dashboard oficial post-reforma RNPDNO.,2026-06-03,VERIFICADO_AGREGADO,
E10-023,pagina-estado Durango · panel RNPDNO,279,RNPDNO localizados sin vida · Durango · al 3-jun-2026,BASES_NACIONALES/panorama_estatal_32.csv + EXCEL - SEGURIDAD MORELOS/NUEVOS REPORTES DESAPARICIONES/activos_por_entidad.csv,panorama_estatal_32.csv columna [rnpdno_loc_sin_vida] fila clave_ent=10. Mapeo nombre INEGI → alias RNPDNO. Fuente primaria: dashboard oficial post-reforma RNPDNO.,2026-06-03,VERIFICADO_AGREGADO,
E10-024,pagina-estado Durango · panel RNPDNO,"1,142",RNPDNO activos totales (desap + no loc) · Durango · al 3-jun-2026,BASES_NACIONALES/panorama_estatal_32.csv + EXCEL - SEGURIDAD MORELOS/NUEVOS REPORTES DESAPARICIONES/activos_por_entidad.csv,panorama_estatal_32.csv columna [rnpdno_activos_total] fila clave_ent=10. Mapeo nombre INEGI → alias RNPDNO. Fuente primaria: dashboard oficial post-reforma RNPDNO.,2026-06-03,VERIFICADO_AGREGADO,0.85% del nacional
E10-025,pagina-estado Durango · ranking nacional RNPDNO,#26 de 32,Ranking nacional desaparecidos activos · Durango,BASES_NACIONALES/panorama_estatal_32.csv + EXCEL - SEGURIDAD MORELOS/NUEVOS REPORTES DESAPARICIONES/activos_por_entidad.csv,panorama_estatal_32.csv columna [rnpdno_activos_total].rank(ascending=False) → posición clave_ent=10,2026-06-03,VERIFICADO_AGREGADO,1 = mayor número de activos · 32 = menor
E10-026,pagina-estado Durango · KPI 2026 parcial,"6,013",Carpetas SESNSP 2026 parcial (ene-abr) · Durango,BASES_NACIONALES/panorama_estatal_32.csv + BASES_NACIONALES/delitos_estatales_RNID_2026/RNID-Delitos_Estatal-2026-abr2026.csv,panorama_estatal_32.csv columna [sesnsp_2026_parcial_total] fila clave_ent=10. RNID estatal 2026 corte abr-2026 · sum(Enero..Abril) por Clave_Ent · CON desglose por subtipo,2026-04 (corte abr-2026),VERIFICADO_AGREGADO,"0.92% del nacional T1 (652,342). Ritmo anualizado ×3 = 18,039 → -1.6% vs total 2025. Con desglose completo por subtipo (RNID estatal)."
E10-027,pagina-estado Durango · denominador tasas,"1,927,128",Población a mitad de año 2025 · Durango,BASES_NACIONALES/panorama_estatal_32.csv + BASES_NACIONALES/poblacion_estatal_conapo.csv (CONAPO pry23 · conapo.segob.gob.mx),"CONAPO pry23 00_Pob_Mitad_1950_2070.csv · sum(POBLACION) WHERE ANIO=2025 AND CVE_GEO=10 (todas edades y sexos). Validado: suma 32 entidades == nacional CVE_GEO=0 (133,367,428 · diff 0)",2025 (proyección pry23),VERIFICADO_AGREGADO,Denominador oficial para todas las tasas /100K del estado
E10-028,pagina-estado Durango · KPI tasa,2.85,tasa homicidio doloso por 100K hab 2025 · Durango,BASES_NACIONALES/panorama_estatal_32.csv + BASES_NACIONALES/poblacion_estatal_conapo.csv (CONAPO pry23 · conapo.segob.gob.mx),"panorama [sesnsp_2025_hd] (55) / poblacion_2025 (1,927,128) × 100,000 = 2.85",2024,VERIFICADO_AGREGADO,Ranking nacional por tasa: #30 de 32 (1 = mayor tasa)
E10-029,pagina-estado Durango · KPI tasa,0.311,"tasa feminicidio por 100K hab 2025 (poblacion total, declarado) · Durango",BASES_NACIONALES/panorama_estatal_32.csv + BASES_NACIONALES/poblacion_estatal_conapo.csv (CONAPO pry23 · conapo.segob.gob.mx),"panorama [sesnsp_2025_feminicidio] (6) / poblacion_2025 (1,927,128) × 100,000 = 0.311",2024,VERIFICADO_AGREGADO,Ranking nacional por tasa: #25 de 32 (1 = mayor tasa)
E10-030,pagina-estado Durango · KPI tasa,951.3,tasa total carpetas por 100K hab 2025 · Durango,BASES_NACIONALES/panorama_estatal_32.csv + BASES_NACIONALES/poblacion_estatal_conapo.csv (CONAPO pry23 · conapo.segob.gob.mx),"panorama [sesnsp_2025_total] (18,333) / poblacion_2025 (1,927,128) × 100,000 = 951.3",2024,VERIFICADO_AGREGADO,Ranking nacional por tasa: #23 de 32 (1 = mayor tasa)
E10-031,pagina-estado Durango · KPI tasa,59.3,tasa desaparecidos activos por 100K hab · Durango,BASES_NACIONALES/panorama_estatal_32.csv + BASES_NACIONALES/poblacion_estatal_conapo.csv (CONAPO pry23 · conapo.segob.gob.mx),"panorama [rnpdno_activos_total] (1,142) / poblacion_2025 (1,927,128) × 100,000 = 59.3",2024,VERIFICADO_AGREGADO,Ranking nacional por tasa: #22 de 32 (1 = mayor tasa)
E10-032,pagina-estado Durango · KPI tasa,0.0,tasa secuestro por 100K hab 2025 · Durango,BASES_NACIONALES/panorama_estatal_32.csv + BASES_NACIONALES/poblacion_estatal_conapo.csv (CONAPO pry23 · conapo.segob.gob.mx),"panorama [sesnsp_2025_secuestro] (0) / poblacion_2025 (1,927,128) × 100,000 = 0.0",2024,VERIFICADO_AGREGADO,Ranking nacional por tasa: #27 de 32 (1 = mayor tasa)
E10-033,pagina-estado Durango · KPI tasa,255.0,tasa violencia familiar por 100K hab 2025 · Durango,BASES_NACIONALES/panorama_estatal_32.csv + BASES_NACIONALES/poblacion_estatal_conapo.csv (CONAPO pry23 · conapo.segob.gob.mx),"panorama [sesnsp_2025_violencia_familiar] (4,914) / poblacion_2025 (1,927,128) × 100,000 = 255.0",2024,VERIFICADO_AGREGADO,Ranking nacional por tasa: #12 de 32 (1 = mayor tasa)
E10-034,pagina-estado Durango · KPI tasa,12.61,tasa violacion (simple+equiparada) por 100K hab 2025 · Durango,BASES_NACIONALES/panorama_estatal_32.csv + BASES_NACIONALES/poblacion_estatal_conapo.csv (CONAPO pry23 · conapo.segob.gob.mx),"panorama [sesnsp_2025_violacion] (243) / poblacion_2025 (1,927,128) × 100,000 = 12.61",2024,VERIFICADO_AGREGADO,Ranking nacional por tasa: #21 de 32 (1 = mayor tasa)
E11-001,pagina-estado Guanajuato · KPI,"166,481",total carpetas SESNSP 2025 · Guanajuato,BASES_NACIONALES/panorama_estatal_32.csv + BASES_NACIONALES/delitos_estatales_2015-2025/Estatal-Delitos-2015-2025_abr2026.csv,"panorama_estatal_32.csv columna [sesnsp_2025_total] fila clave_ent=11. Derivado de groupby(Clave_Ent, Subtipo)['_total'].sum() sobre base estatal 2015-2025 · filtros exactos: ver script _construir_panorama_v3.py",2025-12 (corte abr-2026),VERIFICADO_AGREGADO,"8.26% del nacional (2,016,723 en 32 estados). Aparece en KPI de la página-estado."
E11-002,pagina-estado Guanajuato · KPI,"2,035",homicidio doloso 2025 · Guanajuato,BASES_NACIONALES/panorama_estatal_32.csv + BASES_NACIONALES/delitos_estatales_2015-2025/Estatal-Delitos-2015-2025_abr2026.csv,"panorama_estatal_32.csv columna [sesnsp_2025_hd] fila clave_ent=11. Derivado de groupby(Clave_Ent, Subtipo)['_total'].sum() sobre base estatal 2015-2025 · filtros exactos: ver script _construir_panorama_v3.py",2025-12 (corte abr-2026),VERIFICADO_AGREGADO,"10.18% del nacional (19,987 en 32 estados). Aparece en KPI de la página-estado."
E11-003,pagina-estado Guanajuato · tabla,"1,266",homicidio culposo 2025 · Guanajuato,BASES_NACIONALES/panorama_estatal_32.csv + BASES_NACIONALES/delitos_estatales_2015-2025/Estatal-Delitos-2015-2025_abr2026.csv,"panorama_estatal_32.csv columna [sesnsp_2025_hc] fila clave_ent=11. Derivado de groupby(Clave_Ent, Subtipo)['_total'].sum() sobre base estatal 2015-2025 · filtros exactos: ver script _construir_panorama_v3.py",2025-12 (corte abr-2026),VERIFICADO_AGREGADO,"7.47% del nacional (16,945 en 32 estados). Aparece en tabla de la página-estado."
E11-004,pagina-estado Guanajuato · KPI,18,feminicidio 2025 · Guanajuato,BASES_NACIONALES/panorama_estatal_32.csv + BASES_NACIONALES/delitos_estatales_2015-2025/Estatal-Delitos-2015-2025_abr2026.csv,"panorama_estatal_32.csv columna [sesnsp_2025_feminicidio] fila clave_ent=11. Derivado de groupby(Clave_Ent, Subtipo)['_total'].sum() sobre base estatal 2015-2025 · filtros exactos: ver script _construir_panorama_v3.py",2025-12 (corte abr-2026),VERIFICADO_AGREGADO,2.53% del nacional (711 en 32 estados). Aparece en KPI de la página-estado.
E11-005,pagina-estado Guanajuato · KPI,"1,275",extorsión 2025 · Guanajuato,BASES_NACIONALES/panorama_estatal_32.csv + BASES_NACIONALES/delitos_estatales_2015-2025/Estatal-Delitos-2015-2025_abr2026.csv,"panorama_estatal_32.csv columna [sesnsp_2025_extorsion] fila clave_ent=11. Derivado de groupby(Clave_Ent, Subtipo)['_total'].sum() sobre base estatal 2015-2025 · filtros exactos: ver script _construir_panorama_v3.py",2025-12 (corte abr-2026),VERIFICADO_AGREGADO,"12.13% del nacional (10,507 en 32 estados). Aparece en KPI de la página-estado."
E11-006,pagina-estado Guanajuato · tabla,12,secuestro 2025 · Guanajuato,BASES_NACIONALES/panorama_estatal_32.csv + BASES_NACIONALES/delitos_estatales_2015-2025/Estatal-Delitos-2015-2025_abr2026.csv,"panorama_estatal_32.csv columna [sesnsp_2025_secuestro] fila clave_ent=11. Derivado de groupby(Clave_Ent, Subtipo)['_total'].sum() sobre base estatal 2015-2025 · filtros exactos: ver script _construir_panorama_v3.py",2025-12 (corte abr-2026),VERIFICADO_AGREGADO,2.59% del nacional (464 en 32 estados). Aparece en tabla de la página-estado.
E11-007,pagina-estado Guanajuato · tabla,"20,881",narcomenudeo 2025 · Guanajuato,BASES_NACIONALES/panorama_estatal_32.csv + BASES_NACIONALES/delitos_estatales_2015-2025/Estatal-Delitos-2015-2025_abr2026.csv,"panorama_estatal_32.csv columna [sesnsp_2025_narcomenudeo] fila clave_ent=11. Derivado de groupby(Clave_Ent, Subtipo)['_total'].sum() sobre base estatal 2015-2025 · filtros exactos: ver script _construir_panorama_v3.py",2025-12 (corte abr-2026),VERIFICADO_AGREGADO,"20.04% del nacional (104,207 en 32 estados). Aparece en tabla de la página-estado."
E11-008,pagina-estado Guanajuato · KPI,"16,626",violencia familiar 2025 · Guanajuato,BASES_NACIONALES/panorama_estatal_32.csv + BASES_NACIONALES/delitos_estatales_2015-2025/Estatal-Delitos-2015-2025_abr2026.csv,"panorama_estatal_32.csv columna [sesnsp_2025_violencia_familiar] fila clave_ent=11. Derivado de groupby(Clave_Ent, Subtipo)['_total'].sum() sobre base estatal 2015-2025 · filtros exactos: ver script _construir_panorama_v3.py",2025-12 (corte abr-2026),VERIFICADO_AGREGADO,"6.23% del nacional (266,760 en 32 estados). Aparece en KPI de la página-estado."
E11-009,pagina-estado Guanajuato · tabla,"32,128",robo (amplio · incluye allanamiento) 2025 · Guanajuato,BASES_NACIONALES/panorama_estatal_32.csv + BASES_NACIONALES/delitos_estatales_2015-2025/Estatal-Delitos-2015-2025_abr2026.csv,"panorama_estatal_32.csv columna [sesnsp_2025_robo_amplio] fila clave_ent=11. Derivado de groupby(Clave_Ent, Subtipo)['_total'].sum() sobre base estatal 2015-2025 · filtros exactos: ver script _construir_panorama_v3.py",2025-12 (corte abr-2026),VERIFICADO_AGREGADO,"6.77% del nacional (474,378 en 32 estados). Aparece en tabla de la página-estado."
E11-010,pagina-estado Guanajuato · tabla,"17,152",lesiones dolosas 2025 · Guanajuato,BASES_NACIONALES/panorama_estatal_32.csv + BASES_NACIONALES/delitos_estatales_2015-2025/Estatal-Delitos-2015-2025_abr2026.csv,"panorama_estatal_32.csv columna [sesnsp_2025_lesiones_dolosas] fila clave_ent=11. Derivado de groupby(Clave_Ent, Subtipo)['_total'].sum() sobre base estatal 2015-2025 · filtros exactos: ver script _construir_panorama_v3.py",2025-12 (corte abr-2026),VERIFICADO_AGREGADO,"10.95% del nacional (156,623 en 32 estados). Aparece en tabla de la página-estado."
E11-011,pagina-estado Guanajuato · tabla,"1,647",abuso sexual 2025 · Guanajuato,BASES_NACIONALES/panorama_estatal_32.csv + BASES_NACIONALES/delitos_estatales_2015-2025/Estatal-Delitos-2015-2025_abr2026.csv,"panorama_estatal_32.csv columna [sesnsp_2025_abuso_sexual] fila clave_ent=11. Derivado de groupby(Clave_Ent, Subtipo)['_total'].sum() sobre base estatal 2015-2025 · filtros exactos: ver script _construir_panorama_v3.py",2025-12 (corte abr-2026),VERIFICADO_AGREGADO,"4.98% del nacional (33,050 en 32 estados). Aparece en tabla de la página-estado."
E11-012,pagina-estado Guanajuato · tabla,"1,101",violación 2025 · Guanajuato,BASES_NACIONALES/panorama_estatal_32.csv + BASES_NACIONALES/delitos_estatales_2015-2025/Estatal-Delitos-2015-2025_abr2026.csv,"panorama_estatal_32.csv columna [sesnsp_2025_violacion] fila clave_ent=11. Derivado de groupby(Clave_Ent, Subtipo)['_total'].sum() sobre base estatal 2015-2025 · filtros exactos: ver script _construir_panorama_v3.py",2025-12 (corte abr-2026),VERIFICADO_AGREGADO,"5.43% del nacional (20,280 en 32 estados). Aparece en tabla de la página-estado."
E11-013,pagina-estado Guanajuato · tabla,"15,267",amenazas 2025 · Guanajuato,BASES_NACIONALES/panorama_estatal_32.csv + BASES_NACIONALES/delitos_estatales_2015-2025/Estatal-Delitos-2015-2025_abr2026.csv,"panorama_estatal_32.csv columna [sesnsp_2025_amenazas] fila clave_ent=11. Derivado de groupby(Clave_Ent, Subtipo)['_total'].sum() sobre base estatal 2015-2025 · filtros exactos: ver script _construir_panorama_v3.py",2025-12 (corte abr-2026),VERIFICADO_AGREGADO,"10.99% del nacional (138,874 en 32 estados). Aparece en tabla de la página-estado."
E11-014,pagina-estado Guanajuato · gráfico serie HD,863/947/1084/2609/2775/3359/2823/2634/2581/2553/2035,Serie homicidio doloso 2015-2025 · Guanajuato,BASES_NACIONALES/panorama_estatal_32.csv + BASES_NACIONALES/delitos_estatales_2015-2025/Estatal-Delitos-2015-2025_abr2026.csv,panorama_estatal_32.csv columnas serie_hd_2015..serie_hd_2025 fila clave_ent=11. base estatal única corte abr-2026 (11 años).,2025-12 (corte abr-2026),VERIFICADO_AGREGADO,Min: 863 · Max: 3359 · Var %: -39.4% del pico
E11-015,pagina-estado Guanajuato · ranking nacional,#3 de 32,Ranking nacional total carpetas 2025 · Guanajuato,BASES_NACIONALES/panorama_estatal_32.csv + BASES_NACIONALES/delitos_estatales_2015-2025/Estatal-Delitos-2015-2025_abr2026.csv,panorama_estatal_32.csv columna [sesnsp_2025_total].rank(ascending=False) → posición de clave_ent=11,2025-12 (corte abr-2026),VERIFICADO_AGREGADO,1 = mayor incidencia · 32 = menor
E11-016,pagina-estado Guanajuato · ranking nacional,#1 de 32,Ranking nacional homicidio doloso 2025 · Guanajuato,BASES_NACIONALES/panorama_estatal_32.csv + BASES_NACIONALES/delitos_estatales_2015-2025/Estatal-Delitos-2015-2025_abr2026.csv,panorama_estatal_32.csv columna [sesnsp_2025_hd].rank(ascending=False) → posición de clave_ent=11,2025-12 (corte abr-2026),VERIFICADO_AGREGADO,1 = mayor incidencia · 32 = menor
E11-017,pagina-estado Guanajuato · ranking nacional,#3 de 32,Ranking nacional extorsión 2025 · Guanajuato,BASES_NACIONALES/panorama_estatal_32.csv + BASES_NACIONALES/delitos_estatales_2015-2025/Estatal-Delitos-2015-2025_abr2026.csv,panorama_estatal_32.csv columna [sesnsp_2025_extorsion].rank(ascending=False) → posición de clave_ent=11,2025-12 (corte abr-2026),VERIFICADO_AGREGADO,1 = mayor incidencia · 32 = menor
E11-018,pagina-estado Guanajuato · ranking nacional,#16 de 32,Ranking nacional feminicidio 2025 · Guanajuato,BASES_NACIONALES/panorama_estatal_32.csv + BASES_NACIONALES/delitos_estatales_2015-2025/Estatal-Delitos-2015-2025_abr2026.csv,panorama_estatal_32.csv columna [sesnsp_2025_feminicidio].rank(ascending=False) → posición de clave_ent=11,2025-12 (corte abr-2026),VERIFICADO_AGREGADO,1 = mayor incidencia · 32 = menor
E11-019,pagina-estado Guanajuato · ranking nacional,#4 de 32,Ranking nacional violencia familiar 2025 · Guanajuato,BASES_NACIONALES/panorama_estatal_32.csv + BASES_NACIONALES/delitos_estatales_2015-2025/Estatal-Delitos-2015-2025_abr2026.csv,panorama_estatal_32.csv columna [sesnsp_2025_violencia_familiar].rank(ascending=False) → posición de clave_ent=11,2025-12 (corte abr-2026),VERIFICADO_AGREGADO,1 = mayor incidencia · 32 = menor
E11-020,pagina-estado Guanajuato · panel RNPDNO,"5,646",RNPDNO desaparecidos activos · Guanajuato · al 3-jun-2026,BASES_NACIONALES/panorama_estatal_32.csv + EXCEL - SEGURIDAD MORELOS/NUEVOS REPORTES DESAPARICIONES/activos_por_entidad.csv,panorama_estatal_32.csv columna [rnpdno_desaparecidos] fila clave_ent=11. Mapeo nombre INEGI → alias RNPDNO. Fuente primaria: dashboard oficial post-reforma RNPDNO.,2026-06-03,VERIFICADO_AGREGADO,
E11-021,pagina-estado Guanajuato · panel RNPDNO,26,RNPDNO no localizados · Guanajuato · al 3-jun-2026,BASES_NACIONALES/panorama_estatal_32.csv + EXCEL - SEGURIDAD MORELOS/NUEVOS REPORTES DESAPARICIONES/activos_por_entidad.csv,panorama_estatal_32.csv columna [rnpdno_no_localizados] fila clave_ent=11. Mapeo nombre INEGI → alias RNPDNO. Fuente primaria: dashboard oficial post-reforma RNPDNO.,2026-06-03,VERIFICADO_AGREGADO,
E11-022,pagina-estado Guanajuato · panel RNPDNO,"16,340",RNPDNO localizados con vida · Guanajuato · al 3-jun-2026,BASES_NACIONALES/panorama_estatal_32.csv + EXCEL - SEGURIDAD MORELOS/NUEVOS REPORTES DESAPARICIONES/activos_por_entidad.csv,panorama_estatal_32.csv columna [rnpdno_loc_con_vida] fila clave_ent=11. Mapeo nombre INEGI → alias RNPDNO. Fuente primaria: dashboard oficial post-reforma RNPDNO.,2026-06-03,VERIFICADO_AGREGADO,
E11-023,pagina-estado Guanajuato · panel RNPDNO,"1,388",RNPDNO localizados sin vida · Guanajuato · al 3-jun-2026,BASES_NACIONALES/panorama_estatal_32.csv + EXCEL - SEGURIDAD MORELOS/NUEVOS REPORTES DESAPARICIONES/activos_por_entidad.csv,panorama_estatal_32.csv columna [rnpdno_loc_sin_vida] fila clave_ent=11. Mapeo nombre INEGI → alias RNPDNO. Fuente primaria: dashboard oficial post-reforma RNPDNO.,2026-06-03,VERIFICADO_AGREGADO,
E11-024,pagina-estado Guanajuato · panel RNPDNO,"5,672",RNPDNO activos totales (desap + no loc) · Guanajuato · al 3-jun-2026,BASES_NACIONALES/panorama_estatal_32.csv + EXCEL - SEGURIDAD MORELOS/NUEVOS REPORTES DESAPARICIONES/activos_por_entidad.csv,panorama_estatal_32.csv columna [rnpdno_activos_total] fila clave_ent=11. Mapeo nombre INEGI → alias RNPDNO. Fuente primaria: dashboard oficial post-reforma RNPDNO.,2026-06-03,VERIFICADO_AGREGADO,4.24% del nacional
E11-025,pagina-estado Guanajuato · ranking nacional RNPDNO,#10 de 32,Ranking nacional desaparecidos activos · Guanajuato,BASES_NACIONALES/panorama_estatal_32.csv + EXCEL - SEGURIDAD MORELOS/NUEVOS REPORTES DESAPARICIONES/activos_por_entidad.csv,panorama_estatal_32.csv columna [rnpdno_activos_total].rank(ascending=False) → posición clave_ent=11,2026-06-03,VERIFICADO_AGREGADO,1 = mayor número de activos · 32 = menor
E11-026,pagina-estado Guanajuato · KPI 2026 parcial,"51,369",Carpetas SESNSP 2026 parcial (ene-abr) · Guanajuato,BASES_NACIONALES/panorama_estatal_32.csv + BASES_NACIONALES/delitos_estatales_RNID_2026/RNID-Delitos_Estatal-2026-abr2026.csv,panorama_estatal_32.csv columna [sesnsp_2026_parcial_total] fila clave_ent=11. RNID estatal 2026 corte abr-2026 · sum(Enero..Abril) por Clave_Ent · CON desglose por subtipo,2026-04 (corte abr-2026),VERIFICADO_AGREGADO,"7.87% del nacional T1 (652,342). Ritmo anualizado ×3 = 154,107 → -7.4% vs total 2025. Con desglose completo por subtipo (RNID estatal)."
E11-027,pagina-estado Guanajuato · denominador tasas,"6,537,669",Población a mitad de año 2025 · Guanajuato,BASES_NACIONALES/panorama_estatal_32.csv + BASES_NACIONALES/poblacion_estatal_conapo.csv (CONAPO pry23 · conapo.segob.gob.mx),"CONAPO pry23 00_Pob_Mitad_1950_2070.csv · sum(POBLACION) WHERE ANIO=2025 AND CVE_GEO=11 (todas edades y sexos). Validado: suma 32 entidades == nacional CVE_GEO=0 (133,367,428 · diff 0)",2025 (proyección pry23),VERIFICADO_AGREGADO,Denominador oficial para todas las tasas /100K del estado
E11-028,pagina-estado Guanajuato · KPI tasa,31.13,tasa homicidio doloso por 100K hab 2025 · Guanajuato,BASES_NACIONALES/panorama_estatal_32.csv + BASES_NACIONALES/poblacion_estatal_conapo.csv (CONAPO pry23 · conapo.segob.gob.mx),"panorama [sesnsp_2025_hd] (2,035) / poblacion_2025 (6,537,669) × 100,000 = 31.13",2024,VERIFICADO_AGREGADO,Ranking nacional por tasa: #7 de 32 (1 = mayor tasa)
E11-029,pagina-estado Guanajuato · KPI tasa,0.275,"tasa feminicidio por 100K hab 2025 (poblacion total, declarado) · Guanajuato",BASES_NACIONALES/panorama_estatal_32.csv + BASES_NACIONALES/poblacion_estatal_conapo.csv (CONAPO pry23 · conapo.segob.gob.mx),"panorama [sesnsp_2025_feminicidio] (18) / poblacion_2025 (6,537,669) × 100,000 = 0.275",2024,VERIFICADO_AGREGADO,Ranking nacional por tasa: #28 de 32 (1 = mayor tasa)
E11-030,pagina-estado Guanajuato · KPI tasa,2546.5,tasa total carpetas por 100K hab 2025 · Guanajuato,BASES_NACIONALES/panorama_estatal_32.csv + BASES_NACIONALES/poblacion_estatal_conapo.csv (CONAPO pry23 · conapo.segob.gob.mx),"panorama [sesnsp_2025_total] (166,481) / poblacion_2025 (6,537,669) × 100,000 = 2546.5",2024,VERIFICADO_AGREGADO,Ranking nacional por tasa: #4 de 32 (1 = mayor tasa)
E11-031,pagina-estado Guanajuato · KPI tasa,86.8,tasa desaparecidos activos por 100K hab · Guanajuato,BASES_NACIONALES/panorama_estatal_32.csv + BASES_NACIONALES/poblacion_estatal_conapo.csv (CONAPO pry23 · conapo.segob.gob.mx),"panorama [rnpdno_activos_total] (5,672) / poblacion_2025 (6,537,669) × 100,000 = 86.8",2024,VERIFICADO_AGREGADO,Ranking nacional por tasa: #19 de 32 (1 = mayor tasa)
E11-032,pagina-estado Guanajuato · KPI tasa,0.184,tasa secuestro por 100K hab 2025 · Guanajuato,BASES_NACIONALES/panorama_estatal_32.csv + BASES_NACIONALES/poblacion_estatal_conapo.csv (CONAPO pry23 · conapo.segob.gob.mx),"panorama [sesnsp_2025_secuestro] (12) / poblacion_2025 (6,537,669) × 100,000 = 0.184",2024,VERIFICADO_AGREGADO,Ranking nacional por tasa: #19 de 32 (1 = mayor tasa)
E11-033,pagina-estado Guanajuato · KPI tasa,254.3,tasa violencia familiar por 100K hab 2025 · Guanajuato,BASES_NACIONALES/panorama_estatal_32.csv + BASES_NACIONALES/poblacion_estatal_conapo.csv (CONAPO pry23 · conapo.segob.gob.mx),"panorama [sesnsp_2025_violencia_familiar] (16,626) / poblacion_2025 (6,537,669) × 100,000 = 254.3",2024,VERIFICADO_AGREGADO,Ranking nacional por tasa: #13 de 32 (1 = mayor tasa)
E11-034,pagina-estado Guanajuato · KPI tasa,16.84,tasa violacion (simple+equiparada) por 100K hab 2025 · Guanajuato,BASES_NACIONALES/panorama_estatal_32.csv + BASES_NACIONALES/poblacion_estatal_conapo.csv (CONAPO pry23 · conapo.segob.gob.mx),"panorama [sesnsp_2025_violacion] (1,101) / poblacion_2025 (6,537,669) × 100,000 = 16.84",2024,VERIFICADO_AGREGADO,Ranking nacional por tasa: #15 de 32 (1 = mayor tasa)
E12-001,pagina-estado Guerrero · KPI,"25,342",total carpetas SESNSP 2025 · Guerrero,BASES_NACIONALES/panorama_estatal_32.csv + BASES_NACIONALES/delitos_estatales_2015-2025/Estatal-Delitos-2015-2025_abr2026.csv,"panorama_estatal_32.csv columna [sesnsp_2025_total] fila clave_ent=12. Derivado de groupby(Clave_Ent, Subtipo)['_total'].sum() sobre base estatal 2015-2025 · filtros exactos: ver script _construir_panorama_v3.py",2025-12 (corte abr-2026),VERIFICADO_AGREGADO,"1.26% del nacional (2,016,723 en 32 estados). Aparece en KPI de la página-estado."
E12-002,pagina-estado Guerrero · KPI,"1,071",homicidio doloso 2025 · Guerrero,BASES_NACIONALES/panorama_estatal_32.csv + BASES_NACIONALES/delitos_estatales_2015-2025/Estatal-Delitos-2015-2025_abr2026.csv,"panorama_estatal_32.csv columna [sesnsp_2025_hd] fila clave_ent=12. Derivado de groupby(Clave_Ent, Subtipo)['_total'].sum() sobre base estatal 2015-2025 · filtros exactos: ver script _construir_panorama_v3.py",2025-12 (corte abr-2026),VERIFICADO_AGREGADO,"5.36% del nacional (19,987 en 32 estados). Aparece en KPI de la página-estado."
E12-003,pagina-estado Guerrero · tabla,365,homicidio culposo 2025 · Guerrero,BASES_NACIONALES/panorama_estatal_32.csv + BASES_NACIONALES/delitos_estatales_2015-2025/Estatal-Delitos-2015-2025_abr2026.csv,"panorama_estatal_32.csv columna [sesnsp_2025_hc] fila clave_ent=12. Derivado de groupby(Clave_Ent, Subtipo)['_total'].sum() sobre base estatal 2015-2025 · filtros exactos: ver script _construir_panorama_v3.py",2025-12 (corte abr-2026),VERIFICADO_AGREGADO,"2.15% del nacional (16,945 en 32 estados). Aparece en tabla de la página-estado."
E12-004,pagina-estado Guerrero · KPI,20,feminicidio 2025 · Guerrero,BASES_NACIONALES/panorama_estatal_32.csv + BASES_NACIONALES/delitos_estatales_2015-2025/Estatal-Delitos-2015-2025_abr2026.csv,"panorama_estatal_32.csv columna [sesnsp_2025_feminicidio] fila clave_ent=12. Derivado de groupby(Clave_Ent, Subtipo)['_total'].sum() sobre base estatal 2015-2025 · filtros exactos: ver script _construir_panorama_v3.py",2025-12 (corte abr-2026),VERIFICADO_AGREGADO,2.81% del nacional (711 en 32 estados). Aparece en KPI de la página-estado.
E12-005,pagina-estado Guerrero · KPI,109,extorsión 2025 · Guerrero,BASES_NACIONALES/panorama_estatal_32.csv + BASES_NACIONALES/delitos_estatales_2015-2025/Estatal-Delitos-2015-2025_abr2026.csv,"panorama_estatal_32.csv columna [sesnsp_2025_extorsion] fila clave_ent=12. Derivado de groupby(Clave_Ent, Subtipo)['_total'].sum() sobre base estatal 2015-2025 · filtros exactos: ver script _construir_panorama_v3.py",2025-12 (corte abr-2026),VERIFICADO_AGREGADO,"1.04% del nacional (10,507 en 32 estados). Aparece en KPI de la página-estado."
E12-006,pagina-estado Guerrero · tabla,5,secuestro 2025 · Guerrero,BASES_NACIONALES/panorama_estatal_32.csv + BASES_NACIONALES/delitos_estatales_2015-2025/Estatal-Delitos-2015-2025_abr2026.csv,"panorama_estatal_32.csv columna [sesnsp_2025_secuestro] fila clave_ent=12. Derivado de groupby(Clave_Ent, Subtipo)['_total'].sum() sobre base estatal 2015-2025 · filtros exactos: ver script _construir_panorama_v3.py",2025-12 (corte abr-2026),VERIFICADO_AGREGADO,1.08% del nacional (464 en 32 estados). Aparece en tabla de la página-estado.
E12-007,pagina-estado Guerrero · tabla,886,narcomenudeo 2025 · Guerrero,BASES_NACIONALES/panorama_estatal_32.csv + BASES_NACIONALES/delitos_estatales_2015-2025/Estatal-Delitos-2015-2025_abr2026.csv,"panorama_estatal_32.csv columna [sesnsp_2025_narcomenudeo] fila clave_ent=12. Derivado de groupby(Clave_Ent, Subtipo)['_total'].sum() sobre base estatal 2015-2025 · filtros exactos: ver script _construir_panorama_v3.py",2025-12 (corte abr-2026),VERIFICADO_AGREGADO,"0.85% del nacional (104,207 en 32 estados). Aparece en tabla de la página-estado."
E12-008,pagina-estado Guerrero · KPI,"2,704",violencia familiar 2025 · Guerrero,BASES_NACIONALES/panorama_estatal_32.csv + BASES_NACIONALES/delitos_estatales_2015-2025/Estatal-Delitos-2015-2025_abr2026.csv,"panorama_estatal_32.csv columna [sesnsp_2025_violencia_familiar] fila clave_ent=12. Derivado de groupby(Clave_Ent, Subtipo)['_total'].sum() sobre base estatal 2015-2025 · filtros exactos: ver script _construir_panorama_v3.py",2025-12 (corte abr-2026),VERIFICADO_AGREGADO,"1.01% del nacional (266,760 en 32 estados). Aparece en KPI de la página-estado."
E12-009,pagina-estado Guerrero · tabla,"5,327",robo (amplio · incluye allanamiento) 2025 · Guerrero,BASES_NACIONALES/panorama_estatal_32.csv + BASES_NACIONALES/delitos_estatales_2015-2025/Estatal-Delitos-2015-2025_abr2026.csv,"panorama_estatal_32.csv columna [sesnsp_2025_robo_amplio] fila clave_ent=12. Derivado de groupby(Clave_Ent, Subtipo)['_total'].sum() sobre base estatal 2015-2025 · filtros exactos: ver script _construir_panorama_v3.py",2025-12 (corte abr-2026),VERIFICADO_AGREGADO,"1.12% del nacional (474,378 en 32 estados). Aparece en tabla de la página-estado."
E12-010,pagina-estado Guerrero · tabla,"2,823",lesiones dolosas 2025 · Guerrero,BASES_NACIONALES/panorama_estatal_32.csv + BASES_NACIONALES/delitos_estatales_2015-2025/Estatal-Delitos-2015-2025_abr2026.csv,"panorama_estatal_32.csv columna [sesnsp_2025_lesiones_dolosas] fila clave_ent=12. Derivado de groupby(Clave_Ent, Subtipo)['_total'].sum() sobre base estatal 2015-2025 · filtros exactos: ver script _construir_panorama_v3.py",2025-12 (corte abr-2026),VERIFICADO_AGREGADO,"1.80% del nacional (156,623 en 32 estados). Aparece en tabla de la página-estado."
E12-011,pagina-estado Guerrero · tabla,356,abuso sexual 2025 · Guerrero,BASES_NACIONALES/panorama_estatal_32.csv + BASES_NACIONALES/delitos_estatales_2015-2025/Estatal-Delitos-2015-2025_abr2026.csv,"panorama_estatal_32.csv columna [sesnsp_2025_abuso_sexual] fila clave_ent=12. Derivado de groupby(Clave_Ent, Subtipo)['_total'].sum() sobre base estatal 2015-2025 · filtros exactos: ver script _construir_panorama_v3.py",2025-12 (corte abr-2026),VERIFICADO_AGREGADO,"1.08% del nacional (33,050 en 32 estados). Aparece en tabla de la página-estado."
E12-012,pagina-estado Guerrero · tabla,383,violación 2025 · Guerrero,BASES_NACIONALES/panorama_estatal_32.csv + BASES_NACIONALES/delitos_estatales_2015-2025/Estatal-Delitos-2015-2025_abr2026.csv,"panorama_estatal_32.csv columna [sesnsp_2025_violacion] fila clave_ent=12. Derivado de groupby(Clave_Ent, Subtipo)['_total'].sum() sobre base estatal 2015-2025 · filtros exactos: ver script _construir_panorama_v3.py",2025-12 (corte abr-2026),VERIFICADO_AGREGADO,"1.89% del nacional (20,280 en 32 estados). Aparece en tabla de la página-estado."
E12-013,pagina-estado Guerrero · tabla,"3,124",amenazas 2025 · Guerrero,BASES_NACIONALES/panorama_estatal_32.csv + BASES_NACIONALES/delitos_estatales_2015-2025/Estatal-Delitos-2015-2025_abr2026.csv,"panorama_estatal_32.csv columna [sesnsp_2025_amenazas] fila clave_ent=12. Derivado de groupby(Clave_Ent, Subtipo)['_total'].sum() sobre base estatal 2015-2025 · filtros exactos: ver script _construir_panorama_v3.py",2025-12 (corte abr-2026),VERIFICADO_AGREGADO,"2.25% del nacional (138,874 en 32 estados). Aparece en tabla de la página-estado."
E12-014,pagina-estado Guerrero · gráfico serie HD,2016/2213/2310/2222/1580/1222/1166/1137/1401/1398/1071,Serie homicidio doloso 2015-2025 · Guerrero,BASES_NACIONALES/panorama_estatal_32.csv + BASES_NACIONALES/delitos_estatales_2015-2025/Estatal-Delitos-2015-2025_abr2026.csv,panorama_estatal_32.csv columnas serie_hd_2015..serie_hd_2025 fila clave_ent=12. base estatal única corte abr-2026 (11 años).,2025-12 (corte abr-2026),VERIFICADO_AGREGADO,Min: 1071 · Max: 2310 · Var %: -53.6% del pico
E12-015,pagina-estado Guerrero · ranking nacional,#24 de 32,Ranking nacional total carpetas 2025 · Guerrero,BASES_NACIONALES/panorama_estatal_32.csv + BASES_NACIONALES/delitos_estatales_2015-2025/Estatal-Delitos-2015-2025_abr2026.csv,panorama_estatal_32.csv columna [sesnsp_2025_total].rank(ascending=False) → posición de clave_ent=12,2025-12 (corte abr-2026),VERIFICADO_AGREGADO,1 = mayor incidencia · 32 = menor
E12-016,pagina-estado Guerrero · ranking nacional,#7 de 32,Ranking nacional homicidio doloso 2025 · Guerrero,BASES_NACIONALES/panorama_estatal_32.csv + BASES_NACIONALES/delitos_estatales_2015-2025/Estatal-Delitos-2015-2025_abr2026.csv,panorama_estatal_32.csv columna [sesnsp_2025_hd].rank(ascending=False) → posición de clave_ent=12,2025-12 (corte abr-2026),VERIFICADO_AGREGADO,1 = mayor incidencia · 32 = menor
E12-017,pagina-estado Guerrero · ranking nacional,#18 de 32,Ranking nacional extorsión 2025 · Guerrero,BASES_NACIONALES/panorama_estatal_32.csv + BASES_NACIONALES/delitos_estatales_2015-2025/Estatal-Delitos-2015-2025_abr2026.csv,panorama_estatal_32.csv columna [sesnsp_2025_extorsion].rank(ascending=False) → posición de clave_ent=12,2025-12 (corte abr-2026),VERIFICADO_AGREGADO,1 = mayor incidencia · 32 = menor
E12-018,pagina-estado Guerrero · ranking nacional,#15 de 32,Ranking nacional feminicidio 2025 · Guerrero,BASES_NACIONALES/panorama_estatal_32.csv + BASES_NACIONALES/delitos_estatales_2015-2025/Estatal-Delitos-2015-2025_abr2026.csv,panorama_estatal_32.csv columna [sesnsp_2025_feminicidio].rank(ascending=False) → posición de clave_ent=12,2025-12 (corte abr-2026),VERIFICADO_AGREGADO,1 = mayor incidencia · 32 = menor
E12-019,pagina-estado Guerrero · ranking nacional,#26 de 32,Ranking nacional violencia familiar 2025 · Guerrero,BASES_NACIONALES/panorama_estatal_32.csv + BASES_NACIONALES/delitos_estatales_2015-2025/Estatal-Delitos-2015-2025_abr2026.csv,panorama_estatal_32.csv columna [sesnsp_2025_violencia_familiar].rank(ascending=False) → posición de clave_ent=12,2025-12 (corte abr-2026),VERIFICADO_AGREGADO,1 = mayor incidencia · 32 = menor
E12-020,pagina-estado Guerrero · panel RNPDNO,"4,574",RNPDNO desaparecidos activos · Guerrero · al 3-jun-2026,BASES_NACIONALES/panorama_estatal_32.csv + EXCEL - SEGURIDAD MORELOS/NUEVOS REPORTES DESAPARICIONES/activos_por_entidad.csv,panorama_estatal_32.csv columna [rnpdno_desaparecidos] fila clave_ent=12. Mapeo nombre INEGI → alias RNPDNO. Fuente primaria: dashboard oficial post-reforma RNPDNO.,2026-06-03,VERIFICADO_AGREGADO,
E12-021,pagina-estado Guerrero · panel RNPDNO,50,RNPDNO no localizados · Guerrero · al 3-jun-2026,BASES_NACIONALES/panorama_estatal_32.csv + EXCEL - SEGURIDAD MORELOS/NUEVOS REPORTES DESAPARICIONES/activos_por_entidad.csv,panorama_estatal_32.csv columna [rnpdno_no_localizados] fila clave_ent=12. Mapeo nombre INEGI → alias RNPDNO. Fuente primaria: dashboard oficial post-reforma RNPDNO.,2026-06-03,VERIFICADO_AGREGADO,
E12-022,pagina-estado Guerrero · panel RNPDNO,"2,090",RNPDNO localizados con vida · Guerrero · al 3-jun-2026,BASES_NACIONALES/panorama_estatal_32.csv + EXCEL - SEGURIDAD MORELOS/NUEVOS REPORTES DESAPARICIONES/activos_por_entidad.csv,panorama_estatal_32.csv columna [rnpdno_loc_con_vida] fila clave_ent=12. Mapeo nombre INEGI → alias RNPDNO. Fuente primaria: dashboard oficial post-reforma RNPDNO.,2026-06-03,VERIFICADO_AGREGADO,
E12-023,pagina-estado Guerrero · panel RNPDNO,564,RNPDNO localizados sin vida · Guerrero · al 3-jun-2026,BASES_NACIONALES/panorama_estatal_32.csv + EXCEL - SEGURIDAD MORELOS/NUEVOS REPORTES DESAPARICIONES/activos_por_entidad.csv,panorama_estatal_32.csv columna [rnpdno_loc_sin_vida] fila clave_ent=12. Mapeo nombre INEGI → alias RNPDNO. Fuente primaria: dashboard oficial post-reforma RNPDNO.,2026-06-03,VERIFICADO_AGREGADO,
E12-024,pagina-estado Guerrero · panel RNPDNO,"4,624",RNPDNO activos totales (desap + no loc) · Guerrero · al 3-jun-2026,BASES_NACIONALES/panorama_estatal_32.csv + EXCEL - SEGURIDAD MORELOS/NUEVOS REPORTES DESAPARICIONES/activos_por_entidad.csv,panorama_estatal_32.csv columna [rnpdno_activos_total] fila clave_ent=12. Mapeo nombre INEGI → alias RNPDNO. Fuente primaria: dashboard oficial post-reforma RNPDNO.,2026-06-03,VERIFICADO_AGREGADO,3.45% del nacional
E12-025,pagina-estado Guerrero · ranking nacional RNPDNO,#12 de 32,Ranking nacional desaparecidos activos · Guerrero,BASES_NACIONALES/panorama_estatal_32.csv + EXCEL - SEGURIDAD MORELOS/NUEVOS REPORTES DESAPARICIONES/activos_por_entidad.csv,panorama_estatal_32.csv columna [rnpdno_activos_total].rank(ascending=False) → posición clave_ent=12,2026-06-03,VERIFICADO_AGREGADO,1 = mayor número de activos · 32 = menor
E12-026,pagina-estado Guerrero · KPI 2026 parcial,"8,539",Carpetas SESNSP 2026 parcial (ene-abr) · Guerrero,BASES_NACIONALES/panorama_estatal_32.csv + BASES_NACIONALES/delitos_estatales_RNID_2026/RNID-Delitos_Estatal-2026-abr2026.csv,panorama_estatal_32.csv columna [sesnsp_2026_parcial_total] fila clave_ent=12. RNID estatal 2026 corte abr-2026 · sum(Enero..Abril) por Clave_Ent · CON desglose por subtipo,2026-04 (corte abr-2026),VERIFICADO_AGREGADO,"1.31% del nacional T1 (652,342). Ritmo anualizado ×3 = 25,617 → +1.1% vs total 2025. Con desglose completo por subtipo (RNID estatal)."
E12-027,pagina-estado Guerrero · denominador tasas,"3,607,434",Población a mitad de año 2025 · Guerrero,BASES_NACIONALES/panorama_estatal_32.csv + BASES_NACIONALES/poblacion_estatal_conapo.csv (CONAPO pry23 · conapo.segob.gob.mx),"CONAPO pry23 00_Pob_Mitad_1950_2070.csv · sum(POBLACION) WHERE ANIO=2025 AND CVE_GEO=12 (todas edades y sexos). Validado: suma 32 entidades == nacional CVE_GEO=0 (133,367,428 · diff 0)",2025 (proyección pry23),VERIFICADO_AGREGADO,Denominador oficial para todas las tasas /100K del estado
E12-028,pagina-estado Guerrero · KPI tasa,29.69,tasa homicidio doloso por 100K hab 2025 · Guerrero,BASES_NACIONALES/panorama_estatal_32.csv + BASES_NACIONALES/poblacion_estatal_conapo.csv (CONAPO pry23 · conapo.segob.gob.mx),"panorama [sesnsp_2025_hd] (1,071) / poblacion_2025 (3,607,434) × 100,000 = 29.69",2024,VERIFICADO_AGREGADO,Ranking nacional por tasa: #8 de 32 (1 = mayor tasa)
E12-029,pagina-estado Guerrero · KPI tasa,0.554,"tasa feminicidio por 100K hab 2025 (poblacion total, declarado) · Guerrero",BASES_NACIONALES/panorama_estatal_32.csv + BASES_NACIONALES/poblacion_estatal_conapo.csv (CONAPO pry23 · conapo.segob.gob.mx),"panorama [sesnsp_2025_feminicidio] (20) / poblacion_2025 (3,607,434) × 100,000 = 0.554",2024,VERIFICADO_AGREGADO,Ranking nacional por tasa: #12 de 32 (1 = mayor tasa)
E12-030,pagina-estado Guerrero · KPI tasa,702.5,tasa total carpetas por 100K hab 2025 · Guerrero,BASES_NACIONALES/panorama_estatal_32.csv + BASES_NACIONALES/poblacion_estatal_conapo.csv (CONAPO pry23 · conapo.segob.gob.mx),"panorama [sesnsp_2025_total] (25,342) / poblacion_2025 (3,607,434) × 100,000 = 702.5",2024,VERIFICADO_AGREGADO,Ranking nacional por tasa: #27 de 32 (1 = mayor tasa)
E12-031,pagina-estado Guerrero · KPI tasa,128.2,tasa desaparecidos activos por 100K hab · Guerrero,BASES_NACIONALES/panorama_estatal_32.csv + BASES_NACIONALES/poblacion_estatal_conapo.csv (CONAPO pry23 · conapo.segob.gob.mx),"panorama [rnpdno_activos_total] (4,624) / poblacion_2025 (3,607,434) × 100,000 = 128.2",2024,VERIFICADO_AGREGADO,Ranking nacional por tasa: #10 de 32 (1 = mayor tasa)
E12-032,pagina-estado Guerrero · KPI tasa,0.139,tasa secuestro por 100K hab 2025 · Guerrero,BASES_NACIONALES/panorama_estatal_32.csv + BASES_NACIONALES/poblacion_estatal_conapo.csv (CONAPO pry23 · conapo.segob.gob.mx),"panorama [sesnsp_2025_secuestro] (5) / poblacion_2025 (3,607,434) × 100,000 = 0.139",2024,VERIFICADO_AGREGADO,Ranking nacional por tasa: #23 de 32 (1 = mayor tasa)
E12-033,pagina-estado Guerrero · KPI tasa,75.0,tasa violencia familiar por 100K hab 2025 · Guerrero,BASES_NACIONALES/panorama_estatal_32.csv + BASES_NACIONALES/poblacion_estatal_conapo.csv (CONAPO pry23 · conapo.segob.gob.mx),"panorama [sesnsp_2025_violencia_familiar] (2,704) / poblacion_2025 (3,607,434) × 100,000 = 75.0",2024,VERIFICADO_AGREGADO,Ranking nacional por tasa: #27 de 32 (1 = mayor tasa)
E12-034,pagina-estado Guerrero · KPI tasa,10.62,tasa violacion (simple+equiparada) por 100K hab 2025 · Guerrero,BASES_NACIONALES/panorama_estatal_32.csv + BASES_NACIONALES/poblacion_estatal_conapo.csv (CONAPO pry23 · conapo.segob.gob.mx),"panorama [sesnsp_2025_violacion] (383) / poblacion_2025 (3,607,434) × 100,000 = 10.62",2024,VERIFICADO_AGREGADO,Ranking nacional por tasa: #25 de 32 (1 = mayor tasa)
E13-001,pagina-estado Hidalgo · KPI,"57,165",total carpetas SESNSP 2025 · Hidalgo,BASES_NACIONALES/panorama_estatal_32.csv + BASES_NACIONALES/delitos_estatales_2015-2025/Estatal-Delitos-2015-2025_abr2026.csv,"panorama_estatal_32.csv columna [sesnsp_2025_total] fila clave_ent=13. Derivado de groupby(Clave_Ent, Subtipo)['_total'].sum() sobre base estatal 2015-2025 · filtros exactos: ver script _construir_panorama_v3.py",2025-12 (corte abr-2026),VERIFICADO_AGREGADO,"2.83% del nacional (2,016,723 en 32 estados). Aparece en KPI de la página-estado."
E13-002,pagina-estado Hidalgo · KPI,253,homicidio doloso 2025 · Hidalgo,BASES_NACIONALES/panorama_estatal_32.csv + BASES_NACIONALES/delitos_estatales_2015-2025/Estatal-Delitos-2015-2025_abr2026.csv,"panorama_estatal_32.csv columna [sesnsp_2025_hd] fila clave_ent=13. Derivado de groupby(Clave_Ent, Subtipo)['_total'].sum() sobre base estatal 2015-2025 · filtros exactos: ver script _construir_panorama_v3.py",2025-12 (corte abr-2026),VERIFICADO_AGREGADO,"1.27% del nacional (19,987 en 32 estados). Aparece en KPI de la página-estado."
E13-003,pagina-estado Hidalgo · tabla,174,homicidio culposo 2025 · Hidalgo,BASES_NACIONALES/panorama_estatal_32.csv + BASES_NACIONALES/delitos_estatales_2015-2025/Estatal-Delitos-2015-2025_abr2026.csv,"panorama_estatal_32.csv columna [sesnsp_2025_hc] fila clave_ent=13. Derivado de groupby(Clave_Ent, Subtipo)['_total'].sum() sobre base estatal 2015-2025 · filtros exactos: ver script _construir_panorama_v3.py",2025-12 (corte abr-2026),VERIFICADO_AGREGADO,"1.03% del nacional (16,945 en 32 estados). Aparece en tabla de la página-estado."
E13-004,pagina-estado Hidalgo · KPI,14,feminicidio 2025 · Hidalgo,BASES_NACIONALES/panorama_estatal_32.csv + BASES_NACIONALES/delitos_estatales_2015-2025/Estatal-Delitos-2015-2025_abr2026.csv,"panorama_estatal_32.csv columna [sesnsp_2025_feminicidio] fila clave_ent=13. Derivado de groupby(Clave_Ent, Subtipo)['_total'].sum() sobre base estatal 2015-2025 · filtros exactos: ver script _construir_panorama_v3.py",2025-12 (corte abr-2026),VERIFICADO_AGREGADO,1.97% del nacional (711 en 32 estados). Aparece en KPI de la página-estado.
E13-005,pagina-estado Hidalgo · KPI,179,extorsión 2025 · Hidalgo,BASES_NACIONALES/panorama_estatal_32.csv + BASES_NACIONALES/delitos_estatales_2015-2025/Estatal-Delitos-2015-2025_abr2026.csv,"panorama_estatal_32.csv columna [sesnsp_2025_extorsion] fila clave_ent=13. Derivado de groupby(Clave_Ent, Subtipo)['_total'].sum() sobre base estatal 2015-2025 · filtros exactos: ver script _construir_panorama_v3.py",2025-12 (corte abr-2026),VERIFICADO_AGREGADO,"1.70% del nacional (10,507 en 32 estados). Aparece en KPI de la página-estado."
E13-006,pagina-estado Hidalgo · tabla,6,secuestro 2025 · Hidalgo,BASES_NACIONALES/panorama_estatal_32.csv + BASES_NACIONALES/delitos_estatales_2015-2025/Estatal-Delitos-2015-2025_abr2026.csv,"panorama_estatal_32.csv columna [sesnsp_2025_secuestro] fila clave_ent=13. Derivado de groupby(Clave_Ent, Subtipo)['_total'].sum() sobre base estatal 2015-2025 · filtros exactos: ver script _construir_panorama_v3.py",2025-12 (corte abr-2026),VERIFICADO_AGREGADO,1.29% del nacional (464 en 32 estados). Aparece en tabla de la página-estado.
E13-007,pagina-estado Hidalgo · tabla,858,narcomenudeo 2025 · Hidalgo,BASES_NACIONALES/panorama_estatal_32.csv + BASES_NACIONALES/delitos_estatales_2015-2025/Estatal-Delitos-2015-2025_abr2026.csv,"panorama_estatal_32.csv columna [sesnsp_2025_narcomenudeo] fila clave_ent=13. Derivado de groupby(Clave_Ent, Subtipo)['_total'].sum() sobre base estatal 2015-2025 · filtros exactos: ver script _construir_panorama_v3.py",2025-12 (corte abr-2026),VERIFICADO_AGREGADO,"0.82% del nacional (104,207 en 32 estados). Aparece en tabla de la página-estado."
E13-008,pagina-estado Hidalgo · KPI,"7,645",violencia familiar 2025 · Hidalgo,BASES_NACIONALES/panorama_estatal_32.csv + BASES_NACIONALES/delitos_estatales_2015-2025/Estatal-Delitos-2015-2025_abr2026.csv,"panorama_estatal_32.csv columna [sesnsp_2025_violencia_familiar] fila clave_ent=13. Derivado de groupby(Clave_Ent, Subtipo)['_total'].sum() sobre base estatal 2015-2025 · filtros exactos: ver script _construir_panorama_v3.py",2025-12 (corte abr-2026),VERIFICADO_AGREGADO,"2.87% del nacional (266,760 en 32 estados). Aparece en KPI de la página-estado."
E13-009,pagina-estado Hidalgo · tabla,"11,860",robo (amplio · incluye allanamiento) 2025 · Hidalgo,BASES_NACIONALES/panorama_estatal_32.csv + BASES_NACIONALES/delitos_estatales_2015-2025/Estatal-Delitos-2015-2025_abr2026.csv,"panorama_estatal_32.csv columna [sesnsp_2025_robo_amplio] fila clave_ent=13. Derivado de groupby(Clave_Ent, Subtipo)['_total'].sum() sobre base estatal 2015-2025 · filtros exactos: ver script _construir_panorama_v3.py",2025-12 (corte abr-2026),VERIFICADO_AGREGADO,"2.50% del nacional (474,378 en 32 estados). Aparece en tabla de la página-estado."
E13-010,pagina-estado Hidalgo · tabla,"4,872",lesiones dolosas 2025 · Hidalgo,BASES_NACIONALES/panorama_estatal_32.csv + BASES_NACIONALES/delitos_estatales_2015-2025/Estatal-Delitos-2015-2025_abr2026.csv,"panorama_estatal_32.csv columna [sesnsp_2025_lesiones_dolosas] fila clave_ent=13. Derivado de groupby(Clave_Ent, Subtipo)['_total'].sum() sobre base estatal 2015-2025 · filtros exactos: ver script _construir_panorama_v3.py",2025-12 (corte abr-2026),VERIFICADO_AGREGADO,"3.11% del nacional (156,623 en 32 estados). Aparece en tabla de la página-estado."
E13-011,pagina-estado Hidalgo · tabla,762,abuso sexual 2025 · Hidalgo,BASES_NACIONALES/panorama_estatal_32.csv + BASES_NACIONALES/delitos_estatales_2015-2025/Estatal-Delitos-2015-2025_abr2026.csv,"panorama_estatal_32.csv columna [sesnsp_2025_abuso_sexual] fila clave_ent=13. Derivado de groupby(Clave_Ent, Subtipo)['_total'].sum() sobre base estatal 2015-2025 · filtros exactos: ver script _construir_panorama_v3.py",2025-12 (corte abr-2026),VERIFICADO_AGREGADO,"2.31% del nacional (33,050 en 32 estados). Aparece en tabla de la página-estado."
E13-012,pagina-estado Hidalgo · tabla,899,violación 2025 · Hidalgo,BASES_NACIONALES/panorama_estatal_32.csv + BASES_NACIONALES/delitos_estatales_2015-2025/Estatal-Delitos-2015-2025_abr2026.csv,"panorama_estatal_32.csv columna [sesnsp_2025_violacion] fila clave_ent=13. Derivado de groupby(Clave_Ent, Subtipo)['_total'].sum() sobre base estatal 2015-2025 · filtros exactos: ver script _construir_panorama_v3.py",2025-12 (corte abr-2026),VERIFICADO_AGREGADO,"4.43% del nacional (20,280 en 32 estados). Aparece en tabla de la página-estado."
E13-013,pagina-estado Hidalgo · tabla,"4,717",amenazas 2025 · Hidalgo,BASES_NACIONALES/panorama_estatal_32.csv + BASES_NACIONALES/delitos_estatales_2015-2025/Estatal-Delitos-2015-2025_abr2026.csv,"panorama_estatal_32.csv columna [sesnsp_2025_amenazas] fila clave_ent=13. Derivado de groupby(Clave_Ent, Subtipo)['_total'].sum() sobre base estatal 2015-2025 · filtros exactos: ver script _construir_panorama_v3.py",2025-12 (corte abr-2026),VERIFICADO_AGREGADO,"3.40% del nacional (138,874 en 32 estados). Aparece en tabla de la página-estado."
E13-014,pagina-estado Hidalgo · gráfico serie HD,146/135/184/203/287/296/241/274/219/246/253,Serie homicidio doloso 2015-2025 · Hidalgo,BASES_NACIONALES/panorama_estatal_32.csv + BASES_NACIONALES/delitos_estatales_2015-2025/Estatal-Delitos-2015-2025_abr2026.csv,panorama_estatal_32.csv columnas serie_hd_2015..serie_hd_2025 fila clave_ent=13. base estatal única corte abr-2026 (11 años).,2025-12 (corte abr-2026),VERIFICADO_AGREGADO,Min: 135 · Max: 296 · Var %: -14.5% del pico
E13-015,pagina-estado Hidalgo · ranking nacional,#12 de 32,Ranking nacional total carpetas 2025 · Hidalgo,BASES_NACIONALES/panorama_estatal_32.csv + BASES_NACIONALES/delitos_estatales_2015-2025/Estatal-Delitos-2015-2025_abr2026.csv,panorama_estatal_32.csv columna [sesnsp_2025_total].rank(ascending=False) → posición de clave_ent=13,2025-12 (corte abr-2026),VERIFICADO_AGREGADO,1 = mayor incidencia · 32 = menor
E13-016,pagina-estado Hidalgo · ranking nacional,#19 de 32,Ranking nacional homicidio doloso 2025 · Hidalgo,BASES_NACIONALES/panorama_estatal_32.csv + BASES_NACIONALES/delitos_estatales_2015-2025/Estatal-Delitos-2015-2025_abr2026.csv,panorama_estatal_32.csv columna [sesnsp_2025_hd].rank(ascending=False) → posición de clave_ent=13,2025-12 (corte abr-2026),VERIFICADO_AGREGADO,1 = mayor incidencia · 32 = menor
E13-017,pagina-estado Hidalgo · ranking nacional,#13 de 32,Ranking nacional extorsión 2025 · Hidalgo,BASES_NACIONALES/panorama_estatal_32.csv + BASES_NACIONALES/delitos_estatales_2015-2025/Estatal-Delitos-2015-2025_abr2026.csv,panorama_estatal_32.csv columna [sesnsp_2025_extorsion].rank(ascending=False) → posición de clave_ent=13,2025-12 (corte abr-2026),VERIFICADO_AGREGADO,1 = mayor incidencia · 32 = menor
E13-018,pagina-estado Hidalgo · ranking nacional,#19 de 32,Ranking nacional feminicidio 2025 · Hidalgo,BASES_NACIONALES/panorama_estatal_32.csv + BASES_NACIONALES/delitos_estatales_2015-2025/Estatal-Delitos-2015-2025_abr2026.csv,panorama_estatal_32.csv columna [sesnsp_2025_feminicidio].rank(ascending=False) → posición de clave_ent=13,2025-12 (corte abr-2026),VERIFICADO_AGREGADO,1 = mayor incidencia · 32 = menor
E13-019,pagina-estado Hidalgo · ranking nacional,#13 de 32,Ranking nacional violencia familiar 2025 · Hidalgo,BASES_NACIONALES/panorama_estatal_32.csv + BASES_NACIONALES/delitos_estatales_2015-2025/Estatal-Delitos-2015-2025_abr2026.csv,panorama_estatal_32.csv columna [sesnsp_2025_violencia_familiar].rank(ascending=False) → posición de clave_ent=13,2025-12 (corte abr-2026),VERIFICADO_AGREGADO,1 = mayor incidencia · 32 = menor
E13-020,pagina-estado Hidalgo · panel RNPDNO,"1,504",RNPDNO desaparecidos activos · Hidalgo · al 3-jun-2026,BASES_NACIONALES/panorama_estatal_32.csv + EXCEL - SEGURIDAD MORELOS/NUEVOS REPORTES DESAPARICIONES/activos_por_entidad.csv,panorama_estatal_32.csv columna [rnpdno_desaparecidos] fila clave_ent=13. Mapeo nombre INEGI → alias RNPDNO. Fuente primaria: dashboard oficial post-reforma RNPDNO.,2026-06-03,VERIFICADO_AGREGADO,
E13-021,pagina-estado Hidalgo · panel RNPDNO,230,RNPDNO no localizados · Hidalgo · al 3-jun-2026,BASES_NACIONALES/panorama_estatal_32.csv + EXCEL - SEGURIDAD MORELOS/NUEVOS REPORTES DESAPARICIONES/activos_por_entidad.csv,panorama_estatal_32.csv columna [rnpdno_no_localizados] fila clave_ent=13. Mapeo nombre INEGI → alias RNPDNO. Fuente primaria: dashboard oficial post-reforma RNPDNO.,2026-06-03,VERIFICADO_AGREGADO,
E13-022,pagina-estado Hidalgo · panel RNPDNO,"5,434",RNPDNO localizados con vida · Hidalgo · al 3-jun-2026,BASES_NACIONALES/panorama_estatal_32.csv + EXCEL - SEGURIDAD MORELOS/NUEVOS REPORTES DESAPARICIONES/activos_por_entidad.csv,panorama_estatal_32.csv columna [rnpdno_loc_con_vida] fila clave_ent=13. Mapeo nombre INEGI → alias RNPDNO. Fuente primaria: dashboard oficial post-reforma RNPDNO.,2026-06-03,VERIFICADO_AGREGADO,
E13-023,pagina-estado Hidalgo · panel RNPDNO,421,RNPDNO localizados sin vida · Hidalgo · al 3-jun-2026,BASES_NACIONALES/panorama_estatal_32.csv + EXCEL - SEGURIDAD MORELOS/NUEVOS REPORTES DESAPARICIONES/activos_por_entidad.csv,panorama_estatal_32.csv columna [rnpdno_loc_sin_vida] fila clave_ent=13. Mapeo nombre INEGI → alias RNPDNO. Fuente primaria: dashboard oficial post-reforma RNPDNO.,2026-06-03,VERIFICADO_AGREGADO,
E13-024,pagina-estado Hidalgo · panel RNPDNO,"1,734",RNPDNO activos totales (desap + no loc) · Hidalgo · al 3-jun-2026,BASES_NACIONALES/panorama_estatal_32.csv + EXCEL - SEGURIDAD MORELOS/NUEVOS REPORTES DESAPARICIONES/activos_por_entidad.csv,panorama_estatal_32.csv columna [rnpdno_activos_total] fila clave_ent=13. Mapeo nombre INEGI → alias RNPDNO. Fuente primaria: dashboard oficial post-reforma RNPDNO.,2026-06-03,VERIFICADO_AGREGADO,1.29% del nacional
E13-025,pagina-estado Hidalgo · ranking nacional RNPDNO,#22 de 32,Ranking nacional desaparecidos activos · Hidalgo,BASES_NACIONALES/panorama_estatal_32.csv + EXCEL - SEGURIDAD MORELOS/NUEVOS REPORTES DESAPARICIONES/activos_por_entidad.csv,panorama_estatal_32.csv columna [rnpdno_activos_total].rank(ascending=False) → posición clave_ent=13,2026-06-03,VERIFICADO_AGREGADO,1 = mayor número de activos · 32 = menor
E13-026,pagina-estado Hidalgo · KPI 2026 parcial,"17,777",Carpetas SESNSP 2026 parcial (ene-abr) · Hidalgo,BASES_NACIONALES/panorama_estatal_32.csv + BASES_NACIONALES/delitos_estatales_RNID_2026/RNID-Delitos_Estatal-2026-abr2026.csv,panorama_estatal_32.csv columna [sesnsp_2026_parcial_total] fila clave_ent=13. RNID estatal 2026 corte abr-2026 · sum(Enero..Abril) por Clave_Ent · CON desglose por subtipo,2026-04 (corte abr-2026),VERIFICADO_AGREGADO,"2.73% del nacional T1 (652,342). Ritmo anualizado ×3 = 53,331 → -6.7% vs total 2025. Con desglose completo por subtipo (RNID estatal)."
E13-027,pagina-estado Hidalgo · denominador tasas,"3,299,857",Población a mitad de año 2025 · Hidalgo,BASES_NACIONALES/panorama_estatal_32.csv + BASES_NACIONALES/poblacion_estatal_conapo.csv (CONAPO pry23 · conapo.segob.gob.mx),"CONAPO pry23 00_Pob_Mitad_1950_2070.csv · sum(POBLACION) WHERE ANIO=2025 AND CVE_GEO=13 (todas edades y sexos). Validado: suma 32 entidades == nacional CVE_GEO=0 (133,367,428 · diff 0)",2025 (proyección pry23),VERIFICADO_AGREGADO,Denominador oficial para todas las tasas /100K del estado
E13-028,pagina-estado Hidalgo · KPI tasa,7.67,tasa homicidio doloso por 100K hab 2025 · Hidalgo,BASES_NACIONALES/panorama_estatal_32.csv + BASES_NACIONALES/poblacion_estatal_conapo.csv (CONAPO pry23 · conapo.segob.gob.mx),"panorama [sesnsp_2025_hd] (253) / poblacion_2025 (3,299,857) × 100,000 = 7.67",2024,VERIFICADO_AGREGADO,Ranking nacional por tasa: #21 de 32 (1 = mayor tasa)
E13-029,pagina-estado Hidalgo · KPI tasa,0.424,"tasa feminicidio por 100K hab 2025 (poblacion total, declarado) · Hidalgo",BASES_NACIONALES/panorama_estatal_32.csv + BASES_NACIONALES/poblacion_estatal_conapo.csv (CONAPO pry23 · conapo.segob.gob.mx),"panorama [sesnsp_2025_feminicidio] (14) / poblacion_2025 (3,299,857) × 100,000 = 0.424",2024,VERIFICADO_AGREGADO,Ranking nacional por tasa: #20 de 32 (1 = mayor tasa)
E13-030,pagina-estado Hidalgo · KPI tasa,1732.3,tasa total carpetas por 100K hab 2025 · Hidalgo,BASES_NACIONALES/panorama_estatal_32.csv + BASES_NACIONALES/poblacion_estatal_conapo.csv (CONAPO pry23 · conapo.segob.gob.mx),"panorama [sesnsp_2025_total] (57,165) / poblacion_2025 (3,299,857) × 100,000 = 1732.3",2024,VERIFICADO_AGREGADO,Ranking nacional por tasa: #15 de 32 (1 = mayor tasa)
E13-031,pagina-estado Hidalgo · KPI tasa,52.5,tasa desaparecidos activos por 100K hab · Hidalgo,BASES_NACIONALES/panorama_estatal_32.csv + BASES_NACIONALES/poblacion_estatal_conapo.csv (CONAPO pry23 · conapo.segob.gob.mx),"panorama [rnpdno_activos_total] (1,734) / poblacion_2025 (3,299,857) × 100,000 = 52.5",2024,VERIFICADO_AGREGADO,Ranking nacional por tasa: #23 de 32 (1 = mayor tasa)
E13-032,pagina-estado Hidalgo · KPI tasa,0.182,tasa secuestro por 100K hab 2025 · Hidalgo,BASES_NACIONALES/panorama_estatal_32.csv + BASES_NACIONALES/poblacion_estatal_conapo.csv (CONAPO pry23 · conapo.segob.gob.mx),"panorama [sesnsp_2025_secuestro] (6) / poblacion_2025 (3,299,857) × 100,000 = 0.182",2024,VERIFICADO_AGREGADO,Ranking nacional por tasa: #20 de 32 (1 = mayor tasa)
E13-033,pagina-estado Hidalgo · KPI tasa,231.7,tasa violencia familiar por 100K hab 2025 · Hidalgo,BASES_NACIONALES/panorama_estatal_32.csv + BASES_NACIONALES/poblacion_estatal_conapo.csv (CONAPO pry23 · conapo.segob.gob.mx),"panorama [sesnsp_2025_violencia_familiar] (7,645) / poblacion_2025 (3,299,857) × 100,000 = 231.7",2024,VERIFICADO_AGREGADO,Ranking nacional por tasa: #14 de 32 (1 = mayor tasa)
E13-034,pagina-estado Hidalgo · KPI tasa,27.24,tasa violacion (simple+equiparada) por 100K hab 2025 · Hidalgo,BASES_NACIONALES/panorama_estatal_32.csv + BASES_NACIONALES/poblacion_estatal_conapo.csv (CONAPO pry23 · conapo.segob.gob.mx),"panorama [sesnsp_2025_violacion] (899) / poblacion_2025 (3,299,857) × 100,000 = 27.24",2024,VERIFICADO_AGREGADO,Ranking nacional por tasa: #4 de 32 (1 = mayor tasa)
E14-001,pagina-estado Jalisco · KPI,"114,419",total carpetas SESNSP 2025 · Jalisco,BASES_NACIONALES/panorama_estatal_32.csv + BASES_NACIONALES/delitos_estatales_2015-2025/Estatal-Delitos-2015-2025_abr2026.csv,"panorama_estatal_32.csv columna [sesnsp_2025_total] fila clave_ent=14. Derivado de groupby(Clave_Ent, Subtipo)['_total'].sum() sobre base estatal 2015-2025 · filtros exactos: ver script _construir_panorama_v3.py",2025-12 (corte abr-2026),VERIFICADO_AGREGADO,"5.67% del nacional (2,016,723 en 32 estados). Aparece en KPI de la página-estado."
E14-002,pagina-estado Jalisco · KPI,953,homicidio doloso 2025 · Jalisco,BASES_NACIONALES/panorama_estatal_32.csv + BASES_NACIONALES/delitos_estatales_2015-2025/Estatal-Delitos-2015-2025_abr2026.csv,"panorama_estatal_32.csv columna [sesnsp_2025_hd] fila clave_ent=14. Derivado de groupby(Clave_Ent, Subtipo)['_total'].sum() sobre base estatal 2015-2025 · filtros exactos: ver script _construir_panorama_v3.py",2025-12 (corte abr-2026),VERIFICADO_AGREGADO,"4.77% del nacional (19,987 en 32 estados). Aparece en KPI de la página-estado."
E14-003,pagina-estado Jalisco · tabla,"1,071",homicidio culposo 2025 · Jalisco,BASES_NACIONALES/panorama_estatal_32.csv + BASES_NACIONALES/delitos_estatales_2015-2025/Estatal-Delitos-2015-2025_abr2026.csv,"panorama_estatal_32.csv columna [sesnsp_2025_hc] fila clave_ent=14. Derivado de groupby(Clave_Ent, Subtipo)['_total'].sum() sobre base estatal 2015-2025 · filtros exactos: ver script _construir_panorama_v3.py",2025-12 (corte abr-2026),VERIFICADO_AGREGADO,"6.32% del nacional (16,945 en 32 estados). Aparece en tabla de la página-estado."
E14-004,pagina-estado Jalisco · KPI,38,feminicidio 2025 · Jalisco,BASES_NACIONALES/panorama_estatal_32.csv + BASES_NACIONALES/delitos_estatales_2015-2025/Estatal-Delitos-2015-2025_abr2026.csv,"panorama_estatal_32.csv columna [sesnsp_2025_feminicidio] fila clave_ent=14. Derivado de groupby(Clave_Ent, Subtipo)['_total'].sum() sobre base estatal 2015-2025 · filtros exactos: ver script _construir_panorama_v3.py",2025-12 (corte abr-2026),VERIFICADO_AGREGADO,5.34% del nacional (711 en 32 estados). Aparece en KPI de la página-estado.
E14-005,pagina-estado Jalisco · KPI,438,extorsión 2025 · Jalisco,BASES_NACIONALES/panorama_estatal_32.csv + BASES_NACIONALES/delitos_estatales_2015-2025/Estatal-Delitos-2015-2025_abr2026.csv,"panorama_estatal_32.csv columna [sesnsp_2025_extorsion] fila clave_ent=14. Derivado de groupby(Clave_Ent, Subtipo)['_total'].sum() sobre base estatal 2015-2025 · filtros exactos: ver script _construir_panorama_v3.py",2025-12 (corte abr-2026),VERIFICADO_AGREGADO,"4.17% del nacional (10,507 en 32 estados). Aparece en KPI de la página-estado."
E14-006,pagina-estado Jalisco · tabla,16,secuestro 2025 · Jalisco,BASES_NACIONALES/panorama_estatal_32.csv + BASES_NACIONALES/delitos_estatales_2015-2025/Estatal-Delitos-2015-2025_abr2026.csv,"panorama_estatal_32.csv columna [sesnsp_2025_secuestro] fila clave_ent=14. Derivado de groupby(Clave_Ent, Subtipo)['_total'].sum() sobre base estatal 2015-2025 · filtros exactos: ver script _construir_panorama_v3.py",2025-12 (corte abr-2026),VERIFICADO_AGREGADO,3.45% del nacional (464 en 32 estados). Aparece en tabla de la página-estado.
E14-007,pagina-estado Jalisco · tabla,"2,443",narcomenudeo 2025 · Jalisco,BASES_NACIONALES/panorama_estatal_32.csv + BASES_NACIONALES/delitos_estatales_2015-2025/Estatal-Delitos-2015-2025_abr2026.csv,"panorama_estatal_32.csv columna [sesnsp_2025_narcomenudeo] fila clave_ent=14. Derivado de groupby(Clave_Ent, Subtipo)['_total'].sum() sobre base estatal 2015-2025 · filtros exactos: ver script _construir_panorama_v3.py",2025-12 (corte abr-2026),VERIFICADO_AGREGADO,"2.34% del nacional (104,207 en 32 estados). Aparece en tabla de la página-estado."
E14-008,pagina-estado Jalisco · KPI,"12,315",violencia familiar 2025 · Jalisco,BASES_NACIONALES/panorama_estatal_32.csv + BASES_NACIONALES/delitos_estatales_2015-2025/Estatal-Delitos-2015-2025_abr2026.csv,"panorama_estatal_32.csv columna [sesnsp_2025_violencia_familiar] fila clave_ent=14. Derivado de groupby(Clave_Ent, Subtipo)['_total'].sum() sobre base estatal 2015-2025 · filtros exactos: ver script _construir_panorama_v3.py",2025-12 (corte abr-2026),VERIFICADO_AGREGADO,"4.62% del nacional (266,760 en 32 estados). Aparece en KPI de la página-estado."
E14-009,pagina-estado Jalisco · tabla,"32,242",robo (amplio · incluye allanamiento) 2025 · Jalisco,BASES_NACIONALES/panorama_estatal_32.csv + BASES_NACIONALES/delitos_estatales_2015-2025/Estatal-Delitos-2015-2025_abr2026.csv,"panorama_estatal_32.csv columna [sesnsp_2025_robo_amplio] fila clave_ent=14. Derivado de groupby(Clave_Ent, Subtipo)['_total'].sum() sobre base estatal 2015-2025 · filtros exactos: ver script _construir_panorama_v3.py",2025-12 (corte abr-2026),VERIFICADO_AGREGADO,"6.80% del nacional (474,378 en 32 estados). Aparece en tabla de la página-estado."
E14-010,pagina-estado Jalisco · tabla,"8,796",lesiones dolosas 2025 · Jalisco,BASES_NACIONALES/panorama_estatal_32.csv + BASES_NACIONALES/delitos_estatales_2015-2025/Estatal-Delitos-2015-2025_abr2026.csv,"panorama_estatal_32.csv columna [sesnsp_2025_lesiones_dolosas] fila clave_ent=14. Derivado de groupby(Clave_Ent, Subtipo)['_total'].sum() sobre base estatal 2015-2025 · filtros exactos: ver script _construir_panorama_v3.py",2025-12 (corte abr-2026),VERIFICADO_AGREGADO,"5.62% del nacional (156,623 en 32 estados). Aparece en tabla de la página-estado."
E14-011,pagina-estado Jalisco · tabla,"5,415",abuso sexual 2025 · Jalisco,BASES_NACIONALES/panorama_estatal_32.csv + BASES_NACIONALES/delitos_estatales_2015-2025/Estatal-Delitos-2015-2025_abr2026.csv,"panorama_estatal_32.csv columna [sesnsp_2025_abuso_sexual] fila clave_ent=14. Derivado de groupby(Clave_Ent, Subtipo)['_total'].sum() sobre base estatal 2015-2025 · filtros exactos: ver script _construir_panorama_v3.py",2025-12 (corte abr-2026),VERIFICADO_AGREGADO,"16.38% del nacional (33,050 en 32 estados). Aparece en tabla de la página-estado."
E14-012,pagina-estado Jalisco · tabla,529,violación 2025 · Jalisco,BASES_NACIONALES/panorama_estatal_32.csv + BASES_NACIONALES/delitos_estatales_2015-2025/Estatal-Delitos-2015-2025_abr2026.csv,"panorama_estatal_32.csv columna [sesnsp_2025_violacion] fila clave_ent=14. Derivado de groupby(Clave_Ent, Subtipo)['_total'].sum() sobre base estatal 2015-2025 · filtros exactos: ver script _construir_panorama_v3.py",2025-12 (corte abr-2026),VERIFICADO_AGREGADO,"2.61% del nacional (20,280 en 32 estados). Aparece en tabla de la página-estado."
E14-013,pagina-estado Jalisco · tabla,"9,738",amenazas 2025 · Jalisco,BASES_NACIONALES/panorama_estatal_32.csv + BASES_NACIONALES/delitos_estatales_2015-2025/Estatal-Delitos-2015-2025_abr2026.csv,"panorama_estatal_32.csv columna [sesnsp_2025_amenazas] fila clave_ent=14. Derivado de groupby(Clave_Ent, Subtipo)['_total'].sum() sobre base estatal 2015-2025 · filtros exactos: ver script _construir_panorama_v3.py",2025-12 (corte abr-2026),VERIFICADO_AGREGADO,"7.01% del nacional (138,874 en 32 estados). Aparece en tabla de la página-estado."
E14-014,pagina-estado Jalisco · gráfico serie HD,957/1105/1342/1959/2017/1754/1816/1600/1450/1440/953,Serie homicidio doloso 2015-2025 · Jalisco,BASES_NACIONALES/panorama_estatal_32.csv + BASES_NACIONALES/delitos_estatales_2015-2025/Estatal-Delitos-2015-2025_abr2026.csv,panorama_estatal_32.csv columnas serie_hd_2015..serie_hd_2025 fila clave_ent=14. base estatal única corte abr-2026 (11 años).,2025-12 (corte abr-2026),VERIFICADO_AGREGADO,Min: 953 · Max: 2017 · Var %: -52.8% del pico
E14-015,pagina-estado Jalisco · ranking nacional,#4 de 32,Ranking nacional total carpetas 2025 · Jalisco,BASES_NACIONALES/panorama_estatal_32.csv + BASES_NACIONALES/delitos_estatales_2015-2025/Estatal-Delitos-2015-2025_abr2026.csv,panorama_estatal_32.csv columna [sesnsp_2025_total].rank(ascending=False) → posición de clave_ent=14,2025-12 (corte abr-2026),VERIFICADO_AGREGADO,1 = mayor incidencia · 32 = menor
E14-016,pagina-estado Jalisco · ranking nacional,#10 de 32,Ranking nacional homicidio doloso 2025 · Jalisco,BASES_NACIONALES/panorama_estatal_32.csv + BASES_NACIONALES/delitos_estatales_2015-2025/Estatal-Delitos-2015-2025_abr2026.csv,panorama_estatal_32.csv columna [sesnsp_2025_hd].rank(ascending=False) → posición de clave_ent=14,2025-12 (corte abr-2026),VERIFICADO_AGREGADO,1 = mayor incidencia · 32 = menor
E14-017,pagina-estado Jalisco · ranking nacional,#6 de 32,Ranking nacional extorsión 2025 · Jalisco,BASES_NACIONALES/panorama_estatal_32.csv + BASES_NACIONALES/delitos_estatales_2015-2025/Estatal-Delitos-2015-2025_abr2026.csv,panorama_estatal_32.csv columna [sesnsp_2025_extorsion].rank(ascending=False) → posición de clave_ent=14,2025-12 (corte abr-2026),VERIFICADO_AGREGADO,1 = mayor incidencia · 32 = menor
E14-018,pagina-estado Jalisco · ranking nacional,#6 de 32,Ranking nacional feminicidio 2025 · Jalisco,BASES_NACIONALES/panorama_estatal_32.csv + BASES_NACIONALES/delitos_estatales_2015-2025/Estatal-Delitos-2015-2025_abr2026.csv,panorama_estatal_32.csv columna [sesnsp_2025_feminicidio].rank(ascending=False) → posición de clave_ent=14,2025-12 (corte abr-2026),VERIFICADO_AGREGADO,1 = mayor incidencia · 32 = menor
E14-019,pagina-estado Jalisco · ranking nacional,#8 de 32,Ranking nacional violencia familiar 2025 · Jalisco,BASES_NACIONALES/panorama_estatal_32.csv + BASES_NACIONALES/delitos_estatales_2015-2025/Estatal-Delitos-2015-2025_abr2026.csv,panorama_estatal_32.csv columna [sesnsp_2025_violencia_familiar].rank(ascending=False) → posición de clave_ent=14,2025-12 (corte abr-2026),VERIFICADO_AGREGADO,1 = mayor incidencia · 32 = menor
E14-020,pagina-estado Jalisco · panel RNPDNO,"12,389",RNPDNO desaparecidos activos · Jalisco · al 3-jun-2026,BASES_NACIONALES/panorama_estatal_32.csv + EXCEL - SEGURIDAD MORELOS/NUEVOS REPORTES DESAPARICIONES/activos_por_entidad.csv,panorama_estatal_32.csv columna [rnpdno_desaparecidos] fila clave_ent=14. Mapeo nombre INEGI → alias RNPDNO. Fuente primaria: dashboard oficial post-reforma RNPDNO.,2026-06-03,VERIFICADO_AGREGADO,
E14-021,pagina-estado Jalisco · panel RNPDNO,392,RNPDNO no localizados · Jalisco · al 3-jun-2026,BASES_NACIONALES/panorama_estatal_32.csv + EXCEL - SEGURIDAD MORELOS/NUEVOS REPORTES DESAPARICIONES/activos_por_entidad.csv,panorama_estatal_32.csv columna [rnpdno_no_localizados] fila clave_ent=14. Mapeo nombre INEGI → alias RNPDNO. Fuente primaria: dashboard oficial post-reforma RNPDNO.,2026-06-03,VERIFICADO_AGREGADO,
E14-022,pagina-estado Jalisco · panel RNPDNO,"10,925",RNPDNO localizados con vida · Jalisco · al 3-jun-2026,BASES_NACIONALES/panorama_estatal_32.csv + EXCEL - SEGURIDAD MORELOS/NUEVOS REPORTES DESAPARICIONES/activos_por_entidad.csv,panorama_estatal_32.csv columna [rnpdno_loc_con_vida] fila clave_ent=14. Mapeo nombre INEGI → alias RNPDNO. Fuente primaria: dashboard oficial post-reforma RNPDNO.,2026-06-03,VERIFICADO_AGREGADO,
E14-023,pagina-estado Jalisco · panel RNPDNO,"2,251",RNPDNO localizados sin vida · Jalisco · al 3-jun-2026,BASES_NACIONALES/panorama_estatal_32.csv + EXCEL - SEGURIDAD MORELOS/NUEVOS REPORTES DESAPARICIONES/activos_por_entidad.csv,panorama_estatal_32.csv columna [rnpdno_loc_sin_vida] fila clave_ent=14. Mapeo nombre INEGI → alias RNPDNO. Fuente primaria: dashboard oficial post-reforma RNPDNO.,2026-06-03,VERIFICADO_AGREGADO,
E14-024,pagina-estado Jalisco · panel RNPDNO,"12,781",RNPDNO activos totales (desap + no loc) · Jalisco · al 3-jun-2026,BASES_NACIONALES/panorama_estatal_32.csv + EXCEL - SEGURIDAD MORELOS/NUEVOS REPORTES DESAPARICIONES/activos_por_entidad.csv,panorama_estatal_32.csv columna [rnpdno_activos_total] fila clave_ent=14. Mapeo nombre INEGI → alias RNPDNO. Fuente primaria: dashboard oficial post-reforma RNPDNO.,2026-06-03,VERIFICADO_AGREGADO,9.54% del nacional
E14-025,pagina-estado Jalisco · ranking nacional RNPDNO,#3 de 32,Ranking nacional desaparecidos activos · Jalisco,BASES_NACIONALES/panorama_estatal_32.csv + EXCEL - SEGURIDAD MORELOS/NUEVOS REPORTES DESAPARICIONES/activos_por_entidad.csv,panorama_estatal_32.csv columna [rnpdno_activos_total].rank(ascending=False) → posición clave_ent=14,2026-06-03,VERIFICADO_AGREGADO,1 = mayor número de activos · 32 = menor
E14-026,pagina-estado Jalisco · KPI 2026 parcial,"36,867",Carpetas SESNSP 2026 parcial (ene-abr) · Jalisco,BASES_NACIONALES/panorama_estatal_32.csv + BASES_NACIONALES/delitos_estatales_RNID_2026/RNID-Delitos_Estatal-2026-abr2026.csv,panorama_estatal_32.csv columna [sesnsp_2026_parcial_total] fila clave_ent=14. RNID estatal 2026 corte abr-2026 · sum(Enero..Abril) por Clave_Ent · CON desglose por subtipo,2026-04 (corte abr-2026),VERIFICADO_AGREGADO,"5.65% del nacional T1 (652,342). Ritmo anualizado ×3 = 110,601 → -3.3% vs total 2025. Con desglose completo por subtipo (RNID estatal)."
E14-027,pagina-estado Jalisco · denominador tasas,"8,903,326",Población a mitad de año 2025 · Jalisco,BASES_NACIONALES/panorama_estatal_32.csv + BASES_NACIONALES/poblacion_estatal_conapo.csv (CONAPO pry23 · conapo.segob.gob.mx),"CONAPO pry23 00_Pob_Mitad_1950_2070.csv · sum(POBLACION) WHERE ANIO=2025 AND CVE_GEO=14 (todas edades y sexos). Validado: suma 32 entidades == nacional CVE_GEO=0 (133,367,428 · diff 0)",2025 (proyección pry23),VERIFICADO_AGREGADO,Denominador oficial para todas las tasas /100K del estado
E14-028,pagina-estado Jalisco · KPI tasa,10.7,tasa homicidio doloso por 100K hab 2025 · Jalisco,BASES_NACIONALES/panorama_estatal_32.csv + BASES_NACIONALES/poblacion_estatal_conapo.csv (CONAPO pry23 · conapo.segob.gob.mx),"panorama [sesnsp_2025_hd] (953) / poblacion_2025 (8,903,326) × 100,000 = 10.7",2024,VERIFICADO_AGREGADO,Ranking nacional por tasa: #17 de 32 (1 = mayor tasa)
E14-029,pagina-estado Jalisco · KPI tasa,0.427,"tasa feminicidio por 100K hab 2025 (poblacion total, declarado) · Jalisco",BASES_NACIONALES/panorama_estatal_32.csv + BASES_NACIONALES/poblacion_estatal_conapo.csv (CONAPO pry23 · conapo.segob.gob.mx),"panorama [sesnsp_2025_feminicidio] (38) / poblacion_2025 (8,903,326) × 100,000 = 0.427",2024,VERIFICADO_AGREGADO,Ranking nacional por tasa: #19 de 32 (1 = mayor tasa)
E14-030,pagina-estado Jalisco · KPI tasa,1285.1,tasa total carpetas por 100K hab 2025 · Jalisco,BASES_NACIONALES/panorama_estatal_32.csv + BASES_NACIONALES/poblacion_estatal_conapo.csv (CONAPO pry23 · conapo.segob.gob.mx),"panorama [sesnsp_2025_total] (114,419) / poblacion_2025 (8,903,326) × 100,000 = 1285.1",2024,VERIFICADO_AGREGADO,Ranking nacional por tasa: #17 de 32 (1 = mayor tasa)
E14-031,pagina-estado Jalisco · KPI tasa,143.6,tasa desaparecidos activos por 100K hab · Jalisco,BASES_NACIONALES/panorama_estatal_32.csv + BASES_NACIONALES/poblacion_estatal_conapo.csv (CONAPO pry23 · conapo.segob.gob.mx),"panorama [rnpdno_activos_total] (12,781) / poblacion_2025 (8,903,326) × 100,000 = 143.6",2024,VERIFICADO_AGREGADO,Ranking nacional por tasa: #8 de 32 (1 = mayor tasa)
E14-032,pagina-estado Jalisco · KPI tasa,0.18,tasa secuestro por 100K hab 2025 · Jalisco,BASES_NACIONALES/panorama_estatal_32.csv + BASES_NACIONALES/poblacion_estatal_conapo.csv (CONAPO pry23 · conapo.segob.gob.mx),"panorama [sesnsp_2025_secuestro] (16) / poblacion_2025 (8,903,326) × 100,000 = 0.18",2024,VERIFICADO_AGREGADO,Ranking nacional por tasa: #21 de 32 (1 = mayor tasa)
E14-033,pagina-estado Jalisco · KPI tasa,138.3,tasa violencia familiar por 100K hab 2025 · Jalisco,BASES_NACIONALES/panorama_estatal_32.csv + BASES_NACIONALES/poblacion_estatal_conapo.csv (CONAPO pry23 · conapo.segob.gob.mx),"panorama [sesnsp_2025_violencia_familiar] (12,315) / poblacion_2025 (8,903,326) × 100,000 = 138.3",2024,VERIFICADO_AGREGADO,Ranking nacional por tasa: #24 de 32 (1 = mayor tasa)
E14-034,pagina-estado Jalisco · KPI tasa,5.94,tasa violacion (simple+equiparada) por 100K hab 2025 · Jalisco,BASES_NACIONALES/panorama_estatal_32.csv + BASES_NACIONALES/poblacion_estatal_conapo.csv (CONAPO pry23 · conapo.segob.gob.mx),"panorama [sesnsp_2025_violacion] (529) / poblacion_2025 (8,903,326) × 100,000 = 5.94",2024,VERIFICADO_AGREGADO,Ranking nacional por tasa: #27 de 32 (1 = mayor tasa)
E15-001,pagina-estado México · KPI,"352,563",total carpetas SESNSP 2025 · México,BASES_NACIONALES/panorama_estatal_32.csv + BASES_NACIONALES/delitos_estatales_2015-2025/Estatal-Delitos-2015-2025_abr2026.csv,"panorama_estatal_32.csv columna [sesnsp_2025_total] fila clave_ent=15. Derivado de groupby(Clave_Ent, Subtipo)['_total'].sum() sobre base estatal 2015-2025 · filtros exactos: ver script _construir_panorama_v3.py",2025-12 (corte abr-2026),VERIFICADO_AGREGADO,"17.48% del nacional (2,016,723 en 32 estados). Aparece en KPI de la página-estado."
E15-002,pagina-estado México · KPI,"1,312",homicidio doloso 2025 · México,BASES_NACIONALES/panorama_estatal_32.csv + BASES_NACIONALES/delitos_estatales_2015-2025/Estatal-Delitos-2015-2025_abr2026.csv,"panorama_estatal_32.csv columna [sesnsp_2025_hd] fila clave_ent=15. Derivado de groupby(Clave_Ent, Subtipo)['_total'].sum() sobre base estatal 2015-2025 · filtros exactos: ver script _construir_panorama_v3.py",2025-12 (corte abr-2026),VERIFICADO_AGREGADO,"6.56% del nacional (19,987 en 32 estados). Aparece en KPI de la página-estado."
E15-003,pagina-estado México · tabla,"1,500",homicidio culposo 2025 · México,BASES_NACIONALES/panorama_estatal_32.csv + BASES_NACIONALES/delitos_estatales_2015-2025/Estatal-Delitos-2015-2025_abr2026.csv,"panorama_estatal_32.csv columna [sesnsp_2025_hc] fila clave_ent=15. Derivado de groupby(Clave_Ent, Subtipo)['_total'].sum() sobre base estatal 2015-2025 · filtros exactos: ver script _construir_panorama_v3.py",2025-12 (corte abr-2026),VERIFICADO_AGREGADO,"8.85% del nacional (16,945 en 32 estados). Aparece en tabla de la página-estado."
E15-004,pagina-estado México · KPI,55,feminicidio 2025 · México,BASES_NACIONALES/panorama_estatal_32.csv + BASES_NACIONALES/delitos_estatales_2015-2025/Estatal-Delitos-2015-2025_abr2026.csv,"panorama_estatal_32.csv columna [sesnsp_2025_feminicidio] fila clave_ent=15. Derivado de groupby(Clave_Ent, Subtipo)['_total'].sum() sobre base estatal 2015-2025 · filtros exactos: ver script _construir_panorama_v3.py",2025-12 (corte abr-2026),VERIFICADO_AGREGADO,7.74% del nacional (711 en 32 estados). Aparece en KPI de la página-estado.
E15-005,pagina-estado México · KPI,"2,150",extorsión 2025 · México,BASES_NACIONALES/panorama_estatal_32.csv + BASES_NACIONALES/delitos_estatales_2015-2025/Estatal-Delitos-2015-2025_abr2026.csv,"panorama_estatal_32.csv columna [sesnsp_2025_extorsion] fila clave_ent=15. Derivado de groupby(Clave_Ent, Subtipo)['_total'].sum() sobre base estatal 2015-2025 · filtros exactos: ver script _construir_panorama_v3.py",2025-12 (corte abr-2026),VERIFICADO_AGREGADO,"20.46% del nacional (10,507 en 32 estados). Aparece en KPI de la página-estado."
E15-006,pagina-estado México · tabla,33,secuestro 2025 · México,BASES_NACIONALES/panorama_estatal_32.csv + BASES_NACIONALES/delitos_estatales_2015-2025/Estatal-Delitos-2015-2025_abr2026.csv,"panorama_estatal_32.csv columna [sesnsp_2025_secuestro] fila clave_ent=15. Derivado de groupby(Clave_Ent, Subtipo)['_total'].sum() sobre base estatal 2015-2025 · filtros exactos: ver script _construir_panorama_v3.py",2025-12 (corte abr-2026),VERIFICADO_AGREGADO,7.11% del nacional (464 en 32 estados). Aparece en tabla de la página-estado.
E15-007,pagina-estado México · tabla,"3,603",narcomenudeo 2025 · México,BASES_NACIONALES/panorama_estatal_32.csv + BASES_NACIONALES/delitos_estatales_2015-2025/Estatal-Delitos-2015-2025_abr2026.csv,"panorama_estatal_32.csv columna [sesnsp_2025_narcomenudeo] fila clave_ent=15. Derivado de groupby(Clave_Ent, Subtipo)['_total'].sum() sobre base estatal 2015-2025 · filtros exactos: ver script _construir_panorama_v3.py",2025-12 (corte abr-2026),VERIFICADO_AGREGADO,"3.46% del nacional (104,207 en 32 estados). Aparece en tabla de la página-estado."
E15-008,pagina-estado México · KPI,"25,911",violencia familiar 2025 · México,BASES_NACIONALES/panorama_estatal_32.csv + BASES_NACIONALES/delitos_estatales_2015-2025/Estatal-Delitos-2015-2025_abr2026.csv,"panorama_estatal_32.csv columna [sesnsp_2025_violencia_familiar] fila clave_ent=15. Derivado de groupby(Clave_Ent, Subtipo)['_total'].sum() sobre base estatal 2015-2025 · filtros exactos: ver script _construir_panorama_v3.py",2025-12 (corte abr-2026),VERIFICADO_AGREGADO,"9.71% del nacional (266,760 en 32 estados). Aparece en KPI de la página-estado."
E15-009,pagina-estado México · tabla,"97,032",robo (amplio · incluye allanamiento) 2025 · México,BASES_NACIONALES/panorama_estatal_32.csv + BASES_NACIONALES/delitos_estatales_2015-2025/Estatal-Delitos-2015-2025_abr2026.csv,"panorama_estatal_32.csv columna [sesnsp_2025_robo_amplio] fila clave_ent=15. Derivado de groupby(Clave_Ent, Subtipo)['_total'].sum() sobre base estatal 2015-2025 · filtros exactos: ver script _construir_panorama_v3.py",2025-12 (corte abr-2026),VERIFICADO_AGREGADO,"20.45% del nacional (474,378 en 32 estados). Aparece en tabla de la página-estado."
E15-010,pagina-estado México · tabla,"43,468",lesiones dolosas 2025 · México,BASES_NACIONALES/panorama_estatal_32.csv + BASES_NACIONALES/delitos_estatales_2015-2025/Estatal-Delitos-2015-2025_abr2026.csv,"panorama_estatal_32.csv columna [sesnsp_2025_lesiones_dolosas] fila clave_ent=15. Derivado de groupby(Clave_Ent, Subtipo)['_total'].sum() sobre base estatal 2015-2025 · filtros exactos: ver script _construir_panorama_v3.py",2025-12 (corte abr-2026),VERIFICADO_AGREGADO,"27.75% del nacional (156,623 en 32 estados). Aparece en tabla de la página-estado."
E15-011,pagina-estado México · tabla,"4,848",abuso sexual 2025 · México,BASES_NACIONALES/panorama_estatal_32.csv + BASES_NACIONALES/delitos_estatales_2015-2025/Estatal-Delitos-2015-2025_abr2026.csv,"panorama_estatal_32.csv columna [sesnsp_2025_abuso_sexual] fila clave_ent=15. Derivado de groupby(Clave_Ent, Subtipo)['_total'].sum() sobre base estatal 2015-2025 · filtros exactos: ver script _construir_panorama_v3.py",2025-12 (corte abr-2026),VERIFICADO_AGREGADO,"14.67% del nacional (33,050 en 32 estados). Aparece en tabla de la página-estado."
E15-012,pagina-estado México · tabla,"2,844",violación 2025 · México,BASES_NACIONALES/panorama_estatal_32.csv + BASES_NACIONALES/delitos_estatales_2015-2025/Estatal-Delitos-2015-2025_abr2026.csv,"panorama_estatal_32.csv columna [sesnsp_2025_violacion] fila clave_ent=15. Derivado de groupby(Clave_Ent, Subtipo)['_total'].sum() sobre base estatal 2015-2025 · filtros exactos: ver script _construir_panorama_v3.py",2025-12 (corte abr-2026),VERIFICADO_AGREGADO,"14.02% del nacional (20,280 en 32 estados). Aparece en tabla de la página-estado."
E15-013,pagina-estado México · tabla,0,amenazas 2025 · México,BASES_NACIONALES/panorama_estatal_32.csv + BASES_NACIONALES/delitos_estatales_2015-2025/Estatal-Delitos-2015-2025_abr2026.csv,"panorama_estatal_32.csv columna [sesnsp_2025_amenazas] fila clave_ent=15. Derivado de groupby(Clave_Ent, Subtipo)['_total'].sum() sobre base estatal 2015-2025 · filtros exactos: ver script _construir_panorama_v3.py",2025-12 (corte abr-2026),VERIFICADO_AGREGADO,"0.00% del nacional (138,874 en 32 estados). Aparece en tabla de la página-estado."
E15-014,pagina-estado México · gráfico serie HD,2021/2054/2031/2349/2539/2441/2346/2257/2254/1964/1312,Serie homicidio doloso 2015-2025 · México,BASES_NACIONALES/panorama_estatal_32.csv + BASES_NACIONALES/delitos_estatales_2015-2025/Estatal-Delitos-2015-2025_abr2026.csv,panorama_estatal_32.csv columnas serie_hd_2015..serie_hd_2025 fila clave_ent=15. base estatal única corte abr-2026 (11 años).,2025-12 (corte abr-2026),VERIFICADO_AGREGADO,Min: 1312 · Max: 2539 · Var %: -48.3% del pico
E15-015,pagina-estado México · ranking nacional,#1 de 32,Ranking nacional total carpetas 2025 · México,BASES_NACIONALES/panorama_estatal_32.csv + BASES_NACIONALES/delitos_estatales_2015-2025/Estatal-Delitos-2015-2025_abr2026.csv,panorama_estatal_32.csv columna [sesnsp_2025_total].rank(ascending=False) → posición de clave_ent=15,2025-12 (corte abr-2026),VERIFICADO_AGREGADO,1 = mayor incidencia · 32 = menor
E15-016,pagina-estado México · ranking nacional,#5 de 32,Ranking nacional homicidio doloso 2025 · México,BASES_NACIONALES/panorama_estatal_32.csv + BASES_NACIONALES/delitos_estatales_2015-2025/Estatal-Delitos-2015-2025_abr2026.csv,panorama_estatal_32.csv columna [sesnsp_2025_hd].rank(ascending=False) → posición de clave_ent=15,2025-12 (corte abr-2026),VERIFICADO_AGREGADO,1 = mayor incidencia · 32 = menor
E15-017,pagina-estado México · ranking nacional,#1 de 32,Ranking nacional extorsión 2025 · México,BASES_NACIONALES/panorama_estatal_32.csv + BASES_NACIONALES/delitos_estatales_2015-2025/Estatal-Delitos-2015-2025_abr2026.csv,panorama_estatal_32.csv columna [sesnsp_2025_extorsion].rank(ascending=False) → posición de clave_ent=15,2025-12 (corte abr-2026),VERIFICADO_AGREGADO,1 = mayor incidencia · 32 = menor
E15-018,pagina-estado México · ranking nacional,#2 de 32,Ranking nacional feminicidio 2025 · México,BASES_NACIONALES/panorama_estatal_32.csv + BASES_NACIONALES/delitos_estatales_2015-2025/Estatal-Delitos-2015-2025_abr2026.csv,panorama_estatal_32.csv columna [sesnsp_2025_feminicidio].rank(ascending=False) → posición de clave_ent=15,2025-12 (corte abr-2026),VERIFICADO_AGREGADO,1 = mayor incidencia · 32 = menor
E15-019,pagina-estado México · ranking nacional,#2 de 32,Ranking nacional violencia familiar 2025 · México,BASES_NACIONALES/panorama_estatal_32.csv + BASES_NACIONALES/delitos_estatales_2015-2025/Estatal-Delitos-2015-2025_abr2026.csv,panorama_estatal_32.csv columna [sesnsp_2025_violencia_familiar].rank(ascending=False) → posición de clave_ent=15,2025-12 (corte abr-2026),VERIFICADO_AGREGADO,1 = mayor incidencia · 32 = menor
E15-020,pagina-estado México · panel RNPDNO,"13,827",RNPDNO desaparecidos activos · México · al 3-jun-2026,BASES_NACIONALES/panorama_estatal_32.csv + EXCEL - SEGURIDAD MORELOS/NUEVOS REPORTES DESAPARICIONES/activos_por_entidad.csv,panorama_estatal_32.csv columna [rnpdno_desaparecidos] fila clave_ent=15. Mapeo nombre INEGI → alias RNPDNO. Fuente primaria: dashboard oficial post-reforma RNPDNO.,2026-06-03,VERIFICADO_AGREGADO,
E15-021,pagina-estado México · panel RNPDNO,825,RNPDNO no localizados · México · al 3-jun-2026,BASES_NACIONALES/panorama_estatal_32.csv + EXCEL - SEGURIDAD MORELOS/NUEVOS REPORTES DESAPARICIONES/activos_por_entidad.csv,panorama_estatal_32.csv columna [rnpdno_no_localizados] fila clave_ent=15. Mapeo nombre INEGI → alias RNPDNO. Fuente primaria: dashboard oficial post-reforma RNPDNO.,2026-06-03,VERIFICADO_AGREGADO,
E15-022,pagina-estado México · panel RNPDNO,"47,753",RNPDNO localizados con vida · México · al 3-jun-2026,BASES_NACIONALES/panorama_estatal_32.csv + EXCEL - SEGURIDAD MORELOS/NUEVOS REPORTES DESAPARICIONES/activos_por_entidad.csv,panorama_estatal_32.csv columna [rnpdno_loc_con_vida] fila clave_ent=15. Mapeo nombre INEGI → alias RNPDNO. Fuente primaria: dashboard oficial post-reforma RNPDNO.,2026-06-03,VERIFICADO_AGREGADO,
E15-023,pagina-estado México · panel RNPDNO,"2,984",RNPDNO localizados sin vida · México · al 3-jun-2026,BASES_NACIONALES/panorama_estatal_32.csv + EXCEL - SEGURIDAD MORELOS/NUEVOS REPORTES DESAPARICIONES/activos_por_entidad.csv,panorama_estatal_32.csv columna [rnpdno_loc_sin_vida] fila clave_ent=15. Mapeo nombre INEGI → alias RNPDNO. Fuente primaria: dashboard oficial post-reforma RNPDNO.,2026-06-03,VERIFICADO_AGREGADO,
E15-024,pagina-estado México · panel RNPDNO,"14,652",RNPDNO activos totales (desap + no loc) · México · al 3-jun-2026,BASES_NACIONALES/panorama_estatal_32.csv + EXCEL - SEGURIDAD MORELOS/NUEVOS REPORTES DESAPARICIONES/activos_por_entidad.csv,panorama_estatal_32.csv columna [rnpdno_activos_total] fila clave_ent=15. Mapeo nombre INEGI → alias RNPDNO. Fuente primaria: dashboard oficial post-reforma RNPDNO.,2026-06-03,VERIFICADO_AGREGADO,10.94% del nacional
E15-025,pagina-estado México · ranking nacional RNPDNO,#1 de 32,Ranking nacional desaparecidos activos · México,BASES_NACIONALES/panorama_estatal_32.csv + EXCEL - SEGURIDAD MORELOS/NUEVOS REPORTES DESAPARICIONES/activos_por_entidad.csv,panorama_estatal_32.csv columna [rnpdno_activos_total].rank(ascending=False) → posición clave_ent=15,2026-06-03,VERIFICADO_AGREGADO,1 = mayor número de activos · 32 = menor
E15-026,pagina-estado México · KPI 2026 parcial,"109,967",Carpetas SESNSP 2026 parcial (ene-abr) · México,BASES_NACIONALES/panorama_estatal_32.csv + BASES_NACIONALES/delitos_estatales_RNID_2026/RNID-Delitos_Estatal-2026-abr2026.csv,panorama_estatal_32.csv columna [sesnsp_2026_parcial_total] fila clave_ent=15. RNID estatal 2026 corte abr-2026 · sum(Enero..Abril) por Clave_Ent · CON desglose por subtipo,2026-04 (corte abr-2026),VERIFICADO_AGREGADO,"16.86% del nacional T1 (652,342). Ritmo anualizado ×3 = 329,901 → -6.4% vs total 2025. Con desglose completo por subtipo (RNID estatal)."
E15-027,pagina-estado México · denominador tasas,"17,723,173",Población a mitad de año 2025 · México,BASES_NACIONALES/panorama_estatal_32.csv + BASES_NACIONALES/poblacion_estatal_conapo.csv (CONAPO pry23 · conapo.segob.gob.mx),"CONAPO pry23 00_Pob_Mitad_1950_2070.csv · sum(POBLACION) WHERE ANIO=2025 AND CVE_GEO=15 (todas edades y sexos). Validado: suma 32 entidades == nacional CVE_GEO=0 (133,367,428 · diff 0)",2025 (proyección pry23),VERIFICADO_AGREGADO,Denominador oficial para todas las tasas /100K del estado
E15-028,pagina-estado México · KPI tasa,7.4,tasa homicidio doloso por 100K hab 2025 · México,BASES_NACIONALES/panorama_estatal_32.csv + BASES_NACIONALES/poblacion_estatal_conapo.csv (CONAPO pry23 · conapo.segob.gob.mx),"panorama [sesnsp_2025_hd] (1,312) / poblacion_2025 (17,723,173) × 100,000 = 7.4",2024,VERIFICADO_AGREGADO,Ranking nacional por tasa: #22 de 32 (1 = mayor tasa)
E15-029,pagina-estado México · KPI tasa,0.31,"tasa feminicidio por 100K hab 2025 (poblacion total, declarado) · México",BASES_NACIONALES/panorama_estatal_32.csv + BASES_NACIONALES/poblacion_estatal_conapo.csv (CONAPO pry23 · conapo.segob.gob.mx),"panorama [sesnsp_2025_feminicidio] (55) / poblacion_2025 (17,723,173) × 100,000 = 0.31",2024,VERIFICADO_AGREGADO,Ranking nacional por tasa: #26 de 32 (1 = mayor tasa)
E15-030,pagina-estado México · KPI tasa,1989.3,tasa total carpetas por 100K hab 2025 · México,BASES_NACIONALES/panorama_estatal_32.csv + BASES_NACIONALES/poblacion_estatal_conapo.csv (CONAPO pry23 · conapo.segob.gob.mx),"panorama [sesnsp_2025_total] (352,563) / poblacion_2025 (17,723,173) × 100,000 = 1989.3",2024,VERIFICADO_AGREGADO,Ranking nacional por tasa: #12 de 32 (1 = mayor tasa)
E15-031,pagina-estado México · KPI tasa,82.7,tasa desaparecidos activos por 100K hab · México,BASES_NACIONALES/panorama_estatal_32.csv + BASES_NACIONALES/poblacion_estatal_conapo.csv (CONAPO pry23 · conapo.segob.gob.mx),"panorama [rnpdno_activos_total] (14,652) / poblacion_2025 (17,723,173) × 100,000 = 82.7",2024,VERIFICADO_AGREGADO,Ranking nacional por tasa: #20 de 32 (1 = mayor tasa)
E15-032,pagina-estado México · KPI tasa,0.186,tasa secuestro por 100K hab 2025 · México,BASES_NACIONALES/panorama_estatal_32.csv + BASES_NACIONALES/poblacion_estatal_conapo.csv (CONAPO pry23 · conapo.segob.gob.mx),"panorama [sesnsp_2025_secuestro] (33) / poblacion_2025 (17,723,173) × 100,000 = 0.186",2024,VERIFICADO_AGREGADO,Ranking nacional por tasa: #18 de 32 (1 = mayor tasa)
E15-033,pagina-estado México · KPI tasa,146.2,tasa violencia familiar por 100K hab 2025 · México,BASES_NACIONALES/panorama_estatal_32.csv + BASES_NACIONALES/poblacion_estatal_conapo.csv (CONAPO pry23 · conapo.segob.gob.mx),"panorama [sesnsp_2025_violencia_familiar] (25,911) / poblacion_2025 (17,723,173) × 100,000 = 146.2",2024,VERIFICADO_AGREGADO,Ranking nacional por tasa: #23 de 32 (1 = mayor tasa)
E15-034,pagina-estado México · KPI tasa,16.05,tasa violacion (simple+equiparada) por 100K hab 2025 · México,BASES_NACIONALES/panorama_estatal_32.csv + BASES_NACIONALES/poblacion_estatal_conapo.csv (CONAPO pry23 · conapo.segob.gob.mx),"panorama [sesnsp_2025_violacion] (2,844) / poblacion_2025 (17,723,173) × 100,000 = 16.05",2024,VERIFICADO_AGREGADO,Ranking nacional por tasa: #16 de 32 (1 = mayor tasa)
E16-001,pagina-estado Michoacán de Ocampo · KPI,"47,937",total carpetas SESNSP 2025 · Michoacán de Ocampo,BASES_NACIONALES/panorama_estatal_32.csv + BASES_NACIONALES/delitos_estatales_2015-2025/Estatal-Delitos-2015-2025_abr2026.csv,"panorama_estatal_32.csv columna [sesnsp_2025_total] fila clave_ent=16. Derivado de groupby(Clave_Ent, Subtipo)['_total'].sum() sobre base estatal 2015-2025 · filtros exactos: ver script _construir_panorama_v3.py",2025-12 (corte abr-2026),VERIFICADO_AGREGADO,"2.38% del nacional (2,016,723 en 32 estados). Aparece en KPI de la página-estado."
E16-002,pagina-estado Michoacán de Ocampo · KPI,"1,072",homicidio doloso 2025 · Michoacán de Ocampo,BASES_NACIONALES/panorama_estatal_32.csv + BASES_NACIONALES/delitos_estatales_2015-2025/Estatal-Delitos-2015-2025_abr2026.csv,"panorama_estatal_32.csv columna [sesnsp_2025_hd] fila clave_ent=16. Derivado de groupby(Clave_Ent, Subtipo)['_total'].sum() sobre base estatal 2015-2025 · filtros exactos: ver script _construir_panorama_v3.py",2025-12 (corte abr-2026),VERIFICADO_AGREGADO,"5.36% del nacional (19,987 en 32 estados). Aparece en KPI de la página-estado."
E16-003,pagina-estado Michoacán de Ocampo · tabla,"1,254",homicidio culposo 2025 · Michoacán de Ocampo,BASES_NACIONALES/panorama_estatal_32.csv + BASES_NACIONALES/delitos_estatales_2015-2025/Estatal-Delitos-2015-2025_abr2026.csv,"panorama_estatal_32.csv columna [sesnsp_2025_hc] fila clave_ent=16. Derivado de groupby(Clave_Ent, Subtipo)['_total'].sum() sobre base estatal 2015-2025 · filtros exactos: ver script _construir_panorama_v3.py",2025-12 (corte abr-2026),VERIFICADO_AGREGADO,"7.40% del nacional (16,945 en 32 estados). Aparece en tabla de la página-estado."
E16-004,pagina-estado Michoacán de Ocampo · KPI,24,feminicidio 2025 · Michoacán de Ocampo,BASES_NACIONALES/panorama_estatal_32.csv + BASES_NACIONALES/delitos_estatales_2015-2025/Estatal-Delitos-2015-2025_abr2026.csv,"panorama_estatal_32.csv columna [sesnsp_2025_feminicidio] fila clave_ent=16. Derivado de groupby(Clave_Ent, Subtipo)['_total'].sum() sobre base estatal 2015-2025 · filtros exactos: ver script _construir_panorama_v3.py",2025-12 (corte abr-2026),VERIFICADO_AGREGADO,3.38% del nacional (711 en 32 estados). Aparece en KPI de la página-estado.
E16-005,pagina-estado Michoacán de Ocampo · KPI,287,extorsión 2025 · Michoacán de Ocampo,BASES_NACIONALES/panorama_estatal_32.csv + BASES_NACIONALES/delitos_estatales_2015-2025/Estatal-Delitos-2015-2025_abr2026.csv,"panorama_estatal_32.csv columna [sesnsp_2025_extorsion] fila clave_ent=16. Derivado de groupby(Clave_Ent, Subtipo)['_total'].sum() sobre base estatal 2015-2025 · filtros exactos: ver script _construir_panorama_v3.py",2025-12 (corte abr-2026),VERIFICADO_AGREGADO,"2.73% del nacional (10,507 en 32 estados). Aparece en KPI de la página-estado."
E16-006,pagina-estado Michoacán de Ocampo · tabla,42,secuestro 2025 · Michoacán de Ocampo,BASES_NACIONALES/panorama_estatal_32.csv + BASES_NACIONALES/delitos_estatales_2015-2025/Estatal-Delitos-2015-2025_abr2026.csv,"panorama_estatal_32.csv columna [sesnsp_2025_secuestro] fila clave_ent=16. Derivado de groupby(Clave_Ent, Subtipo)['_total'].sum() sobre base estatal 2015-2025 · filtros exactos: ver script _construir_panorama_v3.py",2025-12 (corte abr-2026),VERIFICADO_AGREGADO,9.05% del nacional (464 en 32 estados). Aparece en tabla de la página-estado.
E16-007,pagina-estado Michoacán de Ocampo · tabla,"2,019",narcomenudeo 2025 · Michoacán de Ocampo,BASES_NACIONALES/panorama_estatal_32.csv + BASES_NACIONALES/delitos_estatales_2015-2025/Estatal-Delitos-2015-2025_abr2026.csv,"panorama_estatal_32.csv columna [sesnsp_2025_narcomenudeo] fila clave_ent=16. Derivado de groupby(Clave_Ent, Subtipo)['_total'].sum() sobre base estatal 2015-2025 · filtros exactos: ver script _construir_panorama_v3.py",2025-12 (corte abr-2026),VERIFICADO_AGREGADO,"1.94% del nacional (104,207 en 32 estados). Aparece en tabla de la página-estado."
E16-008,pagina-estado Michoacán de Ocampo · KPI,"1,720",violencia familiar 2025 · Michoacán de Ocampo,BASES_NACIONALES/panorama_estatal_32.csv + BASES_NACIONALES/delitos_estatales_2015-2025/Estatal-Delitos-2015-2025_abr2026.csv,"panorama_estatal_32.csv columna [sesnsp_2025_violencia_familiar] fila clave_ent=16. Derivado de groupby(Clave_Ent, Subtipo)['_total'].sum() sobre base estatal 2015-2025 · filtros exactos: ver script _construir_panorama_v3.py",2025-12 (corte abr-2026),VERIFICADO_AGREGADO,"0.64% del nacional (266,760 en 32 estados). Aparece en KPI de la página-estado."
E16-009,pagina-estado Michoacán de Ocampo · tabla,"10,868",robo (amplio · incluye allanamiento) 2025 · Michoacán de Ocampo,BASES_NACIONALES/panorama_estatal_32.csv + BASES_NACIONALES/delitos_estatales_2015-2025/Estatal-Delitos-2015-2025_abr2026.csv,"panorama_estatal_32.csv columna [sesnsp_2025_robo_amplio] fila clave_ent=16. Derivado de groupby(Clave_Ent, Subtipo)['_total'].sum() sobre base estatal 2015-2025 · filtros exactos: ver script _construir_panorama_v3.py",2025-12 (corte abr-2026),VERIFICADO_AGREGADO,"2.29% del nacional (474,378 en 32 estados). Aparece en tabla de la página-estado."
E16-010,pagina-estado Michoacán de Ocampo · tabla,"6,680",lesiones dolosas 2025 · Michoacán de Ocampo,BASES_NACIONALES/panorama_estatal_32.csv + BASES_NACIONALES/delitos_estatales_2015-2025/Estatal-Delitos-2015-2025_abr2026.csv,"panorama_estatal_32.csv columna [sesnsp_2025_lesiones_dolosas] fila clave_ent=16. Derivado de groupby(Clave_Ent, Subtipo)['_total'].sum() sobre base estatal 2015-2025 · filtros exactos: ver script _construir_panorama_v3.py",2025-12 (corte abr-2026),VERIFICADO_AGREGADO,"4.27% del nacional (156,623 en 32 estados). Aparece en tabla de la página-estado."
E16-011,pagina-estado Michoacán de Ocampo · tabla,625,abuso sexual 2025 · Michoacán de Ocampo,BASES_NACIONALES/panorama_estatal_32.csv + BASES_NACIONALES/delitos_estatales_2015-2025/Estatal-Delitos-2015-2025_abr2026.csv,"panorama_estatal_32.csv columna [sesnsp_2025_abuso_sexual] fila clave_ent=16. Derivado de groupby(Clave_Ent, Subtipo)['_total'].sum() sobre base estatal 2015-2025 · filtros exactos: ver script _construir_panorama_v3.py",2025-12 (corte abr-2026),VERIFICADO_AGREGADO,"1.89% del nacional (33,050 en 32 estados). Aparece en tabla de la página-estado."
E16-012,pagina-estado Michoacán de Ocampo · tabla,556,violación 2025 · Michoacán de Ocampo,BASES_NACIONALES/panorama_estatal_32.csv + BASES_NACIONALES/delitos_estatales_2015-2025/Estatal-Delitos-2015-2025_abr2026.csv,"panorama_estatal_32.csv columna [sesnsp_2025_violacion] fila clave_ent=16. Derivado de groupby(Clave_Ent, Subtipo)['_total'].sum() sobre base estatal 2015-2025 · filtros exactos: ver script _construir_panorama_v3.py",2025-12 (corte abr-2026),VERIFICADO_AGREGADO,"2.74% del nacional (20,280 en 32 estados). Aparece en tabla de la página-estado."
E16-013,pagina-estado Michoacán de Ocampo · tabla,"5,027",amenazas 2025 · Michoacán de Ocampo,BASES_NACIONALES/panorama_estatal_32.csv + BASES_NACIONALES/delitos_estatales_2015-2025/Estatal-Delitos-2015-2025_abr2026.csv,"panorama_estatal_32.csv columna [sesnsp_2025_amenazas] fila clave_ent=16. Derivado de groupby(Clave_Ent, Subtipo)['_total'].sum() sobre base estatal 2015-2025 · filtros exactos: ver script _construir_panorama_v3.py",2025-12 (corte abr-2026),VERIFICADO_AGREGADO,"3.62% del nacional (138,874 en 32 estados). Aparece en tabla de la página-estado."
E16-014,pagina-estado Michoacán de Ocampo · gráfico serie HD,766/1262/1249/1338/1680/1976/2233/1969/1438/1246/1072,Serie homicidio doloso 2015-2025 · Michoacán de Ocampo,BASES_NACIONALES/panorama_estatal_32.csv + BASES_NACIONALES/delitos_estatales_2015-2025/Estatal-Delitos-2015-2025_abr2026.csv,panorama_estatal_32.csv columnas serie_hd_2015..serie_hd_2025 fila clave_ent=16. base estatal única corte abr-2026 (11 años).,2025-12 (corte abr-2026),VERIFICADO_AGREGADO,Min: 766 · Max: 2233 · Var %: -52.0% del pico
E16-015,pagina-estado Michoacán de Ocampo · ranking nacional,#15 de 32,Ranking nacional total carpetas 2025 · Michoacán de Ocampo,BASES_NACIONALES/panorama_estatal_32.csv + BASES_NACIONALES/delitos_estatales_2015-2025/Estatal-Delitos-2015-2025_abr2026.csv,panorama_estatal_32.csv columna [sesnsp_2025_total].rank(ascending=False) → posición de clave_ent=16,2025-12 (corte abr-2026),VERIFICADO_AGREGADO,1 = mayor incidencia · 32 = menor
E16-016,pagina-estado Michoacán de Ocampo · ranking nacional,#6 de 32,Ranking nacional homicidio doloso 2025 · Michoacán de Ocampo,BASES_NACIONALES/panorama_estatal_32.csv + BASES_NACIONALES/delitos_estatales_2015-2025/Estatal-Delitos-2015-2025_abr2026.csv,panorama_estatal_32.csv columna [sesnsp_2025_hd].rank(ascending=False) → posición de clave_ent=16,2025-12 (corte abr-2026),VERIFICADO_AGREGADO,1 = mayor incidencia · 32 = menor
E16-017,pagina-estado Michoacán de Ocampo · ranking nacional,#8 de 32,Ranking nacional extorsión 2025 · Michoacán de Ocampo,BASES_NACIONALES/panorama_estatal_32.csv + BASES_NACIONALES/delitos_estatales_2015-2025/Estatal-Delitos-2015-2025_abr2026.csv,panorama_estatal_32.csv columna [sesnsp_2025_extorsion].rank(ascending=False) → posición de clave_ent=16,2025-12 (corte abr-2026),VERIFICADO_AGREGADO,1 = mayor incidencia · 32 = menor
E16-018,pagina-estado Michoacán de Ocampo · ranking nacional,#13 de 32,Ranking nacional feminicidio 2025 · Michoacán de Ocampo,BASES_NACIONALES/panorama_estatal_32.csv + BASES_NACIONALES/delitos_estatales_2015-2025/Estatal-Delitos-2015-2025_abr2026.csv,panorama_estatal_32.csv columna [sesnsp_2025_feminicidio].rank(ascending=False) → posición de clave_ent=16,2025-12 (corte abr-2026),VERIFICADO_AGREGADO,1 = mayor incidencia · 32 = menor
E16-019,pagina-estado Michoacán de Ocampo · ranking nacional,#28 de 32,Ranking nacional violencia familiar 2025 · Michoacán de Ocampo,BASES_NACIONALES/panorama_estatal_32.csv + BASES_NACIONALES/delitos_estatales_2015-2025/Estatal-Delitos-2015-2025_abr2026.csv,panorama_estatal_32.csv columna [sesnsp_2025_violencia_familiar].rank(ascending=False) → posición de clave_ent=16,2025-12 (corte abr-2026),VERIFICADO_AGREGADO,1 = mayor incidencia · 32 = menor
E16-020,pagina-estado Michoacán de Ocampo · panel RNPDNO,"7,512",RNPDNO desaparecidos activos · Michoacán de Ocampo · al 3-jun-2026,BASES_NACIONALES/panorama_estatal_32.csv + EXCEL - SEGURIDAD MORELOS/NUEVOS REPORTES DESAPARICIONES/activos_por_entidad.csv,panorama_estatal_32.csv columna [rnpdno_desaparecidos] fila clave_ent=16. Mapeo nombre INEGI → alias RNPDNO. Fuente primaria: dashboard oficial post-reforma RNPDNO.,2026-06-03,VERIFICADO_AGREGADO,
E16-021,pagina-estado Michoacán de Ocampo · panel RNPDNO,336,RNPDNO no localizados · Michoacán de Ocampo · al 3-jun-2026,BASES_NACIONALES/panorama_estatal_32.csv + EXCEL - SEGURIDAD MORELOS/NUEVOS REPORTES DESAPARICIONES/activos_por_entidad.csv,panorama_estatal_32.csv columna [rnpdno_no_localizados] fila clave_ent=16. Mapeo nombre INEGI → alias RNPDNO. Fuente primaria: dashboard oficial post-reforma RNPDNO.,2026-06-03,VERIFICADO_AGREGADO,
E16-022,pagina-estado Michoacán de Ocampo · panel RNPDNO,"5,218",RNPDNO localizados con vida · Michoacán de Ocampo · al 3-jun-2026,BASES_NACIONALES/panorama_estatal_32.csv + EXCEL - SEGURIDAD MORELOS/NUEVOS REPORTES DESAPARICIONES/activos_por_entidad.csv,panorama_estatal_32.csv columna [rnpdno_loc_con_vida] fila clave_ent=16. Mapeo nombre INEGI → alias RNPDNO. Fuente primaria: dashboard oficial post-reforma RNPDNO.,2026-06-03,VERIFICADO_AGREGADO,
E16-023,pagina-estado Michoacán de Ocampo · panel RNPDNO,727,RNPDNO localizados sin vida · Michoacán de Ocampo · al 3-jun-2026,BASES_NACIONALES/panorama_estatal_32.csv + EXCEL - SEGURIDAD MORELOS/NUEVOS REPORTES DESAPARICIONES/activos_por_entidad.csv,panorama_estatal_32.csv columna [rnpdno_loc_sin_vida] fila clave_ent=16. Mapeo nombre INEGI → alias RNPDNO. Fuente primaria: dashboard oficial post-reforma RNPDNO.,2026-06-03,VERIFICADO_AGREGADO,
E16-024,pagina-estado Michoacán de Ocampo · panel RNPDNO,"7,848",RNPDNO activos totales (desap + no loc) · Michoacán de Ocampo · al 3-jun-2026,BASES_NACIONALES/panorama_estatal_32.csv + EXCEL - SEGURIDAD MORELOS/NUEVOS REPORTES DESAPARICIONES/activos_por_entidad.csv,panorama_estatal_32.csv columna [rnpdno_activos_total] fila clave_ent=16. Mapeo nombre INEGI → alias RNPDNO. Fuente primaria: dashboard oficial post-reforma RNPDNO.,2026-06-03,VERIFICADO_AGREGADO,5.86% del nacional
E16-025,pagina-estado Michoacán de Ocampo · ranking nacional RNPDNO,#4 de 32,Ranking nacional desaparecidos activos · Michoacán de Ocampo,BASES_NACIONALES/panorama_estatal_32.csv + EXCEL - SEGURIDAD MORELOS/NUEVOS REPORTES DESAPARICIONES/activos_por_entidad.csv,panorama_estatal_32.csv columna [rnpdno_activos_total].rank(ascending=False) → posición clave_ent=16,2026-06-03,VERIFICADO_AGREGADO,1 = mayor número de activos · 32 = menor
E16-026,pagina-estado Michoacán de Ocampo · KPI 2026 parcial,"17,761",Carpetas SESNSP 2026 parcial (ene-abr) · Michoacán de Ocampo,BASES_NACIONALES/panorama_estatal_32.csv + BASES_NACIONALES/delitos_estatales_RNID_2026/RNID-Delitos_Estatal-2026-abr2026.csv,panorama_estatal_32.csv columna [sesnsp_2026_parcial_total] fila clave_ent=16. RNID estatal 2026 corte abr-2026 · sum(Enero..Abril) por Clave_Ent · CON desglose por subtipo,2026-04 (corte abr-2026),VERIFICADO_AGREGADO,"2.72% del nacional T1 (652,342). Ritmo anualizado ×3 = 53,283 → +11.2% vs total 2025. Con desglose completo por subtipo (RNID estatal)."
E16-027,pagina-estado Michoacán de Ocampo · denominador tasas,"5,045,030",Población a mitad de año 2025 · Michoacán de Ocampo,BASES_NACIONALES/panorama_estatal_32.csv + BASES_NACIONALES/poblacion_estatal_conapo.csv (CONAPO pry23 · conapo.segob.gob.mx),"CONAPO pry23 00_Pob_Mitad_1950_2070.csv · sum(POBLACION) WHERE ANIO=2025 AND CVE_GEO=16 (todas edades y sexos). Validado: suma 32 entidades == nacional CVE_GEO=0 (133,367,428 · diff 0)",2025 (proyección pry23),VERIFICADO_AGREGADO,Denominador oficial para todas las tasas /100K del estado
E16-028,pagina-estado Michoacán de Ocampo · KPI tasa,21.25,tasa homicidio doloso por 100K hab 2025 · Michoacán de Ocampo,BASES_NACIONALES/panorama_estatal_32.csv + BASES_NACIONALES/poblacion_estatal_conapo.csv (CONAPO pry23 · conapo.segob.gob.mx),"panorama [sesnsp_2025_hd] (1,072) / poblacion_2025 (5,045,030) × 100,000 = 21.25",2024,VERIFICADO_AGREGADO,Ranking nacional por tasa: #10 de 32 (1 = mayor tasa)
E16-029,pagina-estado Michoacán de Ocampo · KPI tasa,0.476,"tasa feminicidio por 100K hab 2025 (poblacion total, declarado) · Michoacán de Ocampo",BASES_NACIONALES/panorama_estatal_32.csv + BASES_NACIONALES/poblacion_estatal_conapo.csv (CONAPO pry23 · conapo.segob.gob.mx),"panorama [sesnsp_2025_feminicidio] (24) / poblacion_2025 (5,045,030) × 100,000 = 0.476",2024,VERIFICADO_AGREGADO,Ranking nacional por tasa: #18 de 32 (1 = mayor tasa)
E16-030,pagina-estado Michoacán de Ocampo · KPI tasa,950.2,tasa total carpetas por 100K hab 2025 · Michoacán de Ocampo,BASES_NACIONALES/panorama_estatal_32.csv + BASES_NACIONALES/poblacion_estatal_conapo.csv (CONAPO pry23 · conapo.segob.gob.mx),"panorama [sesnsp_2025_total] (47,937) / poblacion_2025 (5,045,030) × 100,000 = 950.2",2024,VERIFICADO_AGREGADO,Ranking nacional por tasa: #24 de 32 (1 = mayor tasa)
E16-031,pagina-estado Michoacán de Ocampo · KPI tasa,155.6,tasa desaparecidos activos por 100K hab · Michoacán de Ocampo,BASES_NACIONALES/panorama_estatal_32.csv + BASES_NACIONALES/poblacion_estatal_conapo.csv (CONAPO pry23 · conapo.segob.gob.mx),"panorama [rnpdno_activos_total] (7,848) / poblacion_2025 (5,045,030) × 100,000 = 155.6",2024,VERIFICADO_AGREGADO,Ranking nacional por tasa: #7 de 32 (1 = mayor tasa)
E16-032,pagina-estado Michoacán de Ocampo · KPI tasa,0.833,tasa secuestro por 100K hab 2025 · Michoacán de Ocampo,BASES_NACIONALES/panorama_estatal_32.csv + BASES_NACIONALES/poblacion_estatal_conapo.csv (CONAPO pry23 · conapo.segob.gob.mx),"panorama [sesnsp_2025_secuestro] (42) / poblacion_2025 (5,045,030) × 100,000 = 0.833",2024,VERIFICADO_AGREGADO,Ranking nacional por tasa: #5 de 32 (1 = mayor tasa)
E16-033,pagina-estado Michoacán de Ocampo · KPI tasa,34.1,tasa violencia familiar por 100K hab 2025 · Michoacán de Ocampo,BASES_NACIONALES/panorama_estatal_32.csv + BASES_NACIONALES/poblacion_estatal_conapo.csv (CONAPO pry23 · conapo.segob.gob.mx),"panorama [sesnsp_2025_violencia_familiar] (1,720) / poblacion_2025 (5,045,030) × 100,000 = 34.1",2024,VERIFICADO_AGREGADO,Ranking nacional por tasa: #29 de 32 (1 = mayor tasa)
E16-034,pagina-estado Michoacán de Ocampo · KPI tasa,11.02,tasa violacion (simple+equiparada) por 100K hab 2025 · Michoacán de Ocampo,BASES_NACIONALES/panorama_estatal_32.csv + BASES_NACIONALES/poblacion_estatal_conapo.csv (CONAPO pry23 · conapo.segob.gob.mx),"panorama [sesnsp_2025_violacion] (556) / poblacion_2025 (5,045,030) × 100,000 = 11.02",2024,VERIFICADO_AGREGADO,Ranking nacional por tasa: #23 de 32 (1 = mayor tasa)
E17-001,pagina-estado Morelos · KPI,"45,451",total carpetas SESNSP 2025 · Morelos,BASES_NACIONALES/panorama_estatal_32.csv + BASES_NACIONALES/delitos_estatales_2015-2025/Estatal-Delitos-2015-2025_abr2026.csv,"panorama_estatal_32.csv columna [sesnsp_2025_total] fila clave_ent=17. Derivado de groupby(Clave_Ent, Subtipo)['_total'].sum() sobre base estatal 2015-2025 · filtros exactos: ver script _construir_panorama_v3.py",2025-12 (corte abr-2026),VERIFICADO_AGREGADO,"2.25% del nacional (2,016,723 en 32 estados). Aparece en KPI de la página-estado."
E17-002,pagina-estado Morelos · KPI,997,homicidio doloso 2025 · Morelos,BASES_NACIONALES/panorama_estatal_32.csv + BASES_NACIONALES/delitos_estatales_2015-2025/Estatal-Delitos-2015-2025_abr2026.csv,"panorama_estatal_32.csv columna [sesnsp_2025_hd] fila clave_ent=17. Derivado de groupby(Clave_Ent, Subtipo)['_total'].sum() sobre base estatal 2015-2025 · filtros exactos: ver script _construir_panorama_v3.py",2025-12 (corte abr-2026),VERIFICADO_AGREGADO,"4.99% del nacional (19,987 en 32 estados). Aparece en KPI de la página-estado."
E17-003,pagina-estado Morelos · tabla,388,homicidio culposo 2025 · Morelos,BASES_NACIONALES/panorama_estatal_32.csv + BASES_NACIONALES/delitos_estatales_2015-2025/Estatal-Delitos-2015-2025_abr2026.csv,"panorama_estatal_32.csv columna [sesnsp_2025_hc] fila clave_ent=17. Derivado de groupby(Clave_Ent, Subtipo)['_total'].sum() sobre base estatal 2015-2025 · filtros exactos: ver script _construir_panorama_v3.py",2025-12 (corte abr-2026),VERIFICADO_AGREGADO,"2.29% del nacional (16,945 en 32 estados). Aparece en tabla de la página-estado."
E17-004,pagina-estado Morelos · KPI,35,feminicidio 2025 · Morelos,BASES_NACIONALES/panorama_estatal_32.csv + BASES_NACIONALES/delitos_estatales_2015-2025/Estatal-Delitos-2015-2025_abr2026.csv,"panorama_estatal_32.csv columna [sesnsp_2025_feminicidio] fila clave_ent=17. Derivado de groupby(Clave_Ent, Subtipo)['_total'].sum() sobre base estatal 2015-2025 · filtros exactos: ver script _construir_panorama_v3.py",2025-12 (corte abr-2026),VERIFICADO_AGREGADO,4.92% del nacional (711 en 32 estados). Aparece en KPI de la página-estado.
E17-005,pagina-estado Morelos · KPI,419,extorsión 2025 · Morelos,BASES_NACIONALES/panorama_estatal_32.csv + BASES_NACIONALES/delitos_estatales_2015-2025/Estatal-Delitos-2015-2025_abr2026.csv,"panorama_estatal_32.csv columna [sesnsp_2025_extorsion] fila clave_ent=17. Derivado de groupby(Clave_Ent, Subtipo)['_total'].sum() sobre base estatal 2015-2025 · filtros exactos: ver script _construir_panorama_v3.py",2025-12 (corte abr-2026),VERIFICADO_AGREGADO,"3.99% del nacional (10,507 en 32 estados). Aparece en KPI de la página-estado."
E17-006,pagina-estado Morelos · tabla,20,secuestro 2025 · Morelos,BASES_NACIONALES/panorama_estatal_32.csv + BASES_NACIONALES/delitos_estatales_2015-2025/Estatal-Delitos-2015-2025_abr2026.csv,"panorama_estatal_32.csv columna [sesnsp_2025_secuestro] fila clave_ent=17. Derivado de groupby(Clave_Ent, Subtipo)['_total'].sum() sobre base estatal 2015-2025 · filtros exactos: ver script _construir_panorama_v3.py",2025-12 (corte abr-2026),VERIFICADO_AGREGADO,4.31% del nacional (464 en 32 estados). Aparece en tabla de la página-estado.
E17-007,pagina-estado Morelos · tabla,"1,058",narcomenudeo 2025 · Morelos,BASES_NACIONALES/panorama_estatal_32.csv + BASES_NACIONALES/delitos_estatales_2015-2025/Estatal-Delitos-2015-2025_abr2026.csv,"panorama_estatal_32.csv columna [sesnsp_2025_narcomenudeo] fila clave_ent=17. Derivado de groupby(Clave_Ent, Subtipo)['_total'].sum() sobre base estatal 2015-2025 · filtros exactos: ver script _construir_panorama_v3.py",2025-12 (corte abr-2026),VERIFICADO_AGREGADO,"1.02% del nacional (104,207 en 32 estados). Aparece en tabla de la página-estado."
E17-008,pagina-estado Morelos · KPI,"5,807",violencia familiar 2025 · Morelos,BASES_NACIONALES/panorama_estatal_32.csv + BASES_NACIONALES/delitos_estatales_2015-2025/Estatal-Delitos-2015-2025_abr2026.csv,"panorama_estatal_32.csv columna [sesnsp_2025_violencia_familiar] fila clave_ent=17. Derivado de groupby(Clave_Ent, Subtipo)['_total'].sum() sobre base estatal 2015-2025 · filtros exactos: ver script _construir_panorama_v3.py",2025-12 (corte abr-2026),VERIFICADO_AGREGADO,"2.18% del nacional (266,760 en 32 estados). Aparece en KPI de la página-estado."
E17-009,pagina-estado Morelos · tabla,"13,515",robo (amplio · incluye allanamiento) 2025 · Morelos,BASES_NACIONALES/panorama_estatal_32.csv + BASES_NACIONALES/delitos_estatales_2015-2025/Estatal-Delitos-2015-2025_abr2026.csv,"panorama_estatal_32.csv columna [sesnsp_2025_robo_amplio] fila clave_ent=17. Derivado de groupby(Clave_Ent, Subtipo)['_total'].sum() sobre base estatal 2015-2025 · filtros exactos: ver script _construir_panorama_v3.py",2025-12 (corte abr-2026),VERIFICADO_AGREGADO,"2.85% del nacional (474,378 en 32 estados). Aparece en tabla de la página-estado."
E17-010,pagina-estado Morelos · tabla,877,lesiones dolosas 2025 · Morelos,BASES_NACIONALES/panorama_estatal_32.csv + BASES_NACIONALES/delitos_estatales_2015-2025/Estatal-Delitos-2015-2025_abr2026.csv,"panorama_estatal_32.csv columna [sesnsp_2025_lesiones_dolosas] fila clave_ent=17. Derivado de groupby(Clave_Ent, Subtipo)['_total'].sum() sobre base estatal 2015-2025 · filtros exactos: ver script _construir_panorama_v3.py",2025-12 (corte abr-2026),VERIFICADO_AGREGADO,"0.56% del nacional (156,623 en 32 estados). Aparece en tabla de la página-estado."
E17-011,pagina-estado Morelos · tabla,598,abuso sexual 2025 · Morelos,BASES_NACIONALES/panorama_estatal_32.csv + BASES_NACIONALES/delitos_estatales_2015-2025/Estatal-Delitos-2015-2025_abr2026.csv,"panorama_estatal_32.csv columna [sesnsp_2025_abuso_sexual] fila clave_ent=17. Derivado de groupby(Clave_Ent, Subtipo)['_total'].sum() sobre base estatal 2015-2025 · filtros exactos: ver script _construir_panorama_v3.py",2025-12 (corte abr-2026),VERIFICADO_AGREGADO,"1.81% del nacional (33,050 en 32 estados). Aparece en tabla de la página-estado."
E17-012,pagina-estado Morelos · tabla,469,violación 2025 · Morelos,BASES_NACIONALES/panorama_estatal_32.csv + BASES_NACIONALES/delitos_estatales_2015-2025/Estatal-Delitos-2015-2025_abr2026.csv,"panorama_estatal_32.csv columna [sesnsp_2025_violacion] fila clave_ent=17. Derivado de groupby(Clave_Ent, Subtipo)['_total'].sum() sobre base estatal 2015-2025 · filtros exactos: ver script _construir_panorama_v3.py",2025-12 (corte abr-2026),VERIFICADO_AGREGADO,"2.31% del nacional (20,280 en 32 estados). Aparece en tabla de la página-estado."
E17-013,pagina-estado Morelos · tabla,"5,303",amenazas 2025 · Morelos,BASES_NACIONALES/panorama_estatal_32.csv + BASES_NACIONALES/delitos_estatales_2015-2025/Estatal-Delitos-2015-2025_abr2026.csv,"panorama_estatal_32.csv columna [sesnsp_2025_amenazas] fila clave_ent=17. Derivado de groupby(Clave_Ent, Subtipo)['_total'].sum() sobre base estatal 2015-2025 · filtros exactos: ver script _construir_panorama_v3.py",2025-12 (corte abr-2026),VERIFICADO_AGREGADO,"3.82% del nacional (138,874 en 32 estados). Aparece en tabla de la página-estado."
E17-014,pagina-estado Morelos · gráfico serie HD,480/586/575/693/911/802/1035/1041/1302/1323/997,Serie homicidio doloso 2015-2025 · Morelos,BASES_NACIONALES/panorama_estatal_32.csv + BASES_NACIONALES/delitos_estatales_2015-2025/Estatal-Delitos-2015-2025_abr2026.csv,panorama_estatal_32.csv columnas serie_hd_2015..serie_hd_2025 fila clave_ent=17. base estatal única corte abr-2026 (11 años).,2025-12 (corte abr-2026),VERIFICADO_AGREGADO,Min: 480 · Max: 1323 · Var %: -24.6% del pico
E17-015,pagina-estado Morelos · ranking nacional,#17 de 32,Ranking nacional total carpetas 2025 · Morelos,BASES_NACIONALES/panorama_estatal_32.csv + BASES_NACIONALES/delitos_estatales_2015-2025/Estatal-Delitos-2015-2025_abr2026.csv,panorama_estatal_32.csv columna [sesnsp_2025_total].rank(ascending=False) → posición de clave_ent=17,2025-12 (corte abr-2026),VERIFICADO_AGREGADO,1 = mayor incidencia · 32 = menor
E17-016,pagina-estado Morelos · ranking nacional,#9 de 32,Ranking nacional homicidio doloso 2025 · Morelos,BASES_NACIONALES/panorama_estatal_32.csv + BASES_NACIONALES/delitos_estatales_2015-2025/Estatal-Delitos-2015-2025_abr2026.csv,panorama_estatal_32.csv columna [sesnsp_2025_hd].rank(ascending=False) → posición de clave_ent=17,2025-12 (corte abr-2026),VERIFICADO_AGREGADO,1 = mayor incidencia · 32 = menor
E17-017,pagina-estado Morelos · ranking nacional,#7 de 32,Ranking nacional extorsión 2025 · Morelos,BASES_NACIONALES/panorama_estatal_32.csv + BASES_NACIONALES/delitos_estatales_2015-2025/Estatal-Delitos-2015-2025_abr2026.csv,panorama_estatal_32.csv columna [sesnsp_2025_extorsion].rank(ascending=False) → posición de clave_ent=17,2025-12 (corte abr-2026),VERIFICADO_AGREGADO,1 = mayor incidencia · 32 = menor
E17-018,pagina-estado Morelos · ranking nacional,#7 de 32,Ranking nacional feminicidio 2025 · Morelos,BASES_NACIONALES/panorama_estatal_32.csv + BASES_NACIONALES/delitos_estatales_2015-2025/Estatal-Delitos-2015-2025_abr2026.csv,panorama_estatal_32.csv columna [sesnsp_2025_feminicidio].rank(ascending=False) → posición de clave_ent=17,2025-12 (corte abr-2026),VERIFICADO_AGREGADO,1 = mayor incidencia · 32 = menor
E17-019,pagina-estado Morelos · ranking nacional,#17 de 32,Ranking nacional violencia familiar 2025 · Morelos,BASES_NACIONALES/panorama_estatal_32.csv + BASES_NACIONALES/delitos_estatales_2015-2025/Estatal-Delitos-2015-2025_abr2026.csv,panorama_estatal_32.csv columna [sesnsp_2025_violencia_familiar].rank(ascending=False) → posición de clave_ent=17,2025-12 (corte abr-2026),VERIFICADO_AGREGADO,1 = mayor incidencia · 32 = menor
E17-020,pagina-estado Morelos · panel RNPDNO,"1,810",RNPDNO desaparecidos activos · Morelos · al 3-jun-2026,BASES_NACIONALES/panorama_estatal_32.csv + EXCEL - SEGURIDAD MORELOS/NUEVOS REPORTES DESAPARICIONES/activos_por_entidad.csv,panorama_estatal_32.csv columna [rnpdno_desaparecidos] fila clave_ent=17. Mapeo nombre INEGI → alias RNPDNO. Fuente primaria: dashboard oficial post-reforma RNPDNO.,2026-06-03,VERIFICADO_AGREGADO,
E17-021,pagina-estado Morelos · panel RNPDNO,306,RNPDNO no localizados · Morelos · al 3-jun-2026,BASES_NACIONALES/panorama_estatal_32.csv + EXCEL - SEGURIDAD MORELOS/NUEVOS REPORTES DESAPARICIONES/activos_por_entidad.csv,panorama_estatal_32.csv columna [rnpdno_no_localizados] fila clave_ent=17. Mapeo nombre INEGI → alias RNPDNO. Fuente primaria: dashboard oficial post-reforma RNPDNO.,2026-06-03,VERIFICADO_AGREGADO,
E17-022,pagina-estado Morelos · panel RNPDNO,"5,070",RNPDNO localizados con vida · Morelos · al 3-jun-2026,BASES_NACIONALES/panorama_estatal_32.csv + EXCEL - SEGURIDAD MORELOS/NUEVOS REPORTES DESAPARICIONES/activos_por_entidad.csv,panorama_estatal_32.csv columna [rnpdno_loc_con_vida] fila clave_ent=17. Mapeo nombre INEGI → alias RNPDNO. Fuente primaria: dashboard oficial post-reforma RNPDNO.,2026-06-03,VERIFICADO_AGREGADO,
E17-023,pagina-estado Morelos · panel RNPDNO,516,RNPDNO localizados sin vida · Morelos · al 3-jun-2026,BASES_NACIONALES/panorama_estatal_32.csv + EXCEL - SEGURIDAD MORELOS/NUEVOS REPORTES DESAPARICIONES/activos_por_entidad.csv,panorama_estatal_32.csv columna [rnpdno_loc_sin_vida] fila clave_ent=17. Mapeo nombre INEGI → alias RNPDNO. Fuente primaria: dashboard oficial post-reforma RNPDNO.,2026-06-03,VERIFICADO_AGREGADO,
E17-024,pagina-estado Morelos · panel RNPDNO,"2,116",RNPDNO activos totales (desap + no loc) · Morelos · al 3-jun-2026,BASES_NACIONALES/panorama_estatal_32.csv + EXCEL - SEGURIDAD MORELOS/NUEVOS REPORTES DESAPARICIONES/activos_por_entidad.csv,panorama_estatal_32.csv columna [rnpdno_activos_total] fila clave_ent=17. Mapeo nombre INEGI → alias RNPDNO. Fuente primaria: dashboard oficial post-reforma RNPDNO.,2026-06-03,VERIFICADO_AGREGADO,1.58% del nacional
E17-025,pagina-estado Morelos · ranking nacional RNPDNO,#19 de 32,Ranking nacional desaparecidos activos · Morelos,BASES_NACIONALES/panorama_estatal_32.csv + EXCEL - SEGURIDAD MORELOS/NUEVOS REPORTES DESAPARICIONES/activos_por_entidad.csv,panorama_estatal_32.csv columna [rnpdno_activos_total].rank(ascending=False) → posición clave_ent=17,2026-06-03,VERIFICADO_AGREGADO,1 = mayor número de activos · 32 = menor
E17-026,pagina-estado Morelos · KPI 2026 parcial,"15,794",Carpetas SESNSP 2026 parcial (ene-abr) · Morelos,BASES_NACIONALES/panorama_estatal_32.csv + BASES_NACIONALES/delitos_estatales_RNID_2026/RNID-Delitos_Estatal-2026-abr2026.csv,panorama_estatal_32.csv columna [sesnsp_2026_parcial_total] fila clave_ent=17. RNID estatal 2026 corte abr-2026 · sum(Enero..Abril) por Clave_Ent · CON desglose por subtipo,2026-04 (corte abr-2026),VERIFICADO_AGREGADO,"2.42% del nacional T1 (652,342). Ritmo anualizado ×3 = 47,382 → +4.2% vs total 2025. Con desglose completo por subtipo (RNID estatal)."
E17-027,pagina-estado Morelos · denominador tasas,"2,056,103",Población a mitad de año 2025 · Morelos,BASES_NACIONALES/panorama_estatal_32.csv + BASES_NACIONALES/poblacion_estatal_conapo.csv (CONAPO pry23 · conapo.segob.gob.mx),"CONAPO pry23 00_Pob_Mitad_1950_2070.csv · sum(POBLACION) WHERE ANIO=2025 AND CVE_GEO=17 (todas edades y sexos). Validado: suma 32 entidades == nacional CVE_GEO=0 (133,367,428 · diff 0)",2025 (proyección pry23),VERIFICADO_AGREGADO,Denominador oficial para todas las tasas /100K del estado
E17-028,pagina-estado Morelos · KPI tasa,48.49,tasa homicidio doloso por 100K hab 2025 · Morelos,BASES_NACIONALES/panorama_estatal_32.csv + BASES_NACIONALES/poblacion_estatal_conapo.csv (CONAPO pry23 · conapo.segob.gob.mx),"panorama [sesnsp_2025_hd] (997) / poblacion_2025 (2,056,103) × 100,000 = 48.49",2024,VERIFICADO_AGREGADO,Ranking nacional por tasa: #2 de 32 (1 = mayor tasa)
E17-029,pagina-estado Morelos · KPI tasa,1.702,"tasa feminicidio por 100K hab 2025 (poblacion total, declarado) · Morelos",BASES_NACIONALES/panorama_estatal_32.csv + BASES_NACIONALES/poblacion_estatal_conapo.csv (CONAPO pry23 · conapo.segob.gob.mx),"panorama [sesnsp_2025_feminicidio] (35) / poblacion_2025 (2,056,103) × 100,000 = 1.702",2024,VERIFICADO_AGREGADO,Ranking nacional por tasa: #2 de 32 (1 = mayor tasa)
E17-030,pagina-estado Morelos · KPI tasa,2210.5,tasa total carpetas por 100K hab 2025 · Morelos,BASES_NACIONALES/panorama_estatal_32.csv + BASES_NACIONALES/poblacion_estatal_conapo.csv (CONAPO pry23 · conapo.segob.gob.mx),"panorama [sesnsp_2025_total] (45,451) / poblacion_2025 (2,056,103) × 100,000 = 2210.5",2024,VERIFICADO_AGREGADO,Ranking nacional por tasa: #8 de 32 (1 = mayor tasa)
E17-031,pagina-estado Morelos · KPI tasa,102.9,tasa desaparecidos activos por 100K hab · Morelos,BASES_NACIONALES/panorama_estatal_32.csv + BASES_NACIONALES/poblacion_estatal_conapo.csv (CONAPO pry23 · conapo.segob.gob.mx),"panorama [rnpdno_activos_total] (2,116) / poblacion_2025 (2,056,103) × 100,000 = 102.9",2024,VERIFICADO_AGREGADO,Ranking nacional por tasa: #15 de 32 (1 = mayor tasa)
E17-032,pagina-estado Morelos · KPI tasa,0.973,tasa secuestro por 100K hab 2025 · Morelos,BASES_NACIONALES/panorama_estatal_32.csv + BASES_NACIONALES/poblacion_estatal_conapo.csv (CONAPO pry23 · conapo.segob.gob.mx),"panorama [sesnsp_2025_secuestro] (20) / poblacion_2025 (2,056,103) × 100,000 = 0.973",2024,VERIFICADO_AGREGADO,Ranking nacional por tasa: #4 de 32 (1 = mayor tasa)
E17-033,pagina-estado Morelos · KPI tasa,282.4,tasa violencia familiar por 100K hab 2025 · Morelos,BASES_NACIONALES/panorama_estatal_32.csv + BASES_NACIONALES/poblacion_estatal_conapo.csv (CONAPO pry23 · conapo.segob.gob.mx),"panorama [sesnsp_2025_violencia_familiar] (5,807) / poblacion_2025 (2,056,103) × 100,000 = 282.4",2024,VERIFICADO_AGREGADO,Ranking nacional por tasa: #10 de 32 (1 = mayor tasa)
E17-034,pagina-estado Morelos · KPI tasa,22.81,tasa violacion (simple+equiparada) por 100K hab 2025 · Morelos,BASES_NACIONALES/panorama_estatal_32.csv + BASES_NACIONALES/poblacion_estatal_conapo.csv (CONAPO pry23 · conapo.segob.gob.mx),"panorama [sesnsp_2025_violacion] (469) / poblacion_2025 (2,056,103) × 100,000 = 22.81",2024,VERIFICADO_AGREGADO,Ranking nacional por tasa: #9 de 32 (1 = mayor tasa)
E18-001,pagina-estado Nayarit · KPI,"10,993",total carpetas SESNSP 2025 · Nayarit,BASES_NACIONALES/panorama_estatal_32.csv + BASES_NACIONALES/delitos_estatales_2015-2025/Estatal-Delitos-2015-2025_abr2026.csv,"panorama_estatal_32.csv columna [sesnsp_2025_total] fila clave_ent=18. Derivado de groupby(Clave_Ent, Subtipo)['_total'].sum() sobre base estatal 2015-2025 · filtros exactos: ver script _construir_panorama_v3.py",2025-12 (corte abr-2026),VERIFICADO_AGREGADO,"0.55% del nacional (2,016,723 en 32 estados). Aparece en KPI de la página-estado."
E18-002,pagina-estado Nayarit · KPI,157,homicidio doloso 2025 · Nayarit,BASES_NACIONALES/panorama_estatal_32.csv + BASES_NACIONALES/delitos_estatales_2015-2025/Estatal-Delitos-2015-2025_abr2026.csv,"panorama_estatal_32.csv columna [sesnsp_2025_hd] fila clave_ent=18. Derivado de groupby(Clave_Ent, Subtipo)['_total'].sum() sobre base estatal 2015-2025 · filtros exactos: ver script _construir_panorama_v3.py",2025-12 (corte abr-2026),VERIFICADO_AGREGADO,"0.79% del nacional (19,987 en 32 estados). Aparece en KPI de la página-estado."
E18-003,pagina-estado Nayarit · tabla,262,homicidio culposo 2025 · Nayarit,BASES_NACIONALES/panorama_estatal_32.csv + BASES_NACIONALES/delitos_estatales_2015-2025/Estatal-Delitos-2015-2025_abr2026.csv,"panorama_estatal_32.csv columna [sesnsp_2025_hc] fila clave_ent=18. Derivado de groupby(Clave_Ent, Subtipo)['_total'].sum() sobre base estatal 2015-2025 · filtros exactos: ver script _construir_panorama_v3.py",2025-12 (corte abr-2026),VERIFICADO_AGREGADO,"1.55% del nacional (16,945 en 32 estados). Aparece en tabla de la página-estado."
E18-004,pagina-estado Nayarit · KPI,10,feminicidio 2025 · Nayarit,BASES_NACIONALES/panorama_estatal_32.csv + BASES_NACIONALES/delitos_estatales_2015-2025/Estatal-Delitos-2015-2025_abr2026.csv,"panorama_estatal_32.csv columna [sesnsp_2025_feminicidio] fila clave_ent=18. Derivado de groupby(Clave_Ent, Subtipo)['_total'].sum() sobre base estatal 2015-2025 · filtros exactos: ver script _construir_panorama_v3.py",2025-12 (corte abr-2026),VERIFICADO_AGREGADO,1.41% del nacional (711 en 32 estados). Aparece en KPI de la página-estado.
E18-005,pagina-estado Nayarit · KPI,47,extorsión 2025 · Nayarit,BASES_NACIONALES/panorama_estatal_32.csv + BASES_NACIONALES/delitos_estatales_2015-2025/Estatal-Delitos-2015-2025_abr2026.csv,"panorama_estatal_32.csv columna [sesnsp_2025_extorsion] fila clave_ent=18. Derivado de groupby(Clave_Ent, Subtipo)['_total'].sum() sobre base estatal 2015-2025 · filtros exactos: ver script _construir_panorama_v3.py",2025-12 (corte abr-2026),VERIFICADO_AGREGADO,"0.45% del nacional (10,507 en 32 estados). Aparece en KPI de la página-estado."
E18-006,pagina-estado Nayarit · tabla,7,secuestro 2025 · Nayarit,BASES_NACIONALES/panorama_estatal_32.csv + BASES_NACIONALES/delitos_estatales_2015-2025/Estatal-Delitos-2015-2025_abr2026.csv,"panorama_estatal_32.csv columna [sesnsp_2025_secuestro] fila clave_ent=18. Derivado de groupby(Clave_Ent, Subtipo)['_total'].sum() sobre base estatal 2015-2025 · filtros exactos: ver script _construir_panorama_v3.py",2025-12 (corte abr-2026),VERIFICADO_AGREGADO,1.51% del nacional (464 en 32 estados). Aparece en tabla de la página-estado.
E18-007,pagina-estado Nayarit · tabla,569,narcomenudeo 2025 · Nayarit,BASES_NACIONALES/panorama_estatal_32.csv + BASES_NACIONALES/delitos_estatales_2015-2025/Estatal-Delitos-2015-2025_abr2026.csv,"panorama_estatal_32.csv columna [sesnsp_2025_narcomenudeo] fila clave_ent=18. Derivado de groupby(Clave_Ent, Subtipo)['_total'].sum() sobre base estatal 2015-2025 · filtros exactos: ver script _construir_panorama_v3.py",2025-12 (corte abr-2026),VERIFICADO_AGREGADO,"0.55% del nacional (104,207 en 32 estados). Aparece en tabla de la página-estado."
E18-008,pagina-estado Nayarit · KPI,"2,058",violencia familiar 2025 · Nayarit,BASES_NACIONALES/panorama_estatal_32.csv + BASES_NACIONALES/delitos_estatales_2015-2025/Estatal-Delitos-2015-2025_abr2026.csv,"panorama_estatal_32.csv columna [sesnsp_2025_violencia_familiar] fila clave_ent=18. Derivado de groupby(Clave_Ent, Subtipo)['_total'].sum() sobre base estatal 2015-2025 · filtros exactos: ver script _construir_panorama_v3.py",2025-12 (corte abr-2026),VERIFICADO_AGREGADO,"0.77% del nacional (266,760 en 32 estados). Aparece en KPI de la página-estado."
E18-009,pagina-estado Nayarit · tabla,"1,220",robo (amplio · incluye allanamiento) 2025 · Nayarit,BASES_NACIONALES/panorama_estatal_32.csv + BASES_NACIONALES/delitos_estatales_2015-2025/Estatal-Delitos-2015-2025_abr2026.csv,"panorama_estatal_32.csv columna [sesnsp_2025_robo_amplio] fila clave_ent=18. Derivado de groupby(Clave_Ent, Subtipo)['_total'].sum() sobre base estatal 2015-2025 · filtros exactos: ver script _construir_panorama_v3.py",2025-12 (corte abr-2026),VERIFICADO_AGREGADO,"0.26% del nacional (474,378 en 32 estados). Aparece en tabla de la página-estado."
E18-010,pagina-estado Nayarit · tabla,733,lesiones dolosas 2025 · Nayarit,BASES_NACIONALES/panorama_estatal_32.csv + BASES_NACIONALES/delitos_estatales_2015-2025/Estatal-Delitos-2015-2025_abr2026.csv,"panorama_estatal_32.csv columna [sesnsp_2025_lesiones_dolosas] fila clave_ent=18. Derivado de groupby(Clave_Ent, Subtipo)['_total'].sum() sobre base estatal 2015-2025 · filtros exactos: ver script _construir_panorama_v3.py",2025-12 (corte abr-2026),VERIFICADO_AGREGADO,"0.47% del nacional (156,623 en 32 estados). Aparece en tabla de la página-estado."
E18-011,pagina-estado Nayarit · tabla,259,abuso sexual 2025 · Nayarit,BASES_NACIONALES/panorama_estatal_32.csv + BASES_NACIONALES/delitos_estatales_2015-2025/Estatal-Delitos-2015-2025_abr2026.csv,"panorama_estatal_32.csv columna [sesnsp_2025_abuso_sexual] fila clave_ent=18. Derivado de groupby(Clave_Ent, Subtipo)['_total'].sum() sobre base estatal 2015-2025 · filtros exactos: ver script _construir_panorama_v3.py",2025-12 (corte abr-2026),VERIFICADO_AGREGADO,"0.78% del nacional (33,050 en 32 estados). Aparece en tabla de la página-estado."
E18-012,pagina-estado Nayarit · tabla,304,violación 2025 · Nayarit,BASES_NACIONALES/panorama_estatal_32.csv + BASES_NACIONALES/delitos_estatales_2015-2025/Estatal-Delitos-2015-2025_abr2026.csv,"panorama_estatal_32.csv columna [sesnsp_2025_violacion] fila clave_ent=18. Derivado de groupby(Clave_Ent, Subtipo)['_total'].sum() sobre base estatal 2015-2025 · filtros exactos: ver script _construir_panorama_v3.py",2025-12 (corte abr-2026),VERIFICADO_AGREGADO,"1.50% del nacional (20,280 en 32 estados). Aparece en tabla de la página-estado."
E18-013,pagina-estado Nayarit · tabla,621,amenazas 2025 · Nayarit,BASES_NACIONALES/panorama_estatal_32.csv + BASES_NACIONALES/delitos_estatales_2015-2025/Estatal-Delitos-2015-2025_abr2026.csv,"panorama_estatal_32.csv columna [sesnsp_2025_amenazas] fila clave_ent=18. Derivado de groupby(Clave_Ent, Subtipo)['_total'].sum() sobre base estatal 2015-2025 · filtros exactos: ver script _construir_panorama_v3.py",2025-12 (corte abr-2026),VERIFICADO_AGREGADO,"0.45% del nacional (138,874 en 32 estados). Aparece en tabla de la página-estado."
E18-014,pagina-estado Nayarit · gráfico serie HD,83/40/250/329/168/159/201/150/120/144/157,Serie homicidio doloso 2015-2025 · Nayarit,BASES_NACIONALES/panorama_estatal_32.csv + BASES_NACIONALES/delitos_estatales_2015-2025/Estatal-Delitos-2015-2025_abr2026.csv,panorama_estatal_32.csv columnas serie_hd_2015..serie_hd_2025 fila clave_ent=18. base estatal única corte abr-2026 (11 años).,2025-12 (corte abr-2026),VERIFICADO_AGREGADO,Min: 40 · Max: 329 · Var %: -52.3% del pico
E18-015,pagina-estado Nayarit · ranking nacional,#29 de 32,Ranking nacional total carpetas 2025 · Nayarit,BASES_NACIONALES/panorama_estatal_32.csv + BASES_NACIONALES/delitos_estatales_2015-2025/Estatal-Delitos-2015-2025_abr2026.csv,panorama_estatal_32.csv columna [sesnsp_2025_total].rank(ascending=False) → posición de clave_ent=18,2025-12 (corte abr-2026),VERIFICADO_AGREGADO,1 = mayor incidencia · 32 = menor
E18-016,pagina-estado Nayarit · ranking nacional,#23 de 32,Ranking nacional homicidio doloso 2025 · Nayarit,BASES_NACIONALES/panorama_estatal_32.csv + BASES_NACIONALES/delitos_estatales_2015-2025/Estatal-Delitos-2015-2025_abr2026.csv,panorama_estatal_32.csv columna [sesnsp_2025_hd].rank(ascending=False) → posición de clave_ent=18,2025-12 (corte abr-2026),VERIFICADO_AGREGADO,1 = mayor incidencia · 32 = menor
E18-017,pagina-estado Nayarit · ranking nacional,#27 de 32,Ranking nacional extorsión 2025 · Nayarit,BASES_NACIONALES/panorama_estatal_32.csv + BASES_NACIONALES/delitos_estatales_2015-2025/Estatal-Delitos-2015-2025_abr2026.csv,panorama_estatal_32.csv columna [sesnsp_2025_extorsion].rank(ascending=False) → posición de clave_ent=18,2025-12 (corte abr-2026),VERIFICADO_AGREGADO,1 = mayor incidencia · 32 = menor
E18-018,pagina-estado Nayarit · ranking nacional,#23 de 32,Ranking nacional feminicidio 2025 · Nayarit,BASES_NACIONALES/panorama_estatal_32.csv + BASES_NACIONALES/delitos_estatales_2015-2025/Estatal-Delitos-2015-2025_abr2026.csv,panorama_estatal_32.csv columna [sesnsp_2025_feminicidio].rank(ascending=False) → posición de clave_ent=18,2025-12 (corte abr-2026),VERIFICADO_AGREGADO,1 = mayor incidencia · 32 = menor
E18-019,pagina-estado Nayarit · ranking nacional,#27 de 32,Ranking nacional violencia familiar 2025 · Nayarit,BASES_NACIONALES/panorama_estatal_32.csv + BASES_NACIONALES/delitos_estatales_2015-2025/Estatal-Delitos-2015-2025_abr2026.csv,panorama_estatal_32.csv columna [sesnsp_2025_violencia_familiar].rank(ascending=False) → posición de clave_ent=18,2025-12 (corte abr-2026),VERIFICADO_AGREGADO,1 = mayor incidencia · 32 = menor
E18-020,pagina-estado Nayarit · panel RNPDNO,"2,017",RNPDNO desaparecidos activos · Nayarit · al 3-jun-2026,BASES_NACIONALES/panorama_estatal_32.csv + EXCEL - SEGURIDAD MORELOS/NUEVOS REPORTES DESAPARICIONES/activos_por_entidad.csv,panorama_estatal_32.csv columna [rnpdno_desaparecidos] fila clave_ent=18. Mapeo nombre INEGI → alias RNPDNO. Fuente primaria: dashboard oficial post-reforma RNPDNO.,2026-06-03,VERIFICADO_AGREGADO,
E18-021,pagina-estado Nayarit · panel RNPDNO,217,RNPDNO no localizados · Nayarit · al 3-jun-2026,BASES_NACIONALES/panorama_estatal_32.csv + EXCEL - SEGURIDAD MORELOS/NUEVOS REPORTES DESAPARICIONES/activos_por_entidad.csv,panorama_estatal_32.csv columna [rnpdno_no_localizados] fila clave_ent=18. Mapeo nombre INEGI → alias RNPDNO. Fuente primaria: dashboard oficial post-reforma RNPDNO.,2026-06-03,VERIFICADO_AGREGADO,
E18-022,pagina-estado Nayarit · panel RNPDNO,"2,621",RNPDNO localizados con vida · Nayarit · al 3-jun-2026,BASES_NACIONALES/panorama_estatal_32.csv + EXCEL - SEGURIDAD MORELOS/NUEVOS REPORTES DESAPARICIONES/activos_por_entidad.csv,panorama_estatal_32.csv columna [rnpdno_loc_con_vida] fila clave_ent=18. Mapeo nombre INEGI → alias RNPDNO. Fuente primaria: dashboard oficial post-reforma RNPDNO.,2026-06-03,VERIFICADO_AGREGADO,
E18-023,pagina-estado Nayarit · panel RNPDNO,266,RNPDNO localizados sin vida · Nayarit · al 3-jun-2026,BASES_NACIONALES/panorama_estatal_32.csv + EXCEL - SEGURIDAD MORELOS/NUEVOS REPORTES DESAPARICIONES/activos_por_entidad.csv,panorama_estatal_32.csv columna [rnpdno_loc_sin_vida] fila clave_ent=18. Mapeo nombre INEGI → alias RNPDNO. Fuente primaria: dashboard oficial post-reforma RNPDNO.,2026-06-03,VERIFICADO_AGREGADO,
E18-024,pagina-estado Nayarit · panel RNPDNO,"2,234",RNPDNO activos totales (desap + no loc) · Nayarit · al 3-jun-2026,BASES_NACIONALES/panorama_estatal_32.csv + EXCEL - SEGURIDAD MORELOS/NUEVOS REPORTES DESAPARICIONES/activos_por_entidad.csv,panorama_estatal_32.csv columna [rnpdno_activos_total] fila clave_ent=18. Mapeo nombre INEGI → alias RNPDNO. Fuente primaria: dashboard oficial post-reforma RNPDNO.,2026-06-03,VERIFICADO_AGREGADO,1.67% del nacional
E18-025,pagina-estado Nayarit · ranking nacional RNPDNO,#17 de 32,Ranking nacional desaparecidos activos · Nayarit,BASES_NACIONALES/panorama_estatal_32.csv + EXCEL - SEGURIDAD MORELOS/NUEVOS REPORTES DESAPARICIONES/activos_por_entidad.csv,panorama_estatal_32.csv columna [rnpdno_activos_total].rank(ascending=False) → posición clave_ent=18,2026-06-03,VERIFICADO_AGREGADO,1 = mayor número de activos · 32 = menor
E18-026,pagina-estado Nayarit · KPI 2026 parcial,"3,373",Carpetas SESNSP 2026 parcial (ene-abr) · Nayarit,BASES_NACIONALES/panorama_estatal_32.csv + BASES_NACIONALES/delitos_estatales_RNID_2026/RNID-Delitos_Estatal-2026-abr2026.csv,panorama_estatal_32.csv columna [sesnsp_2026_parcial_total] fila clave_ent=18. RNID estatal 2026 corte abr-2026 · sum(Enero..Abril) por Clave_Ent · CON desglose por subtipo,2026-04 (corte abr-2026),VERIFICADO_AGREGADO,"0.52% del nacional T1 (652,342). Ritmo anualizado ×3 = 10,119 → -8.0% vs total 2025. Con desglose completo por subtipo (RNID estatal)."
E18-027,pagina-estado Nayarit · denominador tasas,"1,324,282",Población a mitad de año 2025 · Nayarit,BASES_NACIONALES/panorama_estatal_32.csv + BASES_NACIONALES/poblacion_estatal_conapo.csv (CONAPO pry23 · conapo.segob.gob.mx),"CONAPO pry23 00_Pob_Mitad_1950_2070.csv · sum(POBLACION) WHERE ANIO=2025 AND CVE_GEO=18 (todas edades y sexos). Validado: suma 32 entidades == nacional CVE_GEO=0 (133,367,428 · diff 0)",2025 (proyección pry23),VERIFICADO_AGREGADO,Denominador oficial para todas las tasas /100K del estado
E18-028,pagina-estado Nayarit · KPI tasa,11.86,tasa homicidio doloso por 100K hab 2025 · Nayarit,BASES_NACIONALES/panorama_estatal_32.csv + BASES_NACIONALES/poblacion_estatal_conapo.csv (CONAPO pry23 · conapo.segob.gob.mx),"panorama [sesnsp_2025_hd] (157) / poblacion_2025 (1,324,282) × 100,000 = 11.86",2024,VERIFICADO_AGREGADO,Ranking nacional por tasa: #13 de 32 (1 = mayor tasa)
E18-029,pagina-estado Nayarit · KPI tasa,0.755,"tasa feminicidio por 100K hab 2025 (poblacion total, declarado) · Nayarit",BASES_NACIONALES/panorama_estatal_32.csv + BASES_NACIONALES/poblacion_estatal_conapo.csv (CONAPO pry23 · conapo.segob.gob.mx),"panorama [sesnsp_2025_feminicidio] (10) / poblacion_2025 (1,324,282) × 100,000 = 0.755",2024,VERIFICADO_AGREGADO,Ranking nacional por tasa: #9 de 32 (1 = mayor tasa)
E18-030,pagina-estado Nayarit · KPI tasa,830.1,tasa total carpetas por 100K hab 2025 · Nayarit,BASES_NACIONALES/panorama_estatal_32.csv + BASES_NACIONALES/poblacion_estatal_conapo.csv (CONAPO pry23 · conapo.segob.gob.mx),"panorama [sesnsp_2025_total] (10,993) / poblacion_2025 (1,324,282) × 100,000 = 830.1",2024,VERIFICADO_AGREGADO,Ranking nacional por tasa: #26 de 32 (1 = mayor tasa)
E18-031,pagina-estado Nayarit · KPI tasa,168.7,tasa desaparecidos activos por 100K hab · Nayarit,BASES_NACIONALES/panorama_estatal_32.csv + BASES_NACIONALES/poblacion_estatal_conapo.csv (CONAPO pry23 · conapo.segob.gob.mx),"panorama [rnpdno_activos_total] (2,234) / poblacion_2025 (1,324,282) × 100,000 = 168.7",2024,VERIFICADO_AGREGADO,Ranking nacional por tasa: #6 de 32 (1 = mayor tasa)
E18-032,pagina-estado Nayarit · KPI tasa,0.529,tasa secuestro por 100K hab 2025 · Nayarit,BASES_NACIONALES/panorama_estatal_32.csv + BASES_NACIONALES/poblacion_estatal_conapo.csv (CONAPO pry23 · conapo.segob.gob.mx),"panorama [sesnsp_2025_secuestro] (7) / poblacion_2025 (1,324,282) × 100,000 = 0.529",2024,VERIFICADO_AGREGADO,Ranking nacional por tasa: #7 de 32 (1 = mayor tasa)
E18-033,pagina-estado Nayarit · KPI tasa,155.4,tasa violencia familiar por 100K hab 2025 · Nayarit,BASES_NACIONALES/panorama_estatal_32.csv + BASES_NACIONALES/poblacion_estatal_conapo.csv (CONAPO pry23 · conapo.segob.gob.mx),"panorama [sesnsp_2025_violencia_familiar] (2,058) / poblacion_2025 (1,324,282) × 100,000 = 155.4",2024,VERIFICADO_AGREGADO,Ranking nacional por tasa: #21 de 32 (1 = mayor tasa)
E18-034,pagina-estado Nayarit · KPI tasa,22.96,tasa violacion (simple+equiparada) por 100K hab 2025 · Nayarit,BASES_NACIONALES/panorama_estatal_32.csv + BASES_NACIONALES/poblacion_estatal_conapo.csv (CONAPO pry23 · conapo.segob.gob.mx),"panorama [sesnsp_2025_violacion] (304) / poblacion_2025 (1,324,282) × 100,000 = 22.96",2024,VERIFICADO_AGREGADO,Ranking nacional por tasa: #7 de 32 (1 = mayor tasa)
E19-001,pagina-estado Nuevo León · KPI,"76,585",total carpetas SESNSP 2025 · Nuevo León,BASES_NACIONALES/panorama_estatal_32.csv + BASES_NACIONALES/delitos_estatales_2015-2025/Estatal-Delitos-2015-2025_abr2026.csv,"panorama_estatal_32.csv columna [sesnsp_2025_total] fila clave_ent=19. Derivado de groupby(Clave_Ent, Subtipo)['_total'].sum() sobre base estatal 2015-2025 · filtros exactos: ver script _construir_panorama_v3.py",2025-12 (corte abr-2026),VERIFICADO_AGREGADO,"3.80% del nacional (2,016,723 en 32 estados). Aparece en KPI de la página-estado."
E19-002,pagina-estado Nuevo León · KPI,726,homicidio doloso 2025 · Nuevo León,BASES_NACIONALES/panorama_estatal_32.csv + BASES_NACIONALES/delitos_estatales_2015-2025/Estatal-Delitos-2015-2025_abr2026.csv,"panorama_estatal_32.csv columna [sesnsp_2025_hd] fila clave_ent=19. Derivado de groupby(Clave_Ent, Subtipo)['_total'].sum() sobre base estatal 2015-2025 · filtros exactos: ver script _construir_panorama_v3.py",2025-12 (corte abr-2026),VERIFICADO_AGREGADO,"3.63% del nacional (19,987 en 32 estados). Aparece en KPI de la página-estado."
E19-003,pagina-estado Nuevo León · tabla,513,homicidio culposo 2025 · Nuevo León,BASES_NACIONALES/panorama_estatal_32.csv + BASES_NACIONALES/delitos_estatales_2015-2025/Estatal-Delitos-2015-2025_abr2026.csv,"panorama_estatal_32.csv columna [sesnsp_2025_hc] fila clave_ent=19. Derivado de groupby(Clave_Ent, Subtipo)['_total'].sum() sobre base estatal 2015-2025 · filtros exactos: ver script _construir_panorama_v3.py",2025-12 (corte abr-2026),VERIFICADO_AGREGADO,"3.03% del nacional (16,945 en 32 estados). Aparece en tabla de la página-estado."
E19-004,pagina-estado Nuevo León · KPI,15,feminicidio 2025 · Nuevo León,BASES_NACIONALES/panorama_estatal_32.csv + BASES_NACIONALES/delitos_estatales_2015-2025/Estatal-Delitos-2015-2025_abr2026.csv,"panorama_estatal_32.csv columna [sesnsp_2025_feminicidio] fila clave_ent=19. Derivado de groupby(Clave_Ent, Subtipo)['_total'].sum() sobre base estatal 2015-2025 · filtros exactos: ver script _construir_panorama_v3.py",2025-12 (corte abr-2026),VERIFICADO_AGREGADO,2.11% del nacional (711 en 32 estados). Aparece en KPI de la página-estado.
E19-005,pagina-estado Nuevo León · KPI,940,extorsión 2025 · Nuevo León,BASES_NACIONALES/panorama_estatal_32.csv + BASES_NACIONALES/delitos_estatales_2015-2025/Estatal-Delitos-2015-2025_abr2026.csv,"panorama_estatal_32.csv columna [sesnsp_2025_extorsion] fila clave_ent=19. Derivado de groupby(Clave_Ent, Subtipo)['_total'].sum() sobre base estatal 2015-2025 · filtros exactos: ver script _construir_panorama_v3.py",2025-12 (corte abr-2026),VERIFICADO_AGREGADO,"8.95% del nacional (10,507 en 32 estados). Aparece en KPI de la página-estado."
E19-006,pagina-estado Nuevo León · tabla,16,secuestro 2025 · Nuevo León,BASES_NACIONALES/panorama_estatal_32.csv + BASES_NACIONALES/delitos_estatales_2015-2025/Estatal-Delitos-2015-2025_abr2026.csv,"panorama_estatal_32.csv columna [sesnsp_2025_secuestro] fila clave_ent=19. Derivado de groupby(Clave_Ent, Subtipo)['_total'].sum() sobre base estatal 2015-2025 · filtros exactos: ver script _construir_panorama_v3.py",2025-12 (corte abr-2026),VERIFICADO_AGREGADO,3.45% del nacional (464 en 32 estados). Aparece en tabla de la página-estado.
E19-007,pagina-estado Nuevo León · tabla,"8,636",narcomenudeo 2025 · Nuevo León,BASES_NACIONALES/panorama_estatal_32.csv + BASES_NACIONALES/delitos_estatales_2015-2025/Estatal-Delitos-2015-2025_abr2026.csv,"panorama_estatal_32.csv columna [sesnsp_2025_narcomenudeo] fila clave_ent=19. Derivado de groupby(Clave_Ent, Subtipo)['_total'].sum() sobre base estatal 2015-2025 · filtros exactos: ver script _construir_panorama_v3.py",2025-12 (corte abr-2026),VERIFICADO_AGREGADO,"8.29% del nacional (104,207 en 32 estados). Aparece en tabla de la página-estado."
E19-008,pagina-estado Nuevo León · KPI,"19,471",violencia familiar 2025 · Nuevo León,BASES_NACIONALES/panorama_estatal_32.csv + BASES_NACIONALES/delitos_estatales_2015-2025/Estatal-Delitos-2015-2025_abr2026.csv,"panorama_estatal_32.csv columna [sesnsp_2025_violencia_familiar] fila clave_ent=19. Derivado de groupby(Clave_Ent, Subtipo)['_total'].sum() sobre base estatal 2015-2025 · filtros exactos: ver script _construir_panorama_v3.py",2025-12 (corte abr-2026),VERIFICADO_AGREGADO,"7.30% del nacional (266,760 en 32 estados). Aparece en KPI de la página-estado."
E19-009,pagina-estado Nuevo León · tabla,"7,845",robo (amplio · incluye allanamiento) 2025 · Nuevo León,BASES_NACIONALES/panorama_estatal_32.csv + BASES_NACIONALES/delitos_estatales_2015-2025/Estatal-Delitos-2015-2025_abr2026.csv,"panorama_estatal_32.csv columna [sesnsp_2025_robo_amplio] fila clave_ent=19. Derivado de groupby(Clave_Ent, Subtipo)['_total'].sum() sobre base estatal 2015-2025 · filtros exactos: ver script _construir_panorama_v3.py",2025-12 (corte abr-2026),VERIFICADO_AGREGADO,"1.65% del nacional (474,378 en 32 estados). Aparece en tabla de la página-estado."
E19-010,pagina-estado Nuevo León · tabla,"3,210",lesiones dolosas 2025 · Nuevo León,BASES_NACIONALES/panorama_estatal_32.csv + BASES_NACIONALES/delitos_estatales_2015-2025/Estatal-Delitos-2015-2025_abr2026.csv,"panorama_estatal_32.csv columna [sesnsp_2025_lesiones_dolosas] fila clave_ent=19. Derivado de groupby(Clave_Ent, Subtipo)['_total'].sum() sobre base estatal 2015-2025 · filtros exactos: ver script _construir_panorama_v3.py",2025-12 (corte abr-2026),VERIFICADO_AGREGADO,"2.05% del nacional (156,623 en 32 estados). Aparece en tabla de la página-estado."
E19-011,pagina-estado Nuevo León · tabla,"1,574",abuso sexual 2025 · Nuevo León,BASES_NACIONALES/panorama_estatal_32.csv + BASES_NACIONALES/delitos_estatales_2015-2025/Estatal-Delitos-2015-2025_abr2026.csv,"panorama_estatal_32.csv columna [sesnsp_2025_abuso_sexual] fila clave_ent=19. Derivado de groupby(Clave_Ent, Subtipo)['_total'].sum() sobre base estatal 2015-2025 · filtros exactos: ver script _construir_panorama_v3.py",2025-12 (corte abr-2026),VERIFICADO_AGREGADO,"4.76% del nacional (33,050 en 32 estados). Aparece en tabla de la página-estado."
E19-012,pagina-estado Nuevo León · tabla,"1,385",violación 2025 · Nuevo León,BASES_NACIONALES/panorama_estatal_32.csv + BASES_NACIONALES/delitos_estatales_2015-2025/Estatal-Delitos-2015-2025_abr2026.csv,"panorama_estatal_32.csv columna [sesnsp_2025_violacion] fila clave_ent=19. Derivado de groupby(Clave_Ent, Subtipo)['_total'].sum() sobre base estatal 2015-2025 · filtros exactos: ver script _construir_panorama_v3.py",2025-12 (corte abr-2026),VERIFICADO_AGREGADO,"6.83% del nacional (20,280 en 32 estados). Aparece en tabla de la página-estado."
E19-013,pagina-estado Nuevo León · tabla,"2,958",amenazas 2025 · Nuevo León,BASES_NACIONALES/panorama_estatal_32.csv + BASES_NACIONALES/delitos_estatales_2015-2025/Estatal-Delitos-2015-2025_abr2026.csv,"panorama_estatal_32.csv columna [sesnsp_2025_amenazas] fila clave_ent=19. Derivado de groupby(Clave_Ent, Subtipo)['_total'].sum() sobre base estatal 2015-2025 · filtros exactos: ver script _construir_panorama_v3.py",2025-12 (corte abr-2026),VERIFICADO_AGREGADO,"2.13% del nacional (138,874 en 32 estados). Aparece en tabla de la página-estado."
E19-014,pagina-estado Nuevo León · gráfico serie HD,450/641/613/746/889/847/1003/1328/1338/1539/726,Serie homicidio doloso 2015-2025 · Nuevo León,BASES_NACIONALES/panorama_estatal_32.csv + BASES_NACIONALES/delitos_estatales_2015-2025/Estatal-Delitos-2015-2025_abr2026.csv,panorama_estatal_32.csv columnas serie_hd_2015..serie_hd_2025 fila clave_ent=19. base estatal única corte abr-2026 (11 años).,2025-12 (corte abr-2026),VERIFICADO_AGREGADO,Min: 450 · Max: 1539 · Var %: -52.8% del pico
E19-015,pagina-estado Nuevo León · ranking nacional,#7 de 32,Ranking nacional total carpetas 2025 · Nuevo León,BASES_NACIONALES/panorama_estatal_32.csv + BASES_NACIONALES/delitos_estatales_2015-2025/Estatal-Delitos-2015-2025_abr2026.csv,panorama_estatal_32.csv columna [sesnsp_2025_total].rank(ascending=False) → posición de clave_ent=19,2025-12 (corte abr-2026),VERIFICADO_AGREGADO,1 = mayor incidencia · 32 = menor
E19-016,pagina-estado Nuevo León · ranking nacional,#15 de 32,Ranking nacional homicidio doloso 2025 · Nuevo León,BASES_NACIONALES/panorama_estatal_32.csv + BASES_NACIONALES/delitos_estatales_2015-2025/Estatal-Delitos-2015-2025_abr2026.csv,panorama_estatal_32.csv columna [sesnsp_2025_hd].rank(ascending=False) → posición de clave_ent=19,2025-12 (corte abr-2026),VERIFICADO_AGREGADO,1 = mayor incidencia · 32 = menor
E19-017,pagina-estado Nuevo León · ranking nacional,#4 de 32,Ranking nacional extorsión 2025 · Nuevo León,BASES_NACIONALES/panorama_estatal_32.csv + BASES_NACIONALES/delitos_estatales_2015-2025/Estatal-Delitos-2015-2025_abr2026.csv,panorama_estatal_32.csv columna [sesnsp_2025_extorsion].rank(ascending=False) → posición de clave_ent=19,2025-12 (corte abr-2026),VERIFICADO_AGREGADO,1 = mayor incidencia · 32 = menor
E19-018,pagina-estado Nuevo León · ranking nacional,#17 de 32,Ranking nacional feminicidio 2025 · Nuevo León,BASES_NACIONALES/panorama_estatal_32.csv + BASES_NACIONALES/delitos_estatales_2015-2025/Estatal-Delitos-2015-2025_abr2026.csv,panorama_estatal_32.csv columna [sesnsp_2025_feminicidio].rank(ascending=False) → posición de clave_ent=19,2025-12 (corte abr-2026),VERIFICADO_AGREGADO,1 = mayor incidencia · 32 = menor
E19-019,pagina-estado Nuevo León · ranking nacional,#3 de 32,Ranking nacional violencia familiar 2025 · Nuevo León,BASES_NACIONALES/panorama_estatal_32.csv + BASES_NACIONALES/delitos_estatales_2015-2025/Estatal-Delitos-2015-2025_abr2026.csv,panorama_estatal_32.csv columna [sesnsp_2025_violencia_familiar].rank(ascending=False) → posición de clave_ent=19,2025-12 (corte abr-2026),VERIFICADO_AGREGADO,1 = mayor incidencia · 32 = menor
E19-020,pagina-estado Nuevo León · panel RNPDNO,"5,843",RNPDNO desaparecidos activos · Nuevo León · al 3-jun-2026,BASES_NACIONALES/panorama_estatal_32.csv + EXCEL - SEGURIDAD MORELOS/NUEVOS REPORTES DESAPARICIONES/activos_por_entidad.csv,panorama_estatal_32.csv columna [rnpdno_desaparecidos] fila clave_ent=19. Mapeo nombre INEGI → alias RNPDNO. Fuente primaria: dashboard oficial post-reforma RNPDNO.,2026-06-03,VERIFICADO_AGREGADO,
E19-021,pagina-estado Nuevo León · panel RNPDNO,"1,648",RNPDNO no localizados · Nuevo León · al 3-jun-2026,BASES_NACIONALES/panorama_estatal_32.csv + EXCEL - SEGURIDAD MORELOS/NUEVOS REPORTES DESAPARICIONES/activos_por_entidad.csv,panorama_estatal_32.csv columna [rnpdno_no_localizados] fila clave_ent=19. Mapeo nombre INEGI → alias RNPDNO. Fuente primaria: dashboard oficial post-reforma RNPDNO.,2026-06-03,VERIFICADO_AGREGADO,
E19-022,pagina-estado Nuevo León · panel RNPDNO,"17,424",RNPDNO localizados con vida · Nuevo León · al 3-jun-2026,BASES_NACIONALES/panorama_estatal_32.csv + EXCEL - SEGURIDAD MORELOS/NUEVOS REPORTES DESAPARICIONES/activos_por_entidad.csv,panorama_estatal_32.csv columna [rnpdno_loc_con_vida] fila clave_ent=19. Mapeo nombre INEGI → alias RNPDNO. Fuente primaria: dashboard oficial post-reforma RNPDNO.,2026-06-03,VERIFICADO_AGREGADO,
E19-023,pagina-estado Nuevo León · panel RNPDNO,"1,445",RNPDNO localizados sin vida · Nuevo León · al 3-jun-2026,BASES_NACIONALES/panorama_estatal_32.csv + EXCEL - SEGURIDAD MORELOS/NUEVOS REPORTES DESAPARICIONES/activos_por_entidad.csv,panorama_estatal_32.csv columna [rnpdno_loc_sin_vida] fila clave_ent=19. Mapeo nombre INEGI → alias RNPDNO. Fuente primaria: dashboard oficial post-reforma RNPDNO.,2026-06-03,VERIFICADO_AGREGADO,
E19-024,pagina-estado Nuevo León · panel RNPDNO,"7,491",RNPDNO activos totales (desap + no loc) · Nuevo León · al 3-jun-2026,BASES_NACIONALES/panorama_estatal_32.csv + EXCEL - SEGURIDAD MORELOS/NUEVOS REPORTES DESAPARICIONES/activos_por_entidad.csv,panorama_estatal_32.csv columna [rnpdno_activos_total] fila clave_ent=19. Mapeo nombre INEGI → alias RNPDNO. Fuente primaria: dashboard oficial post-reforma RNPDNO.,2026-06-03,VERIFICADO_AGREGADO,5.59% del nacional
E19-025,pagina-estado Nuevo León · ranking nacional RNPDNO,#5 de 32,Ranking nacional desaparecidos activos · Nuevo León,BASES_NACIONALES/panorama_estatal_32.csv + EXCEL - SEGURIDAD MORELOS/NUEVOS REPORTES DESAPARICIONES/activos_por_entidad.csv,panorama_estatal_32.csv columna [rnpdno_activos_total].rank(ascending=False) → posición clave_ent=19,2026-06-03,VERIFICADO_AGREGADO,1 = mayor número de activos · 32 = menor
E19-026,pagina-estado Nuevo León · KPI 2026 parcial,"23,566",Carpetas SESNSP 2026 parcial (ene-abr) · Nuevo León,BASES_NACIONALES/panorama_estatal_32.csv + BASES_NACIONALES/delitos_estatales_RNID_2026/RNID-Delitos_Estatal-2026-abr2026.csv,panorama_estatal_32.csv columna [sesnsp_2026_parcial_total] fila clave_ent=19. RNID estatal 2026 corte abr-2026 · sum(Enero..Abril) por Clave_Ent · CON desglose por subtipo,2026-04 (corte abr-2026),VERIFICADO_AGREGADO,"3.61% del nacional T1 (652,342). Ritmo anualizado ×3 = 70,698 → -7.7% vs total 2025. Con desglose completo por subtipo (RNID estatal)."
E19-027,pagina-estado Nuevo León · denominador tasas,"6,413,123",Población a mitad de año 2025 · Nuevo León,BASES_NACIONALES/panorama_estatal_32.csv + BASES_NACIONALES/poblacion_estatal_conapo.csv (CONAPO pry23 · conapo.segob.gob.mx),"CONAPO pry23 00_Pob_Mitad_1950_2070.csv · sum(POBLACION) WHERE ANIO=2025 AND CVE_GEO=19 (todas edades y sexos). Validado: suma 32 entidades == nacional CVE_GEO=0 (133,367,428 · diff 0)",2025 (proyección pry23),VERIFICADO_AGREGADO,Denominador oficial para todas las tasas /100K del estado
E19-028,pagina-estado Nuevo León · KPI tasa,11.32,tasa homicidio doloso por 100K hab 2025 · Nuevo León,BASES_NACIONALES/panorama_estatal_32.csv + BASES_NACIONALES/poblacion_estatal_conapo.csv (CONAPO pry23 · conapo.segob.gob.mx),"panorama [sesnsp_2025_hd] (726) / poblacion_2025 (6,413,123) × 100,000 = 11.32",2024,VERIFICADO_AGREGADO,Ranking nacional por tasa: #15 de 32 (1 = mayor tasa)
E19-029,pagina-estado Nuevo León · KPI tasa,0.234,"tasa feminicidio por 100K hab 2025 (poblacion total, declarado) · Nuevo León",BASES_NACIONALES/panorama_estatal_32.csv + BASES_NACIONALES/poblacion_estatal_conapo.csv (CONAPO pry23 · conapo.segob.gob.mx),"panorama [sesnsp_2025_feminicidio] (15) / poblacion_2025 (6,413,123) × 100,000 = 0.234",2024,VERIFICADO_AGREGADO,Ranking nacional por tasa: #32 de 32 (1 = mayor tasa)
E19-030,pagina-estado Nuevo León · KPI tasa,1194.2,tasa total carpetas por 100K hab 2025 · Nuevo León,BASES_NACIONALES/panorama_estatal_32.csv + BASES_NACIONALES/poblacion_estatal_conapo.csv (CONAPO pry23 · conapo.segob.gob.mx),"panorama [sesnsp_2025_total] (76,585) / poblacion_2025 (6,413,123) × 100,000 = 1194.2",2024,VERIFICADO_AGREGADO,Ranking nacional por tasa: #19 de 32 (1 = mayor tasa)
E19-031,pagina-estado Nuevo León · KPI tasa,116.8,tasa desaparecidos activos por 100K hab · Nuevo León,BASES_NACIONALES/panorama_estatal_32.csv + BASES_NACIONALES/poblacion_estatal_conapo.csv (CONAPO pry23 · conapo.segob.gob.mx),"panorama [rnpdno_activos_total] (7,491) / poblacion_2025 (6,413,123) × 100,000 = 116.8",2024,VERIFICADO_AGREGADO,Ranking nacional por tasa: #12 de 32 (1 = mayor tasa)
E19-032,pagina-estado Nuevo León · KPI tasa,0.249,tasa secuestro por 100K hab 2025 · Nuevo León,BASES_NACIONALES/panorama_estatal_32.csv + BASES_NACIONALES/poblacion_estatal_conapo.csv (CONAPO pry23 · conapo.segob.gob.mx),"panorama [sesnsp_2025_secuestro] (16) / poblacion_2025 (6,413,123) × 100,000 = 0.249",2024,VERIFICADO_AGREGADO,Ranking nacional por tasa: #14 de 32 (1 = mayor tasa)
E19-033,pagina-estado Nuevo León · KPI tasa,303.6,tasa violencia familiar por 100K hab 2025 · Nuevo León,BASES_NACIONALES/panorama_estatal_32.csv + BASES_NACIONALES/poblacion_estatal_conapo.csv (CONAPO pry23 · conapo.segob.gob.mx),"panorama [sesnsp_2025_violencia_familiar] (19,471) / poblacion_2025 (6,413,123) × 100,000 = 303.6",2024,VERIFICADO_AGREGADO,Ranking nacional por tasa: #9 de 32 (1 = mayor tasa)
E19-034,pagina-estado Nuevo León · KPI tasa,21.6,tasa violacion (simple+equiparada) por 100K hab 2025 · Nuevo León,BASES_NACIONALES/panorama_estatal_32.csv + BASES_NACIONALES/poblacion_estatal_conapo.csv (CONAPO pry23 · conapo.segob.gob.mx),"panorama [sesnsp_2025_violacion] (1,385) / poblacion_2025 (6,413,123) × 100,000 = 21.6",2024,VERIFICADO_AGREGADO,Ranking nacional por tasa: #12 de 32 (1 = mayor tasa)
E20-001,pagina-estado Oaxaca · KPI,"29,311",total carpetas SESNSP 2025 · Oaxaca,BASES_NACIONALES/panorama_estatal_32.csv + BASES_NACIONALES/delitos_estatales_2015-2025/Estatal-Delitos-2015-2025_abr2026.csv,"panorama_estatal_32.csv columna [sesnsp_2025_total] fila clave_ent=20. Derivado de groupby(Clave_Ent, Subtipo)['_total'].sum() sobre base estatal 2015-2025 · filtros exactos: ver script _construir_panorama_v3.py",2025-12 (corte abr-2026),VERIFICADO_AGREGADO,"1.45% del nacional (2,016,723 en 32 estados). Aparece en KPI de la página-estado."
E20-002,pagina-estado Oaxaca · KPI,781,homicidio doloso 2025 · Oaxaca,BASES_NACIONALES/panorama_estatal_32.csv + BASES_NACIONALES/delitos_estatales_2015-2025/Estatal-Delitos-2015-2025_abr2026.csv,"panorama_estatal_32.csv columna [sesnsp_2025_hd] fila clave_ent=20. Derivado de groupby(Clave_Ent, Subtipo)['_total'].sum() sobre base estatal 2015-2025 · filtros exactos: ver script _construir_panorama_v3.py",2025-12 (corte abr-2026),VERIFICADO_AGREGADO,"3.91% del nacional (19,987 en 32 estados). Aparece en KPI de la página-estado."
E20-003,pagina-estado Oaxaca · tabla,837,homicidio culposo 2025 · Oaxaca,BASES_NACIONALES/panorama_estatal_32.csv + BASES_NACIONALES/delitos_estatales_2015-2025/Estatal-Delitos-2015-2025_abr2026.csv,"panorama_estatal_32.csv columna [sesnsp_2025_hc] fila clave_ent=20. Derivado de groupby(Clave_Ent, Subtipo)['_total'].sum() sobre base estatal 2015-2025 · filtros exactos: ver script _construir_panorama_v3.py",2025-12 (corte abr-2026),VERIFICADO_AGREGADO,"4.94% del nacional (16,945 en 32 estados). Aparece en tabla de la página-estado."
E20-004,pagina-estado Oaxaca · KPI,13,feminicidio 2025 · Oaxaca,BASES_NACIONALES/panorama_estatal_32.csv + BASES_NACIONALES/delitos_estatales_2015-2025/Estatal-Delitos-2015-2025_abr2026.csv,"panorama_estatal_32.csv columna [sesnsp_2025_feminicidio] fila clave_ent=20. Derivado de groupby(Clave_Ent, Subtipo)['_total'].sum() sobre base estatal 2015-2025 · filtros exactos: ver script _construir_panorama_v3.py",2025-12 (corte abr-2026),VERIFICADO_AGREGADO,1.83% del nacional (711 en 32 estados). Aparece en KPI de la página-estado.
E20-005,pagina-estado Oaxaca · KPI,74,extorsión 2025 · Oaxaca,BASES_NACIONALES/panorama_estatal_32.csv + BASES_NACIONALES/delitos_estatales_2015-2025/Estatal-Delitos-2015-2025_abr2026.csv,"panorama_estatal_32.csv columna [sesnsp_2025_extorsion] fila clave_ent=20. Derivado de groupby(Clave_Ent, Subtipo)['_total'].sum() sobre base estatal 2015-2025 · filtros exactos: ver script _construir_panorama_v3.py",2025-12 (corte abr-2026),VERIFICADO_AGREGADO,"0.70% del nacional (10,507 en 32 estados). Aparece en KPI de la página-estado."
E20-006,pagina-estado Oaxaca · tabla,22,secuestro 2025 · Oaxaca,BASES_NACIONALES/panorama_estatal_32.csv + BASES_NACIONALES/delitos_estatales_2015-2025/Estatal-Delitos-2015-2025_abr2026.csv,"panorama_estatal_32.csv columna [sesnsp_2025_secuestro] fila clave_ent=20. Derivado de groupby(Clave_Ent, Subtipo)['_total'].sum() sobre base estatal 2015-2025 · filtros exactos: ver script _construir_panorama_v3.py",2025-12 (corte abr-2026),VERIFICADO_AGREGADO,4.74% del nacional (464 en 32 estados). Aparece en tabla de la página-estado.
E20-007,pagina-estado Oaxaca · tabla,722,narcomenudeo 2025 · Oaxaca,BASES_NACIONALES/panorama_estatal_32.csv + BASES_NACIONALES/delitos_estatales_2015-2025/Estatal-Delitos-2015-2025_abr2026.csv,"panorama_estatal_32.csv columna [sesnsp_2025_narcomenudeo] fila clave_ent=20. Derivado de groupby(Clave_Ent, Subtipo)['_total'].sum() sobre base estatal 2015-2025 · filtros exactos: ver script _construir_panorama_v3.py",2025-12 (corte abr-2026),VERIFICADO_AGREGADO,"0.69% del nacional (104,207 en 32 estados). Aparece en tabla de la página-estado."
E20-008,pagina-estado Oaxaca · KPI,"3,777",violencia familiar 2025 · Oaxaca,BASES_NACIONALES/panorama_estatal_32.csv + BASES_NACIONALES/delitos_estatales_2015-2025/Estatal-Delitos-2015-2025_abr2026.csv,"panorama_estatal_32.csv columna [sesnsp_2025_violencia_familiar] fila clave_ent=20. Derivado de groupby(Clave_Ent, Subtipo)['_total'].sum() sobre base estatal 2015-2025 · filtros exactos: ver script _construir_panorama_v3.py",2025-12 (corte abr-2026),VERIFICADO_AGREGADO,"1.42% del nacional (266,760 en 32 estados). Aparece en KPI de la página-estado."
E20-009,pagina-estado Oaxaca · tabla,"5,286",robo (amplio · incluye allanamiento) 2025 · Oaxaca,BASES_NACIONALES/panorama_estatal_32.csv + BASES_NACIONALES/delitos_estatales_2015-2025/Estatal-Delitos-2015-2025_abr2026.csv,"panorama_estatal_32.csv columna [sesnsp_2025_robo_amplio] fila clave_ent=20. Derivado de groupby(Clave_Ent, Subtipo)['_total'].sum() sobre base estatal 2015-2025 · filtros exactos: ver script _construir_panorama_v3.py",2025-12 (corte abr-2026),VERIFICADO_AGREGADO,"1.11% del nacional (474,378 en 32 estados). Aparece en tabla de la página-estado."
E20-010,pagina-estado Oaxaca · tabla,"2,663",lesiones dolosas 2025 · Oaxaca,BASES_NACIONALES/panorama_estatal_32.csv + BASES_NACIONALES/delitos_estatales_2015-2025/Estatal-Delitos-2015-2025_abr2026.csv,"panorama_estatal_32.csv columna [sesnsp_2025_lesiones_dolosas] fila clave_ent=20. Derivado de groupby(Clave_Ent, Subtipo)['_total'].sum() sobre base estatal 2015-2025 · filtros exactos: ver script _construir_panorama_v3.py",2025-12 (corte abr-2026),VERIFICADO_AGREGADO,"1.70% del nacional (156,623 en 32 estados). Aparece en tabla de la página-estado."
E20-011,pagina-estado Oaxaca · tabla,457,abuso sexual 2025 · Oaxaca,BASES_NACIONALES/panorama_estatal_32.csv + BASES_NACIONALES/delitos_estatales_2015-2025/Estatal-Delitos-2015-2025_abr2026.csv,"panorama_estatal_32.csv columna [sesnsp_2025_abuso_sexual] fila clave_ent=20. Derivado de groupby(Clave_Ent, Subtipo)['_total'].sum() sobre base estatal 2015-2025 · filtros exactos: ver script _construir_panorama_v3.py",2025-12 (corte abr-2026),VERIFICADO_AGREGADO,"1.38% del nacional (33,050 en 32 estados). Aparece en tabla de la página-estado."
E20-012,pagina-estado Oaxaca · tabla,665,violación 2025 · Oaxaca,BASES_NACIONALES/panorama_estatal_32.csv + BASES_NACIONALES/delitos_estatales_2015-2025/Estatal-Delitos-2015-2025_abr2026.csv,"panorama_estatal_32.csv columna [sesnsp_2025_violacion] fila clave_ent=20. Derivado de groupby(Clave_Ent, Subtipo)['_total'].sum() sobre base estatal 2015-2025 · filtros exactos: ver script _construir_panorama_v3.py",2025-12 (corte abr-2026),VERIFICADO_AGREGADO,"3.28% del nacional (20,280 en 32 estados). Aparece en tabla de la página-estado."
E20-013,pagina-estado Oaxaca · tabla,"4,252",amenazas 2025 · Oaxaca,BASES_NACIONALES/panorama_estatal_32.csv + BASES_NACIONALES/delitos_estatales_2015-2025/Estatal-Delitos-2015-2025_abr2026.csv,"panorama_estatal_32.csv columna [sesnsp_2025_amenazas] fila clave_ent=20. Derivado de groupby(Clave_Ent, Subtipo)['_total'].sum() sobre base estatal 2015-2025 · filtros exactos: ver script _construir_panorama_v3.py",2025-12 (corte abr-2026),VERIFICADO_AGREGADO,"3.06% del nacional (138,874 en 32 estados). Aparece en tabla de la página-estado."
E20-014,pagina-estado Oaxaca · gráfico serie HD,201/738/855/983/1011/809/736/826/852/877/781,Serie homicidio doloso 2015-2025 · Oaxaca,BASES_NACIONALES/panorama_estatal_32.csv + BASES_NACIONALES/delitos_estatales_2015-2025/Estatal-Delitos-2015-2025_abr2026.csv,panorama_estatal_32.csv columnas serie_hd_2015..serie_hd_2025 fila clave_ent=20. base estatal única corte abr-2026 (11 años).,2025-12 (corte abr-2026),VERIFICADO_AGREGADO,Min: 201 · Max: 1011 · Var %: -22.7% del pico
E20-015,pagina-estado Oaxaca · ranking nacional,#22 de 32,Ranking nacional total carpetas 2025 · Oaxaca,BASES_NACIONALES/panorama_estatal_32.csv + BASES_NACIONALES/delitos_estatales_2015-2025/Estatal-Delitos-2015-2025_abr2026.csv,panorama_estatal_32.csv columna [sesnsp_2025_total].rank(ascending=False) → posición de clave_ent=20,2025-12 (corte abr-2026),VERIFICADO_AGREGADO,1 = mayor incidencia · 32 = menor
E20-016,pagina-estado Oaxaca · ranking nacional,#12 de 32,Ranking nacional homicidio doloso 2025 · Oaxaca,BASES_NACIONALES/panorama_estatal_32.csv + BASES_NACIONALES/delitos_estatales_2015-2025/Estatal-Delitos-2015-2025_abr2026.csv,panorama_estatal_32.csv columna [sesnsp_2025_hd].rank(ascending=False) → posición de clave_ent=20,2025-12 (corte abr-2026),VERIFICADO_AGREGADO,1 = mayor incidencia · 32 = menor
E20-017,pagina-estado Oaxaca · ranking nacional,#23 de 32,Ranking nacional extorsión 2025 · Oaxaca,BASES_NACIONALES/panorama_estatal_32.csv + BASES_NACIONALES/delitos_estatales_2015-2025/Estatal-Delitos-2015-2025_abr2026.csv,panorama_estatal_32.csv columna [sesnsp_2025_extorsion].rank(ascending=False) → posición de clave_ent=20,2025-12 (corte abr-2026),VERIFICADO_AGREGADO,1 = mayor incidencia · 32 = menor
E20-018,pagina-estado Oaxaca · ranking nacional,#21 de 32,Ranking nacional feminicidio 2025 · Oaxaca,BASES_NACIONALES/panorama_estatal_32.csv + BASES_NACIONALES/delitos_estatales_2015-2025/Estatal-Delitos-2015-2025_abr2026.csv,panorama_estatal_32.csv columna [sesnsp_2025_feminicidio].rank(ascending=False) → posición de clave_ent=20,2025-12 (corte abr-2026),VERIFICADO_AGREGADO,1 = mayor incidencia · 32 = menor
E20-019,pagina-estado Oaxaca · ranking nacional,#22 de 32,Ranking nacional violencia familiar 2025 · Oaxaca,BASES_NACIONALES/panorama_estatal_32.csv + BASES_NACIONALES/delitos_estatales_2015-2025/Estatal-Delitos-2015-2025_abr2026.csv,panorama_estatal_32.csv columna [sesnsp_2025_violencia_familiar].rank(ascending=False) → posición de clave_ent=20,2025-12 (corte abr-2026),VERIFICADO_AGREGADO,1 = mayor incidencia · 32 = menor
E20-020,pagina-estado Oaxaca · panel RNPDNO,752,RNPDNO desaparecidos activos · Oaxaca · al 3-jun-2026,BASES_NACIONALES/panorama_estatal_32.csv + EXCEL - SEGURIDAD MORELOS/NUEVOS REPORTES DESAPARICIONES/activos_por_entidad.csv,panorama_estatal_32.csv columna [rnpdno_desaparecidos] fila clave_ent=20. Mapeo nombre INEGI → alias RNPDNO. Fuente primaria: dashboard oficial post-reforma RNPDNO.,2026-06-03,VERIFICADO_AGREGADO,
E20-021,pagina-estado Oaxaca · panel RNPDNO,55,RNPDNO no localizados · Oaxaca · al 3-jun-2026,BASES_NACIONALES/panorama_estatal_32.csv + EXCEL - SEGURIDAD MORELOS/NUEVOS REPORTES DESAPARICIONES/activos_por_entidad.csv,panorama_estatal_32.csv columna [rnpdno_no_localizados] fila clave_ent=20. Mapeo nombre INEGI → alias RNPDNO. Fuente primaria: dashboard oficial post-reforma RNPDNO.,2026-06-03,VERIFICADO_AGREGADO,
E20-022,pagina-estado Oaxaca · panel RNPDNO,"3,524",RNPDNO localizados con vida · Oaxaca · al 3-jun-2026,BASES_NACIONALES/panorama_estatal_32.csv + EXCEL - SEGURIDAD MORELOS/NUEVOS REPORTES DESAPARICIONES/activos_por_entidad.csv,panorama_estatal_32.csv columna [rnpdno_loc_con_vida] fila clave_ent=20. Mapeo nombre INEGI → alias RNPDNO. Fuente primaria: dashboard oficial post-reforma RNPDNO.,2026-06-03,VERIFICADO_AGREGADO,
E20-023,pagina-estado Oaxaca · panel RNPDNO,104,RNPDNO localizados sin vida · Oaxaca · al 3-jun-2026,BASES_NACIONALES/panorama_estatal_32.csv + EXCEL - SEGURIDAD MORELOS/NUEVOS REPORTES DESAPARICIONES/activos_por_entidad.csv,panorama_estatal_32.csv columna [rnpdno_loc_sin_vida] fila clave_ent=20. Mapeo nombre INEGI → alias RNPDNO. Fuente primaria: dashboard oficial post-reforma RNPDNO.,2026-06-03,VERIFICADO_AGREGADO,
E20-024,pagina-estado Oaxaca · panel RNPDNO,807,RNPDNO activos totales (desap + no loc) · Oaxaca · al 3-jun-2026,BASES_NACIONALES/panorama_estatal_32.csv + EXCEL - SEGURIDAD MORELOS/NUEVOS REPORTES DESAPARICIONES/activos_por_entidad.csv,panorama_estatal_32.csv columna [rnpdno_activos_total] fila clave_ent=20. Mapeo nombre INEGI → alias RNPDNO. Fuente primaria: dashboard oficial post-reforma RNPDNO.,2026-06-03,VERIFICADO_AGREGADO,0.60% del nacional
E20-025,pagina-estado Oaxaca · ranking nacional RNPDNO,#27 de 32,Ranking nacional desaparecidos activos · Oaxaca,BASES_NACIONALES/panorama_estatal_32.csv + EXCEL - SEGURIDAD MORELOS/NUEVOS REPORTES DESAPARICIONES/activos_por_entidad.csv,panorama_estatal_32.csv columna [rnpdno_activos_total].rank(ascending=False) → posición clave_ent=20,2026-06-03,VERIFICADO_AGREGADO,1 = mayor número de activos · 32 = menor
E20-026,pagina-estado Oaxaca · KPI 2026 parcial,"8,947",Carpetas SESNSP 2026 parcial (ene-abr) · Oaxaca,BASES_NACIONALES/panorama_estatal_32.csv + BASES_NACIONALES/delitos_estatales_RNID_2026/RNID-Delitos_Estatal-2026-abr2026.csv,panorama_estatal_32.csv columna [sesnsp_2026_parcial_total] fila clave_ent=20. RNID estatal 2026 corte abr-2026 · sum(Enero..Abril) por Clave_Ent · CON desglose por subtipo,2026-04 (corte abr-2026),VERIFICADO_AGREGADO,"1.37% del nacional T1 (652,342). Ritmo anualizado ×3 = 26,841 → -8.4% vs total 2025. Con desglose completo por subtipo (RNID estatal)."
E20-027,pagina-estado Oaxaca · denominador tasas,"4,339,377",Población a mitad de año 2025 · Oaxaca,BASES_NACIONALES/panorama_estatal_32.csv + BASES_NACIONALES/poblacion_estatal_conapo.csv (CONAPO pry23 · conapo.segob.gob.mx),"CONAPO pry23 00_Pob_Mitad_1950_2070.csv · sum(POBLACION) WHERE ANIO=2025 AND CVE_GEO=20 (todas edades y sexos). Validado: suma 32 entidades == nacional CVE_GEO=0 (133,367,428 · diff 0)",2025 (proyección pry23),VERIFICADO_AGREGADO,Denominador oficial para todas las tasas /100K del estado
E20-028,pagina-estado Oaxaca · KPI tasa,18.0,tasa homicidio doloso por 100K hab 2025 · Oaxaca,BASES_NACIONALES/panorama_estatal_32.csv + BASES_NACIONALES/poblacion_estatal_conapo.csv (CONAPO pry23 · conapo.segob.gob.mx),"panorama [sesnsp_2025_hd] (781) / poblacion_2025 (4,339,377) × 100,000 = 18.0",2024,VERIFICADO_AGREGADO,Ranking nacional por tasa: #11 de 32 (1 = mayor tasa)
E20-029,pagina-estado Oaxaca · KPI tasa,0.3,"tasa feminicidio por 100K hab 2025 (poblacion total, declarado) · Oaxaca",BASES_NACIONALES/panorama_estatal_32.csv + BASES_NACIONALES/poblacion_estatal_conapo.csv (CONAPO pry23 · conapo.segob.gob.mx),"panorama [sesnsp_2025_feminicidio] (13) / poblacion_2025 (4,339,377) × 100,000 = 0.3",2024,VERIFICADO_AGREGADO,Ranking nacional por tasa: #27 de 32 (1 = mayor tasa)
E20-030,pagina-estado Oaxaca · KPI tasa,675.5,tasa total carpetas por 100K hab 2025 · Oaxaca,BASES_NACIONALES/panorama_estatal_32.csv + BASES_NACIONALES/poblacion_estatal_conapo.csv (CONAPO pry23 · conapo.segob.gob.mx),"panorama [sesnsp_2025_total] (29,311) / poblacion_2025 (4,339,377) × 100,000 = 675.5",2024,VERIFICADO_AGREGADO,Ranking nacional por tasa: #28 de 32 (1 = mayor tasa)
E20-031,pagina-estado Oaxaca · KPI tasa,18.6,tasa desaparecidos activos por 100K hab · Oaxaca,BASES_NACIONALES/panorama_estatal_32.csv + BASES_NACIONALES/poblacion_estatal_conapo.csv (CONAPO pry23 · conapo.segob.gob.mx),"panorama [rnpdno_activos_total] (807) / poblacion_2025 (4,339,377) × 100,000 = 18.6",2024,VERIFICADO_AGREGADO,Ranking nacional por tasa: #30 de 32 (1 = mayor tasa)
E20-032,pagina-estado Oaxaca · KPI tasa,0.507,tasa secuestro por 100K hab 2025 · Oaxaca,BASES_NACIONALES/panorama_estatal_32.csv + BASES_NACIONALES/poblacion_estatal_conapo.csv (CONAPO pry23 · conapo.segob.gob.mx),"panorama [sesnsp_2025_secuestro] (22) / poblacion_2025 (4,339,377) × 100,000 = 0.507",2024,VERIFICADO_AGREGADO,Ranking nacional por tasa: #8 de 32 (1 = mayor tasa)
E20-033,pagina-estado Oaxaca · KPI tasa,87.0,tasa violencia familiar por 100K hab 2025 · Oaxaca,BASES_NACIONALES/panorama_estatal_32.csv + BASES_NACIONALES/poblacion_estatal_conapo.csv (CONAPO pry23 · conapo.segob.gob.mx),"panorama [sesnsp_2025_violencia_familiar] (3,777) / poblacion_2025 (4,339,377) × 100,000 = 87.0",2024,VERIFICADO_AGREGADO,Ranking nacional por tasa: #26 de 32 (1 = mayor tasa)
E20-034,pagina-estado Oaxaca · KPI tasa,15.32,tasa violacion (simple+equiparada) por 100K hab 2025 · Oaxaca,BASES_NACIONALES/panorama_estatal_32.csv + BASES_NACIONALES/poblacion_estatal_conapo.csv (CONAPO pry23 · conapo.segob.gob.mx),"panorama [sesnsp_2025_violacion] (665) / poblacion_2025 (4,339,377) × 100,000 = 15.32",2024,VERIFICADO_AGREGADO,Ranking nacional por tasa: #18 de 32 (1 = mayor tasa)
E21-001,pagina-estado Puebla · KPI,"82,122",total carpetas SESNSP 2025 · Puebla,BASES_NACIONALES/panorama_estatal_32.csv + BASES_NACIONALES/delitos_estatales_2015-2025/Estatal-Delitos-2015-2025_abr2026.csv,"panorama_estatal_32.csv columna [sesnsp_2025_total] fila clave_ent=21. Derivado de groupby(Clave_Ent, Subtipo)['_total'].sum() sobre base estatal 2015-2025 · filtros exactos: ver script _construir_panorama_v3.py",2025-12 (corte abr-2026),VERIFICADO_AGREGADO,"4.07% del nacional (2,016,723 en 32 estados). Aparece en KPI de la página-estado."
E21-002,pagina-estado Puebla · KPI,779,homicidio doloso 2025 · Puebla,BASES_NACIONALES/panorama_estatal_32.csv + BASES_NACIONALES/delitos_estatales_2015-2025/Estatal-Delitos-2015-2025_abr2026.csv,"panorama_estatal_32.csv columna [sesnsp_2025_hd] fila clave_ent=21. Derivado de groupby(Clave_Ent, Subtipo)['_total'].sum() sobre base estatal 2015-2025 · filtros exactos: ver script _construir_panorama_v3.py",2025-12 (corte abr-2026),VERIFICADO_AGREGADO,"3.90% del nacional (19,987 en 32 estados). Aparece en KPI de la página-estado."
E21-003,pagina-estado Puebla · tabla,838,homicidio culposo 2025 · Puebla,BASES_NACIONALES/panorama_estatal_32.csv + BASES_NACIONALES/delitos_estatales_2015-2025/Estatal-Delitos-2015-2025_abr2026.csv,"panorama_estatal_32.csv columna [sesnsp_2025_hc] fila clave_ent=21. Derivado de groupby(Clave_Ent, Subtipo)['_total'].sum() sobre base estatal 2015-2025 · filtros exactos: ver script _construir_panorama_v3.py",2025-12 (corte abr-2026),VERIFICADO_AGREGADO,"4.95% del nacional (16,945 en 32 estados). Aparece en tabla de la página-estado."
E21-004,pagina-estado Puebla · KPI,25,feminicidio 2025 · Puebla,BASES_NACIONALES/panorama_estatal_32.csv + BASES_NACIONALES/delitos_estatales_2015-2025/Estatal-Delitos-2015-2025_abr2026.csv,"panorama_estatal_32.csv columna [sesnsp_2025_feminicidio] fila clave_ent=21. Derivado de groupby(Clave_Ent, Subtipo)['_total'].sum() sobre base estatal 2015-2025 · filtros exactos: ver script _construir_panorama_v3.py",2025-12 (corte abr-2026),VERIFICADO_AGREGADO,3.52% del nacional (711 en 32 estados). Aparece en KPI de la página-estado.
E21-005,pagina-estado Puebla · KPI,244,extorsión 2025 · Puebla,BASES_NACIONALES/panorama_estatal_32.csv + BASES_NACIONALES/delitos_estatales_2015-2025/Estatal-Delitos-2015-2025_abr2026.csv,"panorama_estatal_32.csv columna [sesnsp_2025_extorsion] fila clave_ent=21. Derivado de groupby(Clave_Ent, Subtipo)['_total'].sum() sobre base estatal 2015-2025 · filtros exactos: ver script _construir_panorama_v3.py",2025-12 (corte abr-2026),VERIFICADO_AGREGADO,"2.32% del nacional (10,507 en 32 estados). Aparece en KPI de la página-estado."
E21-006,pagina-estado Puebla · tabla,21,secuestro 2025 · Puebla,BASES_NACIONALES/panorama_estatal_32.csv + BASES_NACIONALES/delitos_estatales_2015-2025/Estatal-Delitos-2015-2025_abr2026.csv,"panorama_estatal_32.csv columna [sesnsp_2025_secuestro] fila clave_ent=21. Derivado de groupby(Clave_Ent, Subtipo)['_total'].sum() sobre base estatal 2015-2025 · filtros exactos: ver script _construir_panorama_v3.py",2025-12 (corte abr-2026),VERIFICADO_AGREGADO,4.53% del nacional (464 en 32 estados). Aparece en tabla de la página-estado.
E21-007,pagina-estado Puebla · tabla,"1,559",narcomenudeo 2025 · Puebla,BASES_NACIONALES/panorama_estatal_32.csv + BASES_NACIONALES/delitos_estatales_2015-2025/Estatal-Delitos-2015-2025_abr2026.csv,"panorama_estatal_32.csv columna [sesnsp_2025_narcomenudeo] fila clave_ent=21. Derivado de groupby(Clave_Ent, Subtipo)['_total'].sum() sobre base estatal 2015-2025 · filtros exactos: ver script _construir_panorama_v3.py",2025-12 (corte abr-2026),VERIFICADO_AGREGADO,"1.50% del nacional (104,207 en 32 estados). Aparece en tabla de la página-estado."
E21-008,pagina-estado Puebla · KPI,"10,551",violencia familiar 2025 · Puebla,BASES_NACIONALES/panorama_estatal_32.csv + BASES_NACIONALES/delitos_estatales_2015-2025/Estatal-Delitos-2015-2025_abr2026.csv,"panorama_estatal_32.csv columna [sesnsp_2025_violencia_familiar] fila clave_ent=21. Derivado de groupby(Clave_Ent, Subtipo)['_total'].sum() sobre base estatal 2015-2025 · filtros exactos: ver script _construir_panorama_v3.py",2025-12 (corte abr-2026),VERIFICADO_AGREGADO,"3.96% del nacional (266,760 en 32 estados). Aparece en KPI de la página-estado."
E21-009,pagina-estado Puebla · tabla,"32,758",robo (amplio · incluye allanamiento) 2025 · Puebla,BASES_NACIONALES/panorama_estatal_32.csv + BASES_NACIONALES/delitos_estatales_2015-2025/Estatal-Delitos-2015-2025_abr2026.csv,"panorama_estatal_32.csv columna [sesnsp_2025_robo_amplio] fila clave_ent=21. Derivado de groupby(Clave_Ent, Subtipo)['_total'].sum() sobre base estatal 2015-2025 · filtros exactos: ver script _construir_panorama_v3.py",2025-12 (corte abr-2026),VERIFICADO_AGREGADO,"6.91% del nacional (474,378 en 32 estados). Aparece en tabla de la página-estado."
E21-010,pagina-estado Puebla · tabla,"4,803",lesiones dolosas 2025 · Puebla,BASES_NACIONALES/panorama_estatal_32.csv + BASES_NACIONALES/delitos_estatales_2015-2025/Estatal-Delitos-2015-2025_abr2026.csv,"panorama_estatal_32.csv columna [sesnsp_2025_lesiones_dolosas] fila clave_ent=21. Derivado de groupby(Clave_Ent, Subtipo)['_total'].sum() sobre base estatal 2015-2025 · filtros exactos: ver script _construir_panorama_v3.py",2025-12 (corte abr-2026),VERIFICADO_AGREGADO,"3.07% del nacional (156,623 en 32 estados). Aparece en tabla de la página-estado."
E21-011,pagina-estado Puebla · tabla,911,abuso sexual 2025 · Puebla,BASES_NACIONALES/panorama_estatal_32.csv + BASES_NACIONALES/delitos_estatales_2015-2025/Estatal-Delitos-2015-2025_abr2026.csv,"panorama_estatal_32.csv columna [sesnsp_2025_abuso_sexual] fila clave_ent=21. Derivado de groupby(Clave_Ent, Subtipo)['_total'].sum() sobre base estatal 2015-2025 · filtros exactos: ver script _construir_panorama_v3.py",2025-12 (corte abr-2026),VERIFICADO_AGREGADO,"2.76% del nacional (33,050 en 32 estados). Aparece en tabla de la página-estado."
E21-012,pagina-estado Puebla · tabla,765,violación 2025 · Puebla,BASES_NACIONALES/panorama_estatal_32.csv + BASES_NACIONALES/delitos_estatales_2015-2025/Estatal-Delitos-2015-2025_abr2026.csv,"panorama_estatal_32.csv columna [sesnsp_2025_violacion] fila clave_ent=21. Derivado de groupby(Clave_Ent, Subtipo)['_total'].sum() sobre base estatal 2015-2025 · filtros exactos: ver script _construir_panorama_v3.py",2025-12 (corte abr-2026),VERIFICADO_AGREGADO,"3.77% del nacional (20,280 en 32 estados). Aparece en tabla de la página-estado."
E21-013,pagina-estado Puebla · tabla,"5,820",amenazas 2025 · Puebla,BASES_NACIONALES/panorama_estatal_32.csv + BASES_NACIONALES/delitos_estatales_2015-2025/Estatal-Delitos-2015-2025_abr2026.csv,"panorama_estatal_32.csv columna [sesnsp_2025_amenazas] fila clave_ent=21. Derivado de groupby(Clave_Ent, Subtipo)['_total'].sum() sobre base estatal 2015-2025 · filtros exactos: ver script _construir_panorama_v3.py",2025-12 (corte abr-2026),VERIFICADO_AGREGADO,"4.19% del nacional (138,874 en 32 estados). Aparece en tabla de la página-estado."
E21-014,pagina-estado Puebla · gráfico serie HD,493/581/894/1105/1109/872/797/914/852/880/779,Serie homicidio doloso 2015-2025 · Puebla,BASES_NACIONALES/panorama_estatal_32.csv + BASES_NACIONALES/delitos_estatales_2015-2025/Estatal-Delitos-2015-2025_abr2026.csv,panorama_estatal_32.csv columnas serie_hd_2015..serie_hd_2025 fila clave_ent=21. base estatal única corte abr-2026 (11 años).,2025-12 (corte abr-2026),VERIFICADO_AGREGADO,Min: 493 · Max: 1109 · Var %: -29.8% del pico
E21-015,pagina-estado Puebla · ranking nacional,#6 de 32,Ranking nacional total carpetas 2025 · Puebla,BASES_NACIONALES/panorama_estatal_32.csv + BASES_NACIONALES/delitos_estatales_2015-2025/Estatal-Delitos-2015-2025_abr2026.csv,panorama_estatal_32.csv columna [sesnsp_2025_total].rank(ascending=False) → posición de clave_ent=21,2025-12 (corte abr-2026),VERIFICADO_AGREGADO,1 = mayor incidencia · 32 = menor
E21-016,pagina-estado Puebla · ranking nacional,#13 de 32,Ranking nacional homicidio doloso 2025 · Puebla,BASES_NACIONALES/panorama_estatal_32.csv + BASES_NACIONALES/delitos_estatales_2015-2025/Estatal-Delitos-2015-2025_abr2026.csv,panorama_estatal_32.csv columna [sesnsp_2025_hd].rank(ascending=False) → posición de clave_ent=21,2025-12 (corte abr-2026),VERIFICADO_AGREGADO,1 = mayor incidencia · 32 = menor
E21-017,pagina-estado Puebla · ranking nacional,#10 de 32,Ranking nacional extorsión 2025 · Puebla,BASES_NACIONALES/panorama_estatal_32.csv + BASES_NACIONALES/delitos_estatales_2015-2025/Estatal-Delitos-2015-2025_abr2026.csv,panorama_estatal_32.csv columna [sesnsp_2025_extorsion].rank(ascending=False) → posición de clave_ent=21,2025-12 (corte abr-2026),VERIFICADO_AGREGADO,1 = mayor incidencia · 32 = menor
E21-018,pagina-estado Puebla · ranking nacional,#11 de 32,Ranking nacional feminicidio 2025 · Puebla,BASES_NACIONALES/panorama_estatal_32.csv + BASES_NACIONALES/delitos_estatales_2015-2025/Estatal-Delitos-2015-2025_abr2026.csv,panorama_estatal_32.csv columna [sesnsp_2025_feminicidio].rank(ascending=False) → posición de clave_ent=21,2025-12 (corte abr-2026),VERIFICADO_AGREGADO,1 = mayor incidencia · 32 = menor
E21-019,pagina-estado Puebla · ranking nacional,#10 de 32,Ranking nacional violencia familiar 2025 · Puebla,BASES_NACIONALES/panorama_estatal_32.csv + BASES_NACIONALES/delitos_estatales_2015-2025/Estatal-Delitos-2015-2025_abr2026.csv,panorama_estatal_32.csv columna [sesnsp_2025_violencia_familiar].rank(ascending=False) → posición de clave_ent=21,2025-12 (corte abr-2026),VERIFICADO_AGREGADO,1 = mayor incidencia · 32 = menor
E21-020,pagina-estado Puebla · panel RNPDNO,"2,618",RNPDNO desaparecidos activos · Puebla · al 3-jun-2026,BASES_NACIONALES/panorama_estatal_32.csv + EXCEL - SEGURIDAD MORELOS/NUEVOS REPORTES DESAPARICIONES/activos_por_entidad.csv,panorama_estatal_32.csv columna [rnpdno_desaparecidos] fila clave_ent=21. Mapeo nombre INEGI → alias RNPDNO. Fuente primaria: dashboard oficial post-reforma RNPDNO.,2026-06-03,VERIFICADO_AGREGADO,
E21-021,pagina-estado Puebla · panel RNPDNO,290,RNPDNO no localizados · Puebla · al 3-jun-2026,BASES_NACIONALES/panorama_estatal_32.csv + EXCEL - SEGURIDAD MORELOS/NUEVOS REPORTES DESAPARICIONES/activos_por_entidad.csv,panorama_estatal_32.csv columna [rnpdno_no_localizados] fila clave_ent=21. Mapeo nombre INEGI → alias RNPDNO. Fuente primaria: dashboard oficial post-reforma RNPDNO.,2026-06-03,VERIFICADO_AGREGADO,
E21-022,pagina-estado Puebla · panel RNPDNO,"15,599",RNPDNO localizados con vida · Puebla · al 3-jun-2026,BASES_NACIONALES/panorama_estatal_32.csv + EXCEL - SEGURIDAD MORELOS/NUEVOS REPORTES DESAPARICIONES/activos_por_entidad.csv,panorama_estatal_32.csv columna [rnpdno_loc_con_vida] fila clave_ent=21. Mapeo nombre INEGI → alias RNPDNO. Fuente primaria: dashboard oficial post-reforma RNPDNO.,2026-06-03,VERIFICADO_AGREGADO,
E21-023,pagina-estado Puebla · panel RNPDNO,"1,251",RNPDNO localizados sin vida · Puebla · al 3-jun-2026,BASES_NACIONALES/panorama_estatal_32.csv + EXCEL - SEGURIDAD MORELOS/NUEVOS REPORTES DESAPARICIONES/activos_por_entidad.csv,panorama_estatal_32.csv columna [rnpdno_loc_sin_vida] fila clave_ent=21. Mapeo nombre INEGI → alias RNPDNO. Fuente primaria: dashboard oficial post-reforma RNPDNO.,2026-06-03,VERIFICADO_AGREGADO,
E21-024,pagina-estado Puebla · panel RNPDNO,"2,908",RNPDNO activos totales (desap + no loc) · Puebla · al 3-jun-2026,BASES_NACIONALES/panorama_estatal_32.csv + EXCEL - SEGURIDAD MORELOS/NUEVOS REPORTES DESAPARICIONES/activos_por_entidad.csv,panorama_estatal_32.csv columna [rnpdno_activos_total] fila clave_ent=21. Mapeo nombre INEGI → alias RNPDNO. Fuente primaria: dashboard oficial post-reforma RNPDNO.,2026-06-03,VERIFICADO_AGREGADO,2.17% del nacional
E21-025,pagina-estado Puebla · ranking nacional RNPDNO,#16 de 32,Ranking nacional desaparecidos activos · Puebla,BASES_NACIONALES/panorama_estatal_32.csv + EXCEL - SEGURIDAD MORELOS/NUEVOS REPORTES DESAPARICIONES/activos_por_entidad.csv,panorama_estatal_32.csv columna [rnpdno_activos_total].rank(ascending=False) → posición clave_ent=21,2026-06-03,VERIFICADO_AGREGADO,1 = mayor número de activos · 32 = menor
E21-026,pagina-estado Puebla · KPI 2026 parcial,"27,022",Carpetas SESNSP 2026 parcial (ene-abr) · Puebla,BASES_NACIONALES/panorama_estatal_32.csv + BASES_NACIONALES/delitos_estatales_RNID_2026/RNID-Delitos_Estatal-2026-abr2026.csv,panorama_estatal_32.csv columna [sesnsp_2026_parcial_total] fila clave_ent=21. RNID estatal 2026 corte abr-2026 · sum(Enero..Abril) por Clave_Ent · CON desglose por subtipo,2026-04 (corte abr-2026),VERIFICADO_AGREGADO,"4.14% del nacional T1 (652,342). Ritmo anualizado ×3 = 81,066 → -1.3% vs total 2025. Con desglose completo por subtipo (RNID estatal)."
E21-027,pagina-estado Puebla · denominador tasas,"7,070,124",Población a mitad de año 2025 · Puebla,BASES_NACIONALES/panorama_estatal_32.csv + BASES_NACIONALES/poblacion_estatal_conapo.csv (CONAPO pry23 · conapo.segob.gob.mx),"CONAPO pry23 00_Pob_Mitad_1950_2070.csv · sum(POBLACION) WHERE ANIO=2025 AND CVE_GEO=21 (todas edades y sexos). Validado: suma 32 entidades == nacional CVE_GEO=0 (133,367,428 · diff 0)",2025 (proyección pry23),VERIFICADO_AGREGADO,Denominador oficial para todas las tasas /100K del estado
E21-028,pagina-estado Puebla · KPI tasa,11.02,tasa homicidio doloso por 100K hab 2025 · Puebla,BASES_NACIONALES/panorama_estatal_32.csv + BASES_NACIONALES/poblacion_estatal_conapo.csv (CONAPO pry23 · conapo.segob.gob.mx),"panorama [sesnsp_2025_hd] (779) / poblacion_2025 (7,070,124) × 100,000 = 11.02",2024,VERIFICADO_AGREGADO,Ranking nacional por tasa: #16 de 32 (1 = mayor tasa)
E21-029,pagina-estado Puebla · KPI tasa,0.354,"tasa feminicidio por 100K hab 2025 (poblacion total, declarado) · Puebla",BASES_NACIONALES/panorama_estatal_32.csv + BASES_NACIONALES/poblacion_estatal_conapo.csv (CONAPO pry23 · conapo.segob.gob.mx),"panorama [sesnsp_2025_feminicidio] (25) / poblacion_2025 (7,070,124) × 100,000 = 0.354",2024,VERIFICADO_AGREGADO,Ranking nacional por tasa: #24 de 32 (1 = mayor tasa)
E21-030,pagina-estado Puebla · KPI tasa,1161.5,tasa total carpetas por 100K hab 2025 · Puebla,BASES_NACIONALES/panorama_estatal_32.csv + BASES_NACIONALES/poblacion_estatal_conapo.csv (CONAPO pry23 · conapo.segob.gob.mx),"panorama [sesnsp_2025_total] (82,122) / poblacion_2025 (7,070,124) × 100,000 = 1161.5",2024,VERIFICADO_AGREGADO,Ranking nacional por tasa: #20 de 32 (1 = mayor tasa)
E21-031,pagina-estado Puebla · KPI tasa,41.1,tasa desaparecidos activos por 100K hab · Puebla,BASES_NACIONALES/panorama_estatal_32.csv + BASES_NACIONALES/poblacion_estatal_conapo.csv (CONAPO pry23 · conapo.segob.gob.mx),"panorama [rnpdno_activos_total] (2,908) / poblacion_2025 (7,070,124) × 100,000 = 41.1",2024,VERIFICADO_AGREGADO,Ranking nacional por tasa: #25 de 32 (1 = mayor tasa)
E21-032,pagina-estado Puebla · KPI tasa,0.297,tasa secuestro por 100K hab 2025 · Puebla,BASES_NACIONALES/panorama_estatal_32.csv + BASES_NACIONALES/poblacion_estatal_conapo.csv (CONAPO pry23 · conapo.segob.gob.mx),"panorama [sesnsp_2025_secuestro] (21) / poblacion_2025 (7,070,124) × 100,000 = 0.297",2024,VERIFICADO_AGREGADO,Ranking nacional por tasa: #12 de 32 (1 = mayor tasa)
E21-033,pagina-estado Puebla · KPI tasa,149.2,tasa violencia familiar por 100K hab 2025 · Puebla,BASES_NACIONALES/panorama_estatal_32.csv + BASES_NACIONALES/poblacion_estatal_conapo.csv (CONAPO pry23 · conapo.segob.gob.mx),"panorama [sesnsp_2025_violencia_familiar] (10,551) / poblacion_2025 (7,070,124) × 100,000 = 149.2",2024,VERIFICADO_AGREGADO,Ranking nacional por tasa: #22 de 32 (1 = mayor tasa)
E21-034,pagina-estado Puebla · KPI tasa,10.82,tasa violacion (simple+equiparada) por 100K hab 2025 · Puebla,BASES_NACIONALES/panorama_estatal_32.csv + BASES_NACIONALES/poblacion_estatal_conapo.csv (CONAPO pry23 · conapo.segob.gob.mx),"panorama [sesnsp_2025_violacion] (765) / poblacion_2025 (7,070,124) × 100,000 = 10.82",2024,VERIFICADO_AGREGADO,Ranking nacional por tasa: #24 de 32 (1 = mayor tasa)
E22-001,pagina-estado Querétaro · KPI,"56,559",total carpetas SESNSP 2025 · Querétaro,BASES_NACIONALES/panorama_estatal_32.csv + BASES_NACIONALES/delitos_estatales_2015-2025/Estatal-Delitos-2015-2025_abr2026.csv,"panorama_estatal_32.csv columna [sesnsp_2025_total] fila clave_ent=22. Derivado de groupby(Clave_Ent, Subtipo)['_total'].sum() sobre base estatal 2015-2025 · filtros exactos: ver script _construir_panorama_v3.py",2025-12 (corte abr-2026),VERIFICADO_AGREGADO,"2.80% del nacional (2,016,723 en 32 estados). Aparece en KPI de la página-estado."
E22-002,pagina-estado Querétaro · KPI,140,homicidio doloso 2025 · Querétaro,BASES_NACIONALES/panorama_estatal_32.csv + BASES_NACIONALES/delitos_estatales_2015-2025/Estatal-Delitos-2015-2025_abr2026.csv,"panorama_estatal_32.csv columna [sesnsp_2025_hd] fila clave_ent=22. Derivado de groupby(Clave_Ent, Subtipo)['_total'].sum() sobre base estatal 2015-2025 · filtros exactos: ver script _construir_panorama_v3.py",2025-12 (corte abr-2026),VERIFICADO_AGREGADO,"0.70% del nacional (19,987 en 32 estados). Aparece en KPI de la página-estado."
E22-003,pagina-estado Querétaro · tabla,337,homicidio culposo 2025 · Querétaro,BASES_NACIONALES/panorama_estatal_32.csv + BASES_NACIONALES/delitos_estatales_2015-2025/Estatal-Delitos-2015-2025_abr2026.csv,"panorama_estatal_32.csv columna [sesnsp_2025_hc] fila clave_ent=22. Derivado de groupby(Clave_Ent, Subtipo)['_total'].sum() sobre base estatal 2015-2025 · filtros exactos: ver script _construir_panorama_v3.py",2025-12 (corte abr-2026),VERIFICADO_AGREGADO,"1.99% del nacional (16,945 en 32 estados). Aparece en tabla de la página-estado."
E22-004,pagina-estado Querétaro · KPI,14,feminicidio 2025 · Querétaro,BASES_NACIONALES/panorama_estatal_32.csv + BASES_NACIONALES/delitos_estatales_2015-2025/Estatal-Delitos-2015-2025_abr2026.csv,"panorama_estatal_32.csv columna [sesnsp_2025_feminicidio] fila clave_ent=22. Derivado de groupby(Clave_Ent, Subtipo)['_total'].sum() sobre base estatal 2015-2025 · filtros exactos: ver script _construir_panorama_v3.py",2025-12 (corte abr-2026),VERIFICADO_AGREGADO,1.97% del nacional (711 en 32 estados). Aparece en KPI de la página-estado.
E22-005,pagina-estado Querétaro · KPI,268,extorsión 2025 · Querétaro,BASES_NACIONALES/panorama_estatal_32.csv + BASES_NACIONALES/delitos_estatales_2015-2025/Estatal-Delitos-2015-2025_abr2026.csv,"panorama_estatal_32.csv columna [sesnsp_2025_extorsion] fila clave_ent=22. Derivado de groupby(Clave_Ent, Subtipo)['_total'].sum() sobre base estatal 2015-2025 · filtros exactos: ver script _construir_panorama_v3.py",2025-12 (corte abr-2026),VERIFICADO_AGREGADO,"2.55% del nacional (10,507 en 32 estados). Aparece en KPI de la página-estado."
E22-006,pagina-estado Querétaro · tabla,0,secuestro 2025 · Querétaro,BASES_NACIONALES/panorama_estatal_32.csv + BASES_NACIONALES/delitos_estatales_2015-2025/Estatal-Delitos-2015-2025_abr2026.csv,"panorama_estatal_32.csv columna [sesnsp_2025_secuestro] fila clave_ent=22. Derivado de groupby(Clave_Ent, Subtipo)['_total'].sum() sobre base estatal 2015-2025 · filtros exactos: ver script _construir_panorama_v3.py",2025-12 (corte abr-2026),VERIFICADO_AGREGADO,0.00% del nacional (464 en 32 estados). Aparece en tabla de la página-estado.
E22-007,pagina-estado Querétaro · tabla,"2,413",narcomenudeo 2025 · Querétaro,BASES_NACIONALES/panorama_estatal_32.csv + BASES_NACIONALES/delitos_estatales_2015-2025/Estatal-Delitos-2015-2025_abr2026.csv,"panorama_estatal_32.csv columna [sesnsp_2025_narcomenudeo] fila clave_ent=22. Derivado de groupby(Clave_Ent, Subtipo)['_total'].sum() sobre base estatal 2015-2025 · filtros exactos: ver script _construir_panorama_v3.py",2025-12 (corte abr-2026),VERIFICADO_AGREGADO,"2.32% del nacional (104,207 en 32 estados). Aparece en tabla de la página-estado."
E22-008,pagina-estado Querétaro · KPI,"4,832",violencia familiar 2025 · Querétaro,BASES_NACIONALES/panorama_estatal_32.csv + BASES_NACIONALES/delitos_estatales_2015-2025/Estatal-Delitos-2015-2025_abr2026.csv,"panorama_estatal_32.csv columna [sesnsp_2025_violencia_familiar] fila clave_ent=22. Derivado de groupby(Clave_Ent, Subtipo)['_total'].sum() sobre base estatal 2015-2025 · filtros exactos: ver script _construir_panorama_v3.py",2025-12 (corte abr-2026),VERIFICADO_AGREGADO,"1.81% del nacional (266,760 en 32 estados). Aparece en KPI de la página-estado."
E22-009,pagina-estado Querétaro · tabla,"18,756",robo (amplio · incluye allanamiento) 2025 · Querétaro,BASES_NACIONALES/panorama_estatal_32.csv + BASES_NACIONALES/delitos_estatales_2015-2025/Estatal-Delitos-2015-2025_abr2026.csv,"panorama_estatal_32.csv columna [sesnsp_2025_robo_amplio] fila clave_ent=22. Derivado de groupby(Clave_Ent, Subtipo)['_total'].sum() sobre base estatal 2015-2025 · filtros exactos: ver script _construir_panorama_v3.py",2025-12 (corte abr-2026),VERIFICADO_AGREGADO,"3.95% del nacional (474,378 en 32 estados). Aparece en tabla de la página-estado."
E22-010,pagina-estado Querétaro · tabla,"4,555",lesiones dolosas 2025 · Querétaro,BASES_NACIONALES/panorama_estatal_32.csv + BASES_NACIONALES/delitos_estatales_2015-2025/Estatal-Delitos-2015-2025_abr2026.csv,"panorama_estatal_32.csv columna [sesnsp_2025_lesiones_dolosas] fila clave_ent=22. Derivado de groupby(Clave_Ent, Subtipo)['_total'].sum() sobre base estatal 2015-2025 · filtros exactos: ver script _construir_panorama_v3.py",2025-12 (corte abr-2026),VERIFICADO_AGREGADO,"2.91% del nacional (156,623 en 32 estados). Aparece en tabla de la página-estado."
E22-011,pagina-estado Querétaro · tabla,677,abuso sexual 2025 · Querétaro,BASES_NACIONALES/panorama_estatal_32.csv + BASES_NACIONALES/delitos_estatales_2015-2025/Estatal-Delitos-2015-2025_abr2026.csv,"panorama_estatal_32.csv columna [sesnsp_2025_abuso_sexual] fila clave_ent=22. Derivado de groupby(Clave_Ent, Subtipo)['_total'].sum() sobre base estatal 2015-2025 · filtros exactos: ver script _construir_panorama_v3.py",2025-12 (corte abr-2026),VERIFICADO_AGREGADO,"2.05% del nacional (33,050 en 32 estados). Aparece en tabla de la página-estado."
E22-012,pagina-estado Querétaro · tabla,589,violación 2025 · Querétaro,BASES_NACIONALES/panorama_estatal_32.csv + BASES_NACIONALES/delitos_estatales_2015-2025/Estatal-Delitos-2015-2025_abr2026.csv,"panorama_estatal_32.csv columna [sesnsp_2025_violacion] fila clave_ent=22. Derivado de groupby(Clave_Ent, Subtipo)['_total'].sum() sobre base estatal 2015-2025 · filtros exactos: ver script _construir_panorama_v3.py",2025-12 (corte abr-2026),VERIFICADO_AGREGADO,"2.90% del nacional (20,280 en 32 estados). Aparece en tabla de la página-estado."
E22-013,pagina-estado Querétaro · tabla,"3,984",amenazas 2025 · Querétaro,BASES_NACIONALES/panorama_estatal_32.csv + BASES_NACIONALES/delitos_estatales_2015-2025/Estatal-Delitos-2015-2025_abr2026.csv,"panorama_estatal_32.csv columna [sesnsp_2025_amenazas] fila clave_ent=22. Derivado de groupby(Clave_Ent, Subtipo)['_total'].sum() sobre base estatal 2015-2025 · filtros exactos: ver script _construir_panorama_v3.py",2025-12 (corte abr-2026),VERIFICADO_AGREGADO,"2.87% del nacional (138,874 en 32 estados). Aparece en tabla de la página-estado."
E22-014,pagina-estado Querétaro · gráfico serie HD,131/118/175/180/176/182/185/166/179/174/140,Serie homicidio doloso 2015-2025 · Querétaro,BASES_NACIONALES/panorama_estatal_32.csv + BASES_NACIONALES/delitos_estatales_2015-2025/Estatal-Delitos-2015-2025_abr2026.csv,panorama_estatal_32.csv columnas serie_hd_2015..serie_hd_2025 fila clave_ent=22. base estatal única corte abr-2026 (11 años).,2025-12 (corte abr-2026),VERIFICADO_AGREGADO,Min: 118 · Max: 185 · Var %: -24.3% del pico
E22-015,pagina-estado Querétaro · ranking nacional,#13 de 32,Ranking nacional total carpetas 2025 · Querétaro,BASES_NACIONALES/panorama_estatal_32.csv + BASES_NACIONALES/delitos_estatales_2015-2025/Estatal-Delitos-2015-2025_abr2026.csv,panorama_estatal_32.csv columna [sesnsp_2025_total].rank(ascending=False) → posición de clave_ent=22,2025-12 (corte abr-2026),VERIFICADO_AGREGADO,1 = mayor incidencia · 32 = menor
E22-016,pagina-estado Querétaro · ranking nacional,#24 de 32,Ranking nacional homicidio doloso 2025 · Querétaro,BASES_NACIONALES/panorama_estatal_32.csv + BASES_NACIONALES/delitos_estatales_2015-2025/Estatal-Delitos-2015-2025_abr2026.csv,panorama_estatal_32.csv columna [sesnsp_2025_hd].rank(ascending=False) → posición de clave_ent=22,2025-12 (corte abr-2026),VERIFICADO_AGREGADO,1 = mayor incidencia · 32 = menor
E22-017,pagina-estado Querétaro · ranking nacional,#9 de 32,Ranking nacional extorsión 2025 · Querétaro,BASES_NACIONALES/panorama_estatal_32.csv + BASES_NACIONALES/delitos_estatales_2015-2025/Estatal-Delitos-2015-2025_abr2026.csv,panorama_estatal_32.csv columna [sesnsp_2025_extorsion].rank(ascending=False) → posición de clave_ent=22,2025-12 (corte abr-2026),VERIFICADO_AGREGADO,1 = mayor incidencia · 32 = menor
E22-018,pagina-estado Querétaro · ranking nacional,#19 de 32,Ranking nacional feminicidio 2025 · Querétaro,BASES_NACIONALES/panorama_estatal_32.csv + BASES_NACIONALES/delitos_estatales_2015-2025/Estatal-Delitos-2015-2025_abr2026.csv,panorama_estatal_32.csv columna [sesnsp_2025_feminicidio].rank(ascending=False) → posición de clave_ent=22,2025-12 (corte abr-2026),VERIFICADO_AGREGADO,1 = mayor incidencia · 32 = menor
E22-019,pagina-estado Querétaro · ranking nacional,#20 de 32,Ranking nacional violencia familiar 2025 · Querétaro,BASES_NACIONALES/panorama_estatal_32.csv + BASES_NACIONALES/delitos_estatales_2015-2025/Estatal-Delitos-2015-2025_abr2026.csv,panorama_estatal_32.csv columna [sesnsp_2025_violencia_familiar].rank(ascending=False) → posición de clave_ent=22,2025-12 (corte abr-2026),VERIFICADO_AGREGADO,1 = mayor incidencia · 32 = menor
E22-020,pagina-estado Querétaro · panel RNPDNO,668,RNPDNO desaparecidos activos · Querétaro · al 3-jun-2026,BASES_NACIONALES/panorama_estatal_32.csv + EXCEL - SEGURIDAD MORELOS/NUEVOS REPORTES DESAPARICIONES/activos_por_entidad.csv,panorama_estatal_32.csv columna [rnpdno_desaparecidos] fila clave_ent=22. Mapeo nombre INEGI → alias RNPDNO. Fuente primaria: dashboard oficial post-reforma RNPDNO.,2026-06-03,VERIFICADO_AGREGADO,
E22-021,pagina-estado Querétaro · panel RNPDNO,121,RNPDNO no localizados · Querétaro · al 3-jun-2026,BASES_NACIONALES/panorama_estatal_32.csv + EXCEL - SEGURIDAD MORELOS/NUEVOS REPORTES DESAPARICIONES/activos_por_entidad.csv,panorama_estatal_32.csv columna [rnpdno_no_localizados] fila clave_ent=22. Mapeo nombre INEGI → alias RNPDNO. Fuente primaria: dashboard oficial post-reforma RNPDNO.,2026-06-03,VERIFICADO_AGREGADO,
E22-022,pagina-estado Querétaro · panel RNPDNO,"2,874",RNPDNO localizados con vida · Querétaro · al 3-jun-2026,BASES_NACIONALES/panorama_estatal_32.csv + EXCEL - SEGURIDAD MORELOS/NUEVOS REPORTES DESAPARICIONES/activos_por_entidad.csv,panorama_estatal_32.csv columna [rnpdno_loc_con_vida] fila clave_ent=22. Mapeo nombre INEGI → alias RNPDNO. Fuente primaria: dashboard oficial post-reforma RNPDNO.,2026-06-03,VERIFICADO_AGREGADO,
E22-023,pagina-estado Querétaro · panel RNPDNO,320,RNPDNO localizados sin vida · Querétaro · al 3-jun-2026,BASES_NACIONALES/panorama_estatal_32.csv + EXCEL - SEGURIDAD MORELOS/NUEVOS REPORTES DESAPARICIONES/activos_por_entidad.csv,panorama_estatal_32.csv columna [rnpdno_loc_sin_vida] fila clave_ent=22. Mapeo nombre INEGI → alias RNPDNO. Fuente primaria: dashboard oficial post-reforma RNPDNO.,2026-06-03,VERIFICADO_AGREGADO,
E22-024,pagina-estado Querétaro · panel RNPDNO,789,RNPDNO activos totales (desap + no loc) · Querétaro · al 3-jun-2026,BASES_NACIONALES/panorama_estatal_32.csv + EXCEL - SEGURIDAD MORELOS/NUEVOS REPORTES DESAPARICIONES/activos_por_entidad.csv,panorama_estatal_32.csv columna [rnpdno_activos_total] fila clave_ent=22. Mapeo nombre INEGI → alias RNPDNO. Fuente primaria: dashboard oficial post-reforma RNPDNO.,2026-06-03,VERIFICADO_AGREGADO,0.59% del nacional
E22-025,pagina-estado Querétaro · ranking nacional RNPDNO,#28 de 32,Ranking nacional desaparecidos activos · Querétaro,BASES_NACIONALES/panorama_estatal_32.csv + EXCEL - SEGURIDAD MORELOS/NUEVOS REPORTES DESAPARICIONES/activos_por_entidad.csv,panorama_estatal_32.csv columna [rnpdno_activos_total].rank(ascending=False) → posición clave_ent=22,2026-06-03,VERIFICADO_AGREGADO,1 = mayor número de activos · 32 = menor
E22-026,pagina-estado Querétaro · KPI 2026 parcial,"19,112",Carpetas SESNSP 2026 parcial (ene-abr) · Querétaro,BASES_NACIONALES/panorama_estatal_32.csv + BASES_NACIONALES/delitos_estatales_RNID_2026/RNID-Delitos_Estatal-2026-abr2026.csv,panorama_estatal_32.csv columna [sesnsp_2026_parcial_total] fila clave_ent=22. RNID estatal 2026 corte abr-2026 · sum(Enero..Abril) por Clave_Ent · CON desglose por subtipo,2026-04 (corte abr-2026),VERIFICADO_AGREGADO,"2.93% del nacional T1 (652,342). Ritmo anualizado ×3 = 57,336 → +1.4% vs total 2025. Con desglose completo por subtipo (RNID estatal)."
E22-027,pagina-estado Querétaro · denominador tasas,"2,654,421",Población a mitad de año 2025 · Querétaro,BASES_NACIONALES/panorama_estatal_32.csv + BASES_NACIONALES/poblacion_estatal_conapo.csv (CONAPO pry23 · conapo.segob.gob.mx),"CONAPO pry23 00_Pob_Mitad_1950_2070.csv · sum(POBLACION) WHERE ANIO=2025 AND CVE_GEO=22 (todas edades y sexos). Validado: suma 32 entidades == nacional CVE_GEO=0 (133,367,428 · diff 0)",2025 (proyección pry23),VERIFICADO_AGREGADO,Denominador oficial para todas las tasas /100K del estado
E22-028,pagina-estado Querétaro · KPI tasa,5.27,tasa homicidio doloso por 100K hab 2025 · Querétaro,BASES_NACIONALES/panorama_estatal_32.csv + BASES_NACIONALES/poblacion_estatal_conapo.csv (CONAPO pry23 · conapo.segob.gob.mx),"panorama [sesnsp_2025_hd] (140) / poblacion_2025 (2,654,421) × 100,000 = 5.27",2024,VERIFICADO_AGREGADO,Ranking nacional por tasa: #29 de 32 (1 = mayor tasa)
E22-029,pagina-estado Querétaro · KPI tasa,0.527,"tasa feminicidio por 100K hab 2025 (poblacion total, declarado) · Querétaro",BASES_NACIONALES/panorama_estatal_32.csv + BASES_NACIONALES/poblacion_estatal_conapo.csv (CONAPO pry23 · conapo.segob.gob.mx),"panorama [sesnsp_2025_feminicidio] (14) / poblacion_2025 (2,654,421) × 100,000 = 0.527",2024,VERIFICADO_AGREGADO,Ranking nacional por tasa: #14 de 32 (1 = mayor tasa)
E22-030,pagina-estado Querétaro · KPI tasa,2130.7,tasa total carpetas por 100K hab 2025 · Querétaro,BASES_NACIONALES/panorama_estatal_32.csv + BASES_NACIONALES/poblacion_estatal_conapo.csv (CONAPO pry23 · conapo.segob.gob.mx),"panorama [sesnsp_2025_total] (56,559) / poblacion_2025 (2,654,421) × 100,000 = 2130.7",2024,VERIFICADO_AGREGADO,Ranking nacional por tasa: #9 de 32 (1 = mayor tasa)
E22-031,pagina-estado Querétaro · KPI tasa,29.7,tasa desaparecidos activos por 100K hab · Querétaro,BASES_NACIONALES/panorama_estatal_32.csv + BASES_NACIONALES/poblacion_estatal_conapo.csv (CONAPO pry23 · conapo.segob.gob.mx),"panorama [rnpdno_activos_total] (789) / poblacion_2025 (2,654,421) × 100,000 = 29.7",2024,VERIFICADO_AGREGADO,Ranking nacional por tasa: #28 de 32 (1 = mayor tasa)
E22-032,pagina-estado Querétaro · KPI tasa,0.0,tasa secuestro por 100K hab 2025 · Querétaro,BASES_NACIONALES/panorama_estatal_32.csv + BASES_NACIONALES/poblacion_estatal_conapo.csv (CONAPO pry23 · conapo.segob.gob.mx),"panorama [sesnsp_2025_secuestro] (0) / poblacion_2025 (2,654,421) × 100,000 = 0.0",2024,VERIFICADO_AGREGADO,Ranking nacional por tasa: #27 de 32 (1 = mayor tasa)
E22-033,pagina-estado Querétaro · KPI tasa,182.0,tasa violencia familiar por 100K hab 2025 · Querétaro,BASES_NACIONALES/panorama_estatal_32.csv + BASES_NACIONALES/poblacion_estatal_conapo.csv (CONAPO pry23 · conapo.segob.gob.mx),"panorama [sesnsp_2025_violencia_familiar] (4,832) / poblacion_2025 (2,654,421) × 100,000 = 182.0",2024,VERIFICADO_AGREGADO,Ranking nacional por tasa: #18 de 32 (1 = mayor tasa)
E22-034,pagina-estado Querétaro · KPI tasa,22.19,tasa violacion (simple+equiparada) por 100K hab 2025 · Querétaro,BASES_NACIONALES/panorama_estatal_32.csv + BASES_NACIONALES/poblacion_estatal_conapo.csv (CONAPO pry23 · conapo.segob.gob.mx),"panorama [sesnsp_2025_violacion] (589) / poblacion_2025 (2,654,421) × 100,000 = 22.19",2024,VERIFICADO_AGREGADO,Ranking nacional por tasa: #10 de 32 (1 = mayor tasa)
E23-001,pagina-estado Quintana Roo · KPI,"55,842",total carpetas SESNSP 2025 · Quintana Roo,BASES_NACIONALES/panorama_estatal_32.csv + BASES_NACIONALES/delitos_estatales_2015-2025/Estatal-Delitos-2015-2025_abr2026.csv,"panorama_estatal_32.csv columna [sesnsp_2025_total] fila clave_ent=23. Derivado de groupby(Clave_Ent, Subtipo)['_total'].sum() sobre base estatal 2015-2025 · filtros exactos: ver script _construir_panorama_v3.py",2025-12 (corte abr-2026),VERIFICADO_AGREGADO,"2.77% del nacional (2,016,723 en 32 estados). Aparece en KPI de la página-estado."
E23-002,pagina-estado Quintana Roo · KPI,249,homicidio doloso 2025 · Quintana Roo,BASES_NACIONALES/panorama_estatal_32.csv + BASES_NACIONALES/delitos_estatales_2015-2025/Estatal-Delitos-2015-2025_abr2026.csv,"panorama_estatal_32.csv columna [sesnsp_2025_hd] fila clave_ent=23. Derivado de groupby(Clave_Ent, Subtipo)['_total'].sum() sobre base estatal 2015-2025 · filtros exactos: ver script _construir_panorama_v3.py",2025-12 (corte abr-2026),VERIFICADO_AGREGADO,"1.25% del nacional (19,987 en 32 estados). Aparece en KPI de la página-estado."
E23-003,pagina-estado Quintana Roo · tabla,"1,015",homicidio culposo 2025 · Quintana Roo,BASES_NACIONALES/panorama_estatal_32.csv + BASES_NACIONALES/delitos_estatales_2015-2025/Estatal-Delitos-2015-2025_abr2026.csv,"panorama_estatal_32.csv columna [sesnsp_2025_hc] fila clave_ent=23. Derivado de groupby(Clave_Ent, Subtipo)['_total'].sum() sobre base estatal 2015-2025 · filtros exactos: ver script _construir_panorama_v3.py",2025-12 (corte abr-2026),VERIFICADO_AGREGADO,"5.99% del nacional (16,945 en 32 estados). Aparece en tabla de la página-estado."
E23-004,pagina-estado Quintana Roo · KPI,15,feminicidio 2025 · Quintana Roo,BASES_NACIONALES/panorama_estatal_32.csv + BASES_NACIONALES/delitos_estatales_2015-2025/Estatal-Delitos-2015-2025_abr2026.csv,"panorama_estatal_32.csv columna [sesnsp_2025_feminicidio] fila clave_ent=23. Derivado de groupby(Clave_Ent, Subtipo)['_total'].sum() sobre base estatal 2015-2025 · filtros exactos: ver script _construir_panorama_v3.py",2025-12 (corte abr-2026),VERIFICADO_AGREGADO,2.11% del nacional (711 en 32 estados). Aparece en KPI de la página-estado.
E23-005,pagina-estado Quintana Roo · KPI,207,extorsión 2025 · Quintana Roo,BASES_NACIONALES/panorama_estatal_32.csv + BASES_NACIONALES/delitos_estatales_2015-2025/Estatal-Delitos-2015-2025_abr2026.csv,"panorama_estatal_32.csv columna [sesnsp_2025_extorsion] fila clave_ent=23. Derivado de groupby(Clave_Ent, Subtipo)['_total'].sum() sobre base estatal 2015-2025 · filtros exactos: ver script _construir_panorama_v3.py",2025-12 (corte abr-2026),VERIFICADO_AGREGADO,"1.97% del nacional (10,507 en 32 estados). Aparece en KPI de la página-estado."
E23-006,pagina-estado Quintana Roo · tabla,0,secuestro 2025 · Quintana Roo,BASES_NACIONALES/panorama_estatal_32.csv + BASES_NACIONALES/delitos_estatales_2015-2025/Estatal-Delitos-2015-2025_abr2026.csv,"panorama_estatal_32.csv columna [sesnsp_2025_secuestro] fila clave_ent=23. Derivado de groupby(Clave_Ent, Subtipo)['_total'].sum() sobre base estatal 2015-2025 · filtros exactos: ver script _construir_panorama_v3.py",2025-12 (corte abr-2026),VERIFICADO_AGREGADO,0.00% del nacional (464 en 32 estados). Aparece en tabla de la página-estado.
E23-007,pagina-estado Quintana Roo · tabla,"2,717",narcomenudeo 2025 · Quintana Roo,BASES_NACIONALES/panorama_estatal_32.csv + BASES_NACIONALES/delitos_estatales_2015-2025/Estatal-Delitos-2015-2025_abr2026.csv,"panorama_estatal_32.csv columna [sesnsp_2025_narcomenudeo] fila clave_ent=23. Derivado de groupby(Clave_Ent, Subtipo)['_total'].sum() sobre base estatal 2015-2025 · filtros exactos: ver script _construir_panorama_v3.py",2025-12 (corte abr-2026),VERIFICADO_AGREGADO,"2.61% del nacional (104,207 en 32 estados). Aparece en tabla de la página-estado."
E23-008,pagina-estado Quintana Roo · KPI,"7,404",violencia familiar 2025 · Quintana Roo,BASES_NACIONALES/panorama_estatal_32.csv + BASES_NACIONALES/delitos_estatales_2015-2025/Estatal-Delitos-2015-2025_abr2026.csv,"panorama_estatal_32.csv columna [sesnsp_2025_violencia_familiar] fila clave_ent=23. Derivado de groupby(Clave_Ent, Subtipo)['_total'].sum() sobre base estatal 2015-2025 · filtros exactos: ver script _construir_panorama_v3.py",2025-12 (corte abr-2026),VERIFICADO_AGREGADO,"2.78% del nacional (266,760 en 32 estados). Aparece en KPI de la página-estado."
E23-009,pagina-estado Quintana Roo · tabla,"11,564",robo (amplio · incluye allanamiento) 2025 · Quintana Roo,BASES_NACIONALES/panorama_estatal_32.csv + BASES_NACIONALES/delitos_estatales_2015-2025/Estatal-Delitos-2015-2025_abr2026.csv,"panorama_estatal_32.csv columna [sesnsp_2025_robo_amplio] fila clave_ent=23. Derivado de groupby(Clave_Ent, Subtipo)['_total'].sum() sobre base estatal 2015-2025 · filtros exactos: ver script _construir_panorama_v3.py",2025-12 (corte abr-2026),VERIFICADO_AGREGADO,"2.44% del nacional (474,378 en 32 estados). Aparece en tabla de la página-estado."
E23-010,pagina-estado Quintana Roo · tabla,"3,222",lesiones dolosas 2025 · Quintana Roo,BASES_NACIONALES/panorama_estatal_32.csv + BASES_NACIONALES/delitos_estatales_2015-2025/Estatal-Delitos-2015-2025_abr2026.csv,"panorama_estatal_32.csv columna [sesnsp_2025_lesiones_dolosas] fila clave_ent=23. Derivado de groupby(Clave_Ent, Subtipo)['_total'].sum() sobre base estatal 2015-2025 · filtros exactos: ver script _construir_panorama_v3.py",2025-12 (corte abr-2026),VERIFICADO_AGREGADO,"2.06% del nacional (156,623 en 32 estados). Aparece en tabla de la página-estado."
E23-011,pagina-estado Quintana Roo · tabla,"1,069",abuso sexual 2025 · Quintana Roo,BASES_NACIONALES/panorama_estatal_32.csv + BASES_NACIONALES/delitos_estatales_2015-2025/Estatal-Delitos-2015-2025_abr2026.csv,"panorama_estatal_32.csv columna [sesnsp_2025_abuso_sexual] fila clave_ent=23. Derivado de groupby(Clave_Ent, Subtipo)['_total'].sum() sobre base estatal 2015-2025 · filtros exactos: ver script _construir_panorama_v3.py",2025-12 (corte abr-2026),VERIFICADO_AGREGADO,"3.23% del nacional (33,050 en 32 estados). Aparece en tabla de la página-estado."
E23-012,pagina-estado Quintana Roo · tabla,717,violación 2025 · Quintana Roo,BASES_NACIONALES/panorama_estatal_32.csv + BASES_NACIONALES/delitos_estatales_2015-2025/Estatal-Delitos-2015-2025_abr2026.csv,"panorama_estatal_32.csv columna [sesnsp_2025_violacion] fila clave_ent=23. Derivado de groupby(Clave_Ent, Subtipo)['_total'].sum() sobre base estatal 2015-2025 · filtros exactos: ver script _construir_panorama_v3.py",2025-12 (corte abr-2026),VERIFICADO_AGREGADO,"3.54% del nacional (20,280 en 32 estados). Aparece en tabla de la página-estado."
E23-013,pagina-estado Quintana Roo · tabla,"4,118",amenazas 2025 · Quintana Roo,BASES_NACIONALES/panorama_estatal_32.csv + BASES_NACIONALES/delitos_estatales_2015-2025/Estatal-Delitos-2015-2025_abr2026.csv,"panorama_estatal_32.csv columna [sesnsp_2025_amenazas] fila clave_ent=23. Derivado de groupby(Clave_Ent, Subtipo)['_total'].sum() sobre base estatal 2015-2025 · filtros exactos: ver script _construir_panorama_v3.py",2025-12 (corte abr-2026),VERIFICADO_AGREGADO,"2.97% del nacional (138,874 en 32 estados). Aparece en tabla de la página-estado."
E23-014,pagina-estado Quintana Roo · gráfico serie HD,228/165/359/763/685/581/585/562/629/569/249,Serie homicidio doloso 2015-2025 · Quintana Roo,BASES_NACIONALES/panorama_estatal_32.csv + BASES_NACIONALES/delitos_estatales_2015-2025/Estatal-Delitos-2015-2025_abr2026.csv,panorama_estatal_32.csv columnas serie_hd_2015..serie_hd_2025 fila clave_ent=23. base estatal única corte abr-2026 (11 años).,2025-12 (corte abr-2026),VERIFICADO_AGREGADO,Min: 165 · Max: 763 · Var %: -67.4% del pico
E23-015,pagina-estado Quintana Roo · ranking nacional,#14 de 32,Ranking nacional total carpetas 2025 · Quintana Roo,BASES_NACIONALES/panorama_estatal_32.csv + BASES_NACIONALES/delitos_estatales_2015-2025/Estatal-Delitos-2015-2025_abr2026.csv,panorama_estatal_32.csv columna [sesnsp_2025_total].rank(ascending=False) → posición de clave_ent=23,2025-12 (corte abr-2026),VERIFICADO_AGREGADO,1 = mayor incidencia · 32 = menor
E23-016,pagina-estado Quintana Roo · ranking nacional,#20 de 32,Ranking nacional homicidio doloso 2025 · Quintana Roo,BASES_NACIONALES/panorama_estatal_32.csv + BASES_NACIONALES/delitos_estatales_2015-2025/Estatal-Delitos-2015-2025_abr2026.csv,panorama_estatal_32.csv columna [sesnsp_2025_hd].rank(ascending=False) → posición de clave_ent=23,2025-12 (corte abr-2026),VERIFICADO_AGREGADO,1 = mayor incidencia · 32 = menor
E23-017,pagina-estado Quintana Roo · ranking nacional,#11 de 32,Ranking nacional extorsión 2025 · Quintana Roo,BASES_NACIONALES/panorama_estatal_32.csv + BASES_NACIONALES/delitos_estatales_2015-2025/Estatal-Delitos-2015-2025_abr2026.csv,panorama_estatal_32.csv columna [sesnsp_2025_extorsion].rank(ascending=False) → posición de clave_ent=23,2025-12 (corte abr-2026),VERIFICADO_AGREGADO,1 = mayor incidencia · 32 = menor
E23-018,pagina-estado Quintana Roo · ranking nacional,#17 de 32,Ranking nacional feminicidio 2025 · Quintana Roo,BASES_NACIONALES/panorama_estatal_32.csv + BASES_NACIONALES/delitos_estatales_2015-2025/Estatal-Delitos-2015-2025_abr2026.csv,panorama_estatal_32.csv columna [sesnsp_2025_feminicidio].rank(ascending=False) → posición de clave_ent=23,2025-12 (corte abr-2026),VERIFICADO_AGREGADO,1 = mayor incidencia · 32 = menor
E23-019,pagina-estado Quintana Roo · ranking nacional,#14 de 32,Ranking nacional violencia familiar 2025 · Quintana Roo,BASES_NACIONALES/panorama_estatal_32.csv + BASES_NACIONALES/delitos_estatales_2015-2025/Estatal-Delitos-2015-2025_abr2026.csv,panorama_estatal_32.csv columna [sesnsp_2025_violencia_familiar].rank(ascending=False) → posición de clave_ent=23,2025-12 (corte abr-2026),VERIFICADO_AGREGADO,1 = mayor incidencia · 32 = menor
E23-020,pagina-estado Quintana Roo · panel RNPDNO,"1,752",RNPDNO desaparecidos activos · Quintana Roo · al 3-jun-2026,BASES_NACIONALES/panorama_estatal_32.csv + EXCEL - SEGURIDAD MORELOS/NUEVOS REPORTES DESAPARICIONES/activos_por_entidad.csv,panorama_estatal_32.csv columna [rnpdno_desaparecidos] fila clave_ent=23. Mapeo nombre INEGI → alias RNPDNO. Fuente primaria: dashboard oficial post-reforma RNPDNO.,2026-06-03,VERIFICADO_AGREGADO,
E23-021,pagina-estado Quintana Roo · panel RNPDNO,137,RNPDNO no localizados · Quintana Roo · al 3-jun-2026,BASES_NACIONALES/panorama_estatal_32.csv + EXCEL - SEGURIDAD MORELOS/NUEVOS REPORTES DESAPARICIONES/activos_por_entidad.csv,panorama_estatal_32.csv columna [rnpdno_no_localizados] fila clave_ent=23. Mapeo nombre INEGI → alias RNPDNO. Fuente primaria: dashboard oficial post-reforma RNPDNO.,2026-06-03,VERIFICADO_AGREGADO,
E23-022,pagina-estado Quintana Roo · panel RNPDNO,"3,766",RNPDNO localizados con vida · Quintana Roo · al 3-jun-2026,BASES_NACIONALES/panorama_estatal_32.csv + EXCEL - SEGURIDAD MORELOS/NUEVOS REPORTES DESAPARICIONES/activos_por_entidad.csv,panorama_estatal_32.csv columna [rnpdno_loc_con_vida] fila clave_ent=23. Mapeo nombre INEGI → alias RNPDNO. Fuente primaria: dashboard oficial post-reforma RNPDNO.,2026-06-03,VERIFICADO_AGREGADO,
E23-023,pagina-estado Quintana Roo · panel RNPDNO,189,RNPDNO localizados sin vida · Quintana Roo · al 3-jun-2026,BASES_NACIONALES/panorama_estatal_32.csv + EXCEL - SEGURIDAD MORELOS/NUEVOS REPORTES DESAPARICIONES/activos_por_entidad.csv,panorama_estatal_32.csv columna [rnpdno_loc_sin_vida] fila clave_ent=23. Mapeo nombre INEGI → alias RNPDNO. Fuente primaria: dashboard oficial post-reforma RNPDNO.,2026-06-03,VERIFICADO_AGREGADO,
E23-024,pagina-estado Quintana Roo · panel RNPDNO,"1,889",RNPDNO activos totales (desap + no loc) · Quintana Roo · al 3-jun-2026,BASES_NACIONALES/panorama_estatal_32.csv + EXCEL - SEGURIDAD MORELOS/NUEVOS REPORTES DESAPARICIONES/activos_por_entidad.csv,panorama_estatal_32.csv columna [rnpdno_activos_total] fila clave_ent=23. Mapeo nombre INEGI → alias RNPDNO. Fuente primaria: dashboard oficial post-reforma RNPDNO.,2026-06-03,VERIFICADO_AGREGADO,1.41% del nacional
E23-025,pagina-estado Quintana Roo · ranking nacional RNPDNO,#21 de 32,Ranking nacional desaparecidos activos · Quintana Roo,BASES_NACIONALES/panorama_estatal_32.csv + EXCEL - SEGURIDAD MORELOS/NUEVOS REPORTES DESAPARICIONES/activos_por_entidad.csv,panorama_estatal_32.csv columna [rnpdno_activos_total].rank(ascending=False) → posición clave_ent=23,2026-06-03,VERIFICADO_AGREGADO,1 = mayor número de activos · 32 = menor
E23-026,pagina-estado Quintana Roo · KPI 2026 parcial,"19,378",Carpetas SESNSP 2026 parcial (ene-abr) · Quintana Roo,BASES_NACIONALES/panorama_estatal_32.csv + BASES_NACIONALES/delitos_estatales_RNID_2026/RNID-Delitos_Estatal-2026-abr2026.csv,panorama_estatal_32.csv columna [sesnsp_2026_parcial_total] fila clave_ent=23. RNID estatal 2026 corte abr-2026 · sum(Enero..Abril) por Clave_Ent · CON desglose por subtipo,2026-04 (corte abr-2026),VERIFICADO_AGREGADO,"2.97% del nacional T1 (652,342). Ritmo anualizado ×3 = 58,134 → +4.1% vs total 2025. Con desglose completo por subtipo (RNID estatal)."
E23-027,pagina-estado Quintana Roo · denominador tasas,"2,101,638",Población a mitad de año 2025 · Quintana Roo,BASES_NACIONALES/panorama_estatal_32.csv + BASES_NACIONALES/poblacion_estatal_conapo.csv (CONAPO pry23 · conapo.segob.gob.mx),"CONAPO pry23 00_Pob_Mitad_1950_2070.csv · sum(POBLACION) WHERE ANIO=2025 AND CVE_GEO=23 (todas edades y sexos). Validado: suma 32 entidades == nacional CVE_GEO=0 (133,367,428 · diff 0)",2025 (proyección pry23),VERIFICADO_AGREGADO,Denominador oficial para todas las tasas /100K del estado
E23-028,pagina-estado Quintana Roo · KPI tasa,11.85,tasa homicidio doloso por 100K hab 2025 · Quintana Roo,BASES_NACIONALES/panorama_estatal_32.csv + BASES_NACIONALES/poblacion_estatal_conapo.csv (CONAPO pry23 · conapo.segob.gob.mx),"panorama [sesnsp_2025_hd] (249) / poblacion_2025 (2,101,638) × 100,000 = 11.85",2024,VERIFICADO_AGREGADO,Ranking nacional por tasa: #14 de 32 (1 = mayor tasa)
E23-029,pagina-estado Quintana Roo · KPI tasa,0.714,"tasa feminicidio por 100K hab 2025 (poblacion total, declarado) · Quintana Roo",BASES_NACIONALES/panorama_estatal_32.csv + BASES_NACIONALES/poblacion_estatal_conapo.csv (CONAPO pry23 · conapo.segob.gob.mx),"panorama [sesnsp_2025_feminicidio] (15) / poblacion_2025 (2,101,638) × 100,000 = 0.714",2024,VERIFICADO_AGREGADO,Ranking nacional por tasa: #10 de 32 (1 = mayor tasa)
E23-030,pagina-estado Quintana Roo · KPI tasa,2657.1,tasa total carpetas por 100K hab 2025 · Quintana Roo,BASES_NACIONALES/panorama_estatal_32.csv + BASES_NACIONALES/poblacion_estatal_conapo.csv (CONAPO pry23 · conapo.segob.gob.mx),"panorama [sesnsp_2025_total] (55,842) / poblacion_2025 (2,101,638) × 100,000 = 2657.1",2024,VERIFICADO_AGREGADO,Ranking nacional por tasa: #3 de 32 (1 = mayor tasa)
E23-031,pagina-estado Quintana Roo · KPI tasa,89.9,tasa desaparecidos activos por 100K hab · Quintana Roo,BASES_NACIONALES/panorama_estatal_32.csv + BASES_NACIONALES/poblacion_estatal_conapo.csv (CONAPO pry23 · conapo.segob.gob.mx),"panorama [rnpdno_activos_total] (1,889) / poblacion_2025 (2,101,638) × 100,000 = 89.9",2024,VERIFICADO_AGREGADO,Ranking nacional por tasa: #16 de 32 (1 = mayor tasa)
E23-032,pagina-estado Quintana Roo · KPI tasa,0.0,tasa secuestro por 100K hab 2025 · Quintana Roo,BASES_NACIONALES/panorama_estatal_32.csv + BASES_NACIONALES/poblacion_estatal_conapo.csv (CONAPO pry23 · conapo.segob.gob.mx),"panorama [sesnsp_2025_secuestro] (0) / poblacion_2025 (2,101,638) × 100,000 = 0.0",2024,VERIFICADO_AGREGADO,Ranking nacional por tasa: #27 de 32 (1 = mayor tasa)
E23-033,pagina-estado Quintana Roo · KPI tasa,352.3,tasa violencia familiar por 100K hab 2025 · Quintana Roo,BASES_NACIONALES/panorama_estatal_32.csv + BASES_NACIONALES/poblacion_estatal_conapo.csv (CONAPO pry23 · conapo.segob.gob.mx),"panorama [sesnsp_2025_violencia_familiar] (7,404) / poblacion_2025 (2,101,638) × 100,000 = 352.3",2024,VERIFICADO_AGREGADO,Ranking nacional por tasa: #6 de 32 (1 = mayor tasa)
E23-034,pagina-estado Quintana Roo · KPI tasa,34.12,tasa violacion (simple+equiparada) por 100K hab 2025 · Quintana Roo,BASES_NACIONALES/panorama_estatal_32.csv + BASES_NACIONALES/poblacion_estatal_conapo.csv (CONAPO pry23 · conapo.segob.gob.mx),"panorama [sesnsp_2025_violacion] (717) / poblacion_2025 (2,101,638) × 100,000 = 34.12",2024,VERIFICADO_AGREGADO,Ranking nacional por tasa: #2 de 32 (1 = mayor tasa)
E24-001,pagina-estado San Luis Potosí · KPI,"60,059",total carpetas SESNSP 2025 · San Luis Potosí,BASES_NACIONALES/panorama_estatal_32.csv + BASES_NACIONALES/delitos_estatales_2015-2025/Estatal-Delitos-2015-2025_abr2026.csv,"panorama_estatal_32.csv columna [sesnsp_2025_total] fila clave_ent=24. Derivado de groupby(Clave_Ent, Subtipo)['_total'].sum() sobre base estatal 2015-2025 · filtros exactos: ver script _construir_panorama_v3.py",2025-12 (corte abr-2026),VERIFICADO_AGREGADO,"2.98% del nacional (2,016,723 en 32 estados). Aparece en KPI de la página-estado."
E24-002,pagina-estado San Luis Potosí · KPI,185,homicidio doloso 2025 · San Luis Potosí,BASES_NACIONALES/panorama_estatal_32.csv + BASES_NACIONALES/delitos_estatales_2015-2025/Estatal-Delitos-2015-2025_abr2026.csv,"panorama_estatal_32.csv columna [sesnsp_2025_hd] fila clave_ent=24. Derivado de groupby(Clave_Ent, Subtipo)['_total'].sum() sobre base estatal 2015-2025 · filtros exactos: ver script _construir_panorama_v3.py",2025-12 (corte abr-2026),VERIFICADO_AGREGADO,"0.93% del nacional (19,987 en 32 estados). Aparece en KPI de la página-estado."
E24-003,pagina-estado San Luis Potosí · tabla,314,homicidio culposo 2025 · San Luis Potosí,BASES_NACIONALES/panorama_estatal_32.csv + BASES_NACIONALES/delitos_estatales_2015-2025/Estatal-Delitos-2015-2025_abr2026.csv,"panorama_estatal_32.csv columna [sesnsp_2025_hc] fila clave_ent=24. Derivado de groupby(Clave_Ent, Subtipo)['_total'].sum() sobre base estatal 2015-2025 · filtros exactos: ver script _construir_panorama_v3.py",2025-12 (corte abr-2026),VERIFICADO_AGREGADO,"1.85% del nacional (16,945 en 32 estados). Aparece en tabla de la página-estado."
E24-004,pagina-estado San Luis Potosí · KPI,7,feminicidio 2025 · San Luis Potosí,BASES_NACIONALES/panorama_estatal_32.csv + BASES_NACIONALES/delitos_estatales_2015-2025/Estatal-Delitos-2015-2025_abr2026.csv,"panorama_estatal_32.csv columna [sesnsp_2025_feminicidio] fila clave_ent=24. Derivado de groupby(Clave_Ent, Subtipo)['_total'].sum() sobre base estatal 2015-2025 · filtros exactos: ver script _construir_panorama_v3.py",2025-12 (corte abr-2026),VERIFICADO_AGREGADO,0.98% del nacional (711 en 32 estados). Aparece en KPI de la página-estado.
E24-005,pagina-estado San Luis Potosí · KPI,176,extorsión 2025 · San Luis Potosí,BASES_NACIONALES/panorama_estatal_32.csv + BASES_NACIONALES/delitos_estatales_2015-2025/Estatal-Delitos-2015-2025_abr2026.csv,"panorama_estatal_32.csv columna [sesnsp_2025_extorsion] fila clave_ent=24. Derivado de groupby(Clave_Ent, Subtipo)['_total'].sum() sobre base estatal 2015-2025 · filtros exactos: ver script _construir_panorama_v3.py",2025-12 (corte abr-2026),VERIFICADO_AGREGADO,"1.68% del nacional (10,507 en 32 estados). Aparece en KPI de la página-estado."
E24-006,pagina-estado San Luis Potosí · tabla,5,secuestro 2025 · San Luis Potosí,BASES_NACIONALES/panorama_estatal_32.csv + BASES_NACIONALES/delitos_estatales_2015-2025/Estatal-Delitos-2015-2025_abr2026.csv,"panorama_estatal_32.csv columna [sesnsp_2025_secuestro] fila clave_ent=24. Derivado de groupby(Clave_Ent, Subtipo)['_total'].sum() sobre base estatal 2015-2025 · filtros exactos: ver script _construir_panorama_v3.py",2025-12 (corte abr-2026),VERIFICADO_AGREGADO,1.08% del nacional (464 en 32 estados). Aparece en tabla de la página-estado.
E24-007,pagina-estado San Luis Potosí · tabla,"12,329",narcomenudeo 2025 · San Luis Potosí,BASES_NACIONALES/panorama_estatal_32.csv + BASES_NACIONALES/delitos_estatales_2015-2025/Estatal-Delitos-2015-2025_abr2026.csv,"panorama_estatal_32.csv columna [sesnsp_2025_narcomenudeo] fila clave_ent=24. Derivado de groupby(Clave_Ent, Subtipo)['_total'].sum() sobre base estatal 2015-2025 · filtros exactos: ver script _construir_panorama_v3.py",2025-12 (corte abr-2026),VERIFICADO_AGREGADO,"11.83% del nacional (104,207 en 32 estados). Aparece en tabla de la página-estado."
E24-008,pagina-estado San Luis Potosí · KPI,"9,964",violencia familiar 2025 · San Luis Potosí,BASES_NACIONALES/panorama_estatal_32.csv + BASES_NACIONALES/delitos_estatales_2015-2025/Estatal-Delitos-2015-2025_abr2026.csv,"panorama_estatal_32.csv columna [sesnsp_2025_violencia_familiar] fila clave_ent=24. Derivado de groupby(Clave_Ent, Subtipo)['_total'].sum() sobre base estatal 2015-2025 · filtros exactos: ver script _construir_panorama_v3.py",2025-12 (corte abr-2026),VERIFICADO_AGREGADO,"3.74% del nacional (266,760 en 32 estados). Aparece en KPI de la página-estado."
E24-009,pagina-estado San Luis Potosí · tabla,"11,460",robo (amplio · incluye allanamiento) 2025 · San Luis Potosí,BASES_NACIONALES/panorama_estatal_32.csv + BASES_NACIONALES/delitos_estatales_2015-2025/Estatal-Delitos-2015-2025_abr2026.csv,"panorama_estatal_32.csv columna [sesnsp_2025_robo_amplio] fila clave_ent=24. Derivado de groupby(Clave_Ent, Subtipo)['_total'].sum() sobre base estatal 2015-2025 · filtros exactos: ver script _construir_panorama_v3.py",2025-12 (corte abr-2026),VERIFICADO_AGREGADO,"2.42% del nacional (474,378 en 32 estados). Aparece en tabla de la página-estado."
E24-010,pagina-estado San Luis Potosí · tabla,"4,140",lesiones dolosas 2025 · San Luis Potosí,BASES_NACIONALES/panorama_estatal_32.csv + BASES_NACIONALES/delitos_estatales_2015-2025/Estatal-Delitos-2015-2025_abr2026.csv,"panorama_estatal_32.csv columna [sesnsp_2025_lesiones_dolosas] fila clave_ent=24. Derivado de groupby(Clave_Ent, Subtipo)['_total'].sum() sobre base estatal 2015-2025 · filtros exactos: ver script _construir_panorama_v3.py",2025-12 (corte abr-2026),VERIFICADO_AGREGADO,"2.64% del nacional (156,623 en 32 estados). Aparece en tabla de la página-estado."
E24-011,pagina-estado San Luis Potosí · tabla,689,abuso sexual 2025 · San Luis Potosí,BASES_NACIONALES/panorama_estatal_32.csv + BASES_NACIONALES/delitos_estatales_2015-2025/Estatal-Delitos-2015-2025_abr2026.csv,"panorama_estatal_32.csv columna [sesnsp_2025_abuso_sexual] fila clave_ent=24. Derivado de groupby(Clave_Ent, Subtipo)['_total'].sum() sobre base estatal 2015-2025 · filtros exactos: ver script _construir_panorama_v3.py",2025-12 (corte abr-2026),VERIFICADO_AGREGADO,"2.08% del nacional (33,050 en 32 estados). Aparece en tabla de la página-estado."
E24-012,pagina-estado San Luis Potosí · tabla,611,violación 2025 · San Luis Potosí,BASES_NACIONALES/panorama_estatal_32.csv + BASES_NACIONALES/delitos_estatales_2015-2025/Estatal-Delitos-2015-2025_abr2026.csv,"panorama_estatal_32.csv columna [sesnsp_2025_violacion] fila clave_ent=24. Derivado de groupby(Clave_Ent, Subtipo)['_total'].sum() sobre base estatal 2015-2025 · filtros exactos: ver script _construir_panorama_v3.py",2025-12 (corte abr-2026),VERIFICADO_AGREGADO,"3.01% del nacional (20,280 en 32 estados). Aparece en tabla de la página-estado."
E24-013,pagina-estado San Luis Potosí · tabla,"3,005",amenazas 2025 · San Luis Potosí,BASES_NACIONALES/panorama_estatal_32.csv + BASES_NACIONALES/delitos_estatales_2015-2025/Estatal-Delitos-2015-2025_abr2026.csv,"panorama_estatal_32.csv columna [sesnsp_2025_amenazas] fila clave_ent=24. Derivado de groupby(Clave_Ent, Subtipo)['_total'].sum() sobre base estatal 2015-2025 · filtros exactos: ver script _construir_panorama_v3.py",2025-12 (corte abr-2026),VERIFICADO_AGREGADO,"2.16% del nacional (138,874 en 32 estados). Aparece en tabla de la página-estado."
E24-014,pagina-estado San Luis Potosí · gráfico serie HD,241/306/451/457/453/621/614/547/433/377/185,Serie homicidio doloso 2015-2025 · San Luis Potosí,BASES_NACIONALES/panorama_estatal_32.csv + BASES_NACIONALES/delitos_estatales_2015-2025/Estatal-Delitos-2015-2025_abr2026.csv,panorama_estatal_32.csv columnas serie_hd_2015..serie_hd_2025 fila clave_ent=24. base estatal única corte abr-2026 (11 años).,2025-12 (corte abr-2026),VERIFICADO_AGREGADO,Min: 185 · Max: 621 · Var %: -70.2% del pico
E24-015,pagina-estado San Luis Potosí · ranking nacional,#11 de 32,Ranking nacional total carpetas 2025 · San Luis Potosí,BASES_NACIONALES/panorama_estatal_32.csv + BASES_NACIONALES/delitos_estatales_2015-2025/Estatal-Delitos-2015-2025_abr2026.csv,panorama_estatal_32.csv columna [sesnsp_2025_total].rank(ascending=False) → posición de clave_ent=24,2025-12 (corte abr-2026),VERIFICADO_AGREGADO,1 = mayor incidencia · 32 = menor
E24-016,pagina-estado San Luis Potosí · ranking nacional,#22 de 32,Ranking nacional homicidio doloso 2025 · San Luis Potosí,BASES_NACIONALES/panorama_estatal_32.csv + BASES_NACIONALES/delitos_estatales_2015-2025/Estatal-Delitos-2015-2025_abr2026.csv,panorama_estatal_32.csv columna [sesnsp_2025_hd].rank(ascending=False) → posición de clave_ent=24,2025-12 (corte abr-2026),VERIFICADO_AGREGADO,1 = mayor incidencia · 32 = menor
E24-017,pagina-estado San Luis Potosí · ranking nacional,#14 de 32,Ranking nacional extorsión 2025 · San Luis Potosí,BASES_NACIONALES/panorama_estatal_32.csv + BASES_NACIONALES/delitos_estatales_2015-2025/Estatal-Delitos-2015-2025_abr2026.csv,panorama_estatal_32.csv columna [sesnsp_2025_extorsion].rank(ascending=False) → posición de clave_ent=24,2025-12 (corte abr-2026),VERIFICADO_AGREGADO,1 = mayor incidencia · 32 = menor
E24-018,pagina-estado San Luis Potosí · ranking nacional,#26 de 32,Ranking nacional feminicidio 2025 · San Luis Potosí,BASES_NACIONALES/panorama_estatal_32.csv + BASES_NACIONALES/delitos_estatales_2015-2025/Estatal-Delitos-2015-2025_abr2026.csv,panorama_estatal_32.csv columna [sesnsp_2025_feminicidio].rank(ascending=False) → posición de clave_ent=24,2025-12 (corte abr-2026),VERIFICADO_AGREGADO,1 = mayor incidencia · 32 = menor
E24-019,pagina-estado San Luis Potosí · ranking nacional,#11 de 32,Ranking nacional violencia familiar 2025 · San Luis Potosí,BASES_NACIONALES/panorama_estatal_32.csv + BASES_NACIONALES/delitos_estatales_2015-2025/Estatal-Delitos-2015-2025_abr2026.csv,panorama_estatal_32.csv columna [sesnsp_2025_violencia_familiar].rank(ascending=False) → posición de clave_ent=24,2025-12 (corte abr-2026),VERIFICADO_AGREGADO,1 = mayor incidencia · 32 = menor
E24-020,pagina-estado San Luis Potosí · panel RNPDNO,"1,282",RNPDNO desaparecidos activos · San Luis Potosí · al 3-jun-2026,BASES_NACIONALES/panorama_estatal_32.csv + EXCEL - SEGURIDAD MORELOS/NUEVOS REPORTES DESAPARICIONES/activos_por_entidad.csv,panorama_estatal_32.csv columna [rnpdno_desaparecidos] fila clave_ent=24. Mapeo nombre INEGI → alias RNPDNO. Fuente primaria: dashboard oficial post-reforma RNPDNO.,2026-06-03,VERIFICADO_AGREGADO,
E24-021,pagina-estado San Luis Potosí · panel RNPDNO,50,RNPDNO no localizados · San Luis Potosí · al 3-jun-2026,BASES_NACIONALES/panorama_estatal_32.csv + EXCEL - SEGURIDAD MORELOS/NUEVOS REPORTES DESAPARICIONES/activos_por_entidad.csv,panorama_estatal_32.csv columna [rnpdno_no_localizados] fila clave_ent=24. Mapeo nombre INEGI → alias RNPDNO. Fuente primaria: dashboard oficial post-reforma RNPDNO.,2026-06-03,VERIFICADO_AGREGADO,
E24-022,pagina-estado San Luis Potosí · panel RNPDNO,"3,854",RNPDNO localizados con vida · San Luis Potosí · al 3-jun-2026,BASES_NACIONALES/panorama_estatal_32.csv + EXCEL - SEGURIDAD MORELOS/NUEVOS REPORTES DESAPARICIONES/activos_por_entidad.csv,panorama_estatal_32.csv columna [rnpdno_loc_con_vida] fila clave_ent=24. Mapeo nombre INEGI → alias RNPDNO. Fuente primaria: dashboard oficial post-reforma RNPDNO.,2026-06-03,VERIFICADO_AGREGADO,
E24-023,pagina-estado San Luis Potosí · panel RNPDNO,240,RNPDNO localizados sin vida · San Luis Potosí · al 3-jun-2026,BASES_NACIONALES/panorama_estatal_32.csv + EXCEL - SEGURIDAD MORELOS/NUEVOS REPORTES DESAPARICIONES/activos_por_entidad.csv,panorama_estatal_32.csv columna [rnpdno_loc_sin_vida] fila clave_ent=24. Mapeo nombre INEGI → alias RNPDNO. Fuente primaria: dashboard oficial post-reforma RNPDNO.,2026-06-03,VERIFICADO_AGREGADO,
E24-024,pagina-estado San Luis Potosí · panel RNPDNO,"1,332",RNPDNO activos totales (desap + no loc) · San Luis Potosí · al 3-jun-2026,BASES_NACIONALES/panorama_estatal_32.csv + EXCEL - SEGURIDAD MORELOS/NUEVOS REPORTES DESAPARICIONES/activos_por_entidad.csv,panorama_estatal_32.csv columna [rnpdno_activos_total] fila clave_ent=24. Mapeo nombre INEGI → alias RNPDNO. Fuente primaria: dashboard oficial post-reforma RNPDNO.,2026-06-03,VERIFICADO_AGREGADO,0.99% del nacional
E24-025,pagina-estado San Luis Potosí · ranking nacional RNPDNO,#24 de 32,Ranking nacional desaparecidos activos · San Luis Potosí,BASES_NACIONALES/panorama_estatal_32.csv + EXCEL - SEGURIDAD MORELOS/NUEVOS REPORTES DESAPARICIONES/activos_por_entidad.csv,panorama_estatal_32.csv columna [rnpdno_activos_total].rank(ascending=False) → posición clave_ent=24,2026-06-03,VERIFICADO_AGREGADO,1 = mayor número de activos · 32 = menor
E24-026,pagina-estado San Luis Potosí · KPI 2026 parcial,"19,105",Carpetas SESNSP 2026 parcial (ene-abr) · San Luis Potosí,BASES_NACIONALES/panorama_estatal_32.csv + BASES_NACIONALES/delitos_estatales_RNID_2026/RNID-Delitos_Estatal-2026-abr2026.csv,panorama_estatal_32.csv columna [sesnsp_2026_parcial_total] fila clave_ent=24. RNID estatal 2026 corte abr-2026 · sum(Enero..Abril) por Clave_Ent · CON desglose por subtipo,2026-04 (corte abr-2026),VERIFICADO_AGREGADO,"2.93% del nacional T1 (652,342). Ritmo anualizado ×3 = 57,315 → -4.6% vs total 2025. Con desglose completo por subtipo (RNID estatal)."
E24-027,pagina-estado San Luis Potosí · denominador tasas,"2,979,775",Población a mitad de año 2025 · San Luis Potosí,BASES_NACIONALES/panorama_estatal_32.csv + BASES_NACIONALES/poblacion_estatal_conapo.csv (CONAPO pry23 · conapo.segob.gob.mx),"CONAPO pry23 00_Pob_Mitad_1950_2070.csv · sum(POBLACION) WHERE ANIO=2025 AND CVE_GEO=24 (todas edades y sexos). Validado: suma 32 entidades == nacional CVE_GEO=0 (133,367,428 · diff 0)",2025 (proyección pry23),VERIFICADO_AGREGADO,Denominador oficial para todas las tasas /100K del estado
E24-028,pagina-estado San Luis Potosí · KPI tasa,6.21,tasa homicidio doloso por 100K hab 2025 · San Luis Potosí,BASES_NACIONALES/panorama_estatal_32.csv + BASES_NACIONALES/poblacion_estatal_conapo.csv (CONAPO pry23 · conapo.segob.gob.mx),"panorama [sesnsp_2025_hd] (185) / poblacion_2025 (2,979,775) × 100,000 = 6.21",2024,VERIFICADO_AGREGADO,Ranking nacional por tasa: #25 de 32 (1 = mayor tasa)
E24-029,pagina-estado San Luis Potosí · KPI tasa,0.235,"tasa feminicidio por 100K hab 2025 (poblacion total, declarado) · San Luis Potosí",BASES_NACIONALES/panorama_estatal_32.csv + BASES_NACIONALES/poblacion_estatal_conapo.csv (CONAPO pry23 · conapo.segob.gob.mx),"panorama [sesnsp_2025_feminicidio] (7) / poblacion_2025 (2,979,775) × 100,000 = 0.235",2024,VERIFICADO_AGREGADO,Ranking nacional por tasa: #31 de 32 (1 = mayor tasa)
E24-030,pagina-estado San Luis Potosí · KPI tasa,2015.6,tasa total carpetas por 100K hab 2025 · San Luis Potosí,BASES_NACIONALES/panorama_estatal_32.csv + BASES_NACIONALES/poblacion_estatal_conapo.csv (CONAPO pry23 · conapo.segob.gob.mx),"panorama [sesnsp_2025_total] (60,059) / poblacion_2025 (2,979,775) × 100,000 = 2015.6",2024,VERIFICADO_AGREGADO,Ranking nacional por tasa: #11 de 32 (1 = mayor tasa)
E24-031,pagina-estado San Luis Potosí · KPI tasa,44.7,tasa desaparecidos activos por 100K hab · San Luis Potosí,BASES_NACIONALES/panorama_estatal_32.csv + BASES_NACIONALES/poblacion_estatal_conapo.csv (CONAPO pry23 · conapo.segob.gob.mx),"panorama [rnpdno_activos_total] (1,332) / poblacion_2025 (2,979,775) × 100,000 = 44.7",2024,VERIFICADO_AGREGADO,Ranking nacional por tasa: #24 de 32 (1 = mayor tasa)
E24-032,pagina-estado San Luis Potosí · KPI tasa,0.168,tasa secuestro por 100K hab 2025 · San Luis Potosí,BASES_NACIONALES/panorama_estatal_32.csv + BASES_NACIONALES/poblacion_estatal_conapo.csv (CONAPO pry23 · conapo.segob.gob.mx),"panorama [sesnsp_2025_secuestro] (5) / poblacion_2025 (2,979,775) × 100,000 = 0.168",2024,VERIFICADO_AGREGADO,Ranking nacional por tasa: #22 de 32 (1 = mayor tasa)
E24-033,pagina-estado San Luis Potosí · KPI tasa,334.4,tasa violencia familiar por 100K hab 2025 · San Luis Potosí,BASES_NACIONALES/panorama_estatal_32.csv + BASES_NACIONALES/poblacion_estatal_conapo.csv (CONAPO pry23 · conapo.segob.gob.mx),"panorama [sesnsp_2025_violencia_familiar] (9,964) / poblacion_2025 (2,979,775) × 100,000 = 334.4",2024,VERIFICADO_AGREGADO,Ranking nacional por tasa: #8 de 32 (1 = mayor tasa)
E24-034,pagina-estado San Luis Potosí · KPI tasa,20.5,tasa violacion (simple+equiparada) por 100K hab 2025 · San Luis Potosí,BASES_NACIONALES/panorama_estatal_32.csv + BASES_NACIONALES/poblacion_estatal_conapo.csv (CONAPO pry23 · conapo.segob.gob.mx),"panorama [sesnsp_2025_violacion] (611) / poblacion_2025 (2,979,775) × 100,000 = 20.5",2024,VERIFICADO_AGREGADO,Ranking nacional por tasa: #13 de 32 (1 = mayor tasa)
E25-001,pagina-estado Sinaloa · KPI,"39,003",total carpetas SESNSP 2025 · Sinaloa,BASES_NACIONALES/panorama_estatal_32.csv + BASES_NACIONALES/delitos_estatales_2015-2025/Estatal-Delitos-2015-2025_abr2026.csv,"panorama_estatal_32.csv columna [sesnsp_2025_total] fila clave_ent=25. Derivado de groupby(Clave_Ent, Subtipo)['_total'].sum() sobre base estatal 2015-2025 · filtros exactos: ver script _construir_panorama_v3.py",2025-12 (corte abr-2026),VERIFICADO_AGREGADO,"1.93% del nacional (2,016,723 en 32 estados). Aparece en KPI de la página-estado."
E25-002,pagina-estado Sinaloa · KPI,"1,355",homicidio doloso 2025 · Sinaloa,BASES_NACIONALES/panorama_estatal_32.csv + BASES_NACIONALES/delitos_estatales_2015-2025/Estatal-Delitos-2015-2025_abr2026.csv,"panorama_estatal_32.csv columna [sesnsp_2025_hd] fila clave_ent=25. Derivado de groupby(Clave_Ent, Subtipo)['_total'].sum() sobre base estatal 2015-2025 · filtros exactos: ver script _construir_panorama_v3.py",2025-12 (corte abr-2026),VERIFICADO_AGREGADO,"6.78% del nacional (19,987 en 32 estados). Aparece en KPI de la página-estado."
E25-003,pagina-estado Sinaloa · tabla,581,homicidio culposo 2025 · Sinaloa,BASES_NACIONALES/panorama_estatal_32.csv + BASES_NACIONALES/delitos_estatales_2015-2025/Estatal-Delitos-2015-2025_abr2026.csv,"panorama_estatal_32.csv columna [sesnsp_2025_hc] fila clave_ent=25. Derivado de groupby(Clave_Ent, Subtipo)['_total'].sum() sobre base estatal 2015-2025 · filtros exactos: ver script _construir_panorama_v3.py",2025-12 (corte abr-2026),VERIFICADO_AGREGADO,"3.43% del nacional (16,945 en 32 estados). Aparece en tabla de la página-estado."
E25-004,pagina-estado Sinaloa · KPI,69,feminicidio 2025 · Sinaloa,BASES_NACIONALES/panorama_estatal_32.csv + BASES_NACIONALES/delitos_estatales_2015-2025/Estatal-Delitos-2015-2025_abr2026.csv,"panorama_estatal_32.csv columna [sesnsp_2025_feminicidio] fila clave_ent=25. Derivado de groupby(Clave_Ent, Subtipo)['_total'].sum() sobre base estatal 2015-2025 · filtros exactos: ver script _construir_panorama_v3.py",2025-12 (corte abr-2026),VERIFICADO_AGREGADO,9.70% del nacional (711 en 32 estados). Aparece en KPI de la página-estado.
E25-005,pagina-estado Sinaloa · KPI,104,extorsión 2025 · Sinaloa,BASES_NACIONALES/panorama_estatal_32.csv + BASES_NACIONALES/delitos_estatales_2015-2025/Estatal-Delitos-2015-2025_abr2026.csv,"panorama_estatal_32.csv columna [sesnsp_2025_extorsion] fila clave_ent=25. Derivado de groupby(Clave_Ent, Subtipo)['_total'].sum() sobre base estatal 2015-2025 · filtros exactos: ver script _construir_panorama_v3.py",2025-12 (corte abr-2026),VERIFICADO_AGREGADO,"0.99% del nacional (10,507 en 32 estados). Aparece en KPI de la página-estado."
E25-006,pagina-estado Sinaloa · tabla,11,secuestro 2025 · Sinaloa,BASES_NACIONALES/panorama_estatal_32.csv + BASES_NACIONALES/delitos_estatales_2015-2025/Estatal-Delitos-2015-2025_abr2026.csv,"panorama_estatal_32.csv columna [sesnsp_2025_secuestro] fila clave_ent=25. Derivado de groupby(Clave_Ent, Subtipo)['_total'].sum() sobre base estatal 2015-2025 · filtros exactos: ver script _construir_panorama_v3.py",2025-12 (corte abr-2026),VERIFICADO_AGREGADO,2.37% del nacional (464 en 32 estados). Aparece en tabla de la página-estado.
E25-007,pagina-estado Sinaloa · tabla,375,narcomenudeo 2025 · Sinaloa,BASES_NACIONALES/panorama_estatal_32.csv + BASES_NACIONALES/delitos_estatales_2015-2025/Estatal-Delitos-2015-2025_abr2026.csv,"panorama_estatal_32.csv columna [sesnsp_2025_narcomenudeo] fila clave_ent=25. Derivado de groupby(Clave_Ent, Subtipo)['_total'].sum() sobre base estatal 2015-2025 · filtros exactos: ver script _construir_panorama_v3.py",2025-12 (corte abr-2026),VERIFICADO_AGREGADO,"0.36% del nacional (104,207 en 32 estados). Aparece en tabla de la página-estado."
E25-008,pagina-estado Sinaloa · KPI,"6,793",violencia familiar 2025 · Sinaloa,BASES_NACIONALES/panorama_estatal_32.csv + BASES_NACIONALES/delitos_estatales_2015-2025/Estatal-Delitos-2015-2025_abr2026.csv,"panorama_estatal_32.csv columna [sesnsp_2025_violencia_familiar] fila clave_ent=25. Derivado de groupby(Clave_Ent, Subtipo)['_total'].sum() sobre base estatal 2015-2025 · filtros exactos: ver script _construir_panorama_v3.py",2025-12 (corte abr-2026),VERIFICADO_AGREGADO,"2.55% del nacional (266,760 en 32 estados). Aparece en KPI de la página-estado."
E25-009,pagina-estado Sinaloa · tabla,"11,623",robo (amplio · incluye allanamiento) 2025 · Sinaloa,BASES_NACIONALES/panorama_estatal_32.csv + BASES_NACIONALES/delitos_estatales_2015-2025/Estatal-Delitos-2015-2025_abr2026.csv,"panorama_estatal_32.csv columna [sesnsp_2025_robo_amplio] fila clave_ent=25. Derivado de groupby(Clave_Ent, Subtipo)['_total'].sum() sobre base estatal 2015-2025 · filtros exactos: ver script _construir_panorama_v3.py",2025-12 (corte abr-2026),VERIFICADO_AGREGADO,"2.45% del nacional (474,378 en 32 estados). Aparece en tabla de la página-estado."
E25-010,pagina-estado Sinaloa · tabla,"3,613",lesiones dolosas 2025 · Sinaloa,BASES_NACIONALES/panorama_estatal_32.csv + BASES_NACIONALES/delitos_estatales_2015-2025/Estatal-Delitos-2015-2025_abr2026.csv,"panorama_estatal_32.csv columna [sesnsp_2025_lesiones_dolosas] fila clave_ent=25. Derivado de groupby(Clave_Ent, Subtipo)['_total'].sum() sobre base estatal 2015-2025 · filtros exactos: ver script _construir_panorama_v3.py",2025-12 (corte abr-2026),VERIFICADO_AGREGADO,"2.31% del nacional (156,623 en 32 estados). Aparece en tabla de la página-estado."
E25-011,pagina-estado Sinaloa · tabla,491,abuso sexual 2025 · Sinaloa,BASES_NACIONALES/panorama_estatal_32.csv + BASES_NACIONALES/delitos_estatales_2015-2025/Estatal-Delitos-2015-2025_abr2026.csv,"panorama_estatal_32.csv columna [sesnsp_2025_abuso_sexual] fila clave_ent=25. Derivado de groupby(Clave_Ent, Subtipo)['_total'].sum() sobre base estatal 2015-2025 · filtros exactos: ver script _construir_panorama_v3.py",2025-12 (corte abr-2026),VERIFICADO_AGREGADO,"1.49% del nacional (33,050 en 32 estados). Aparece en tabla de la página-estado."
E25-012,pagina-estado Sinaloa · tabla,369,violación 2025 · Sinaloa,BASES_NACIONALES/panorama_estatal_32.csv + BASES_NACIONALES/delitos_estatales_2015-2025/Estatal-Delitos-2015-2025_abr2026.csv,"panorama_estatal_32.csv columna [sesnsp_2025_violacion] fila clave_ent=25. Derivado de groupby(Clave_Ent, Subtipo)['_total'].sum() sobre base estatal 2015-2025 · filtros exactos: ver script _construir_panorama_v3.py",2025-12 (corte abr-2026),VERIFICADO_AGREGADO,"1.82% del nacional (20,280 en 32 estados). Aparece en tabla de la página-estado."
E25-013,pagina-estado Sinaloa · tabla,"2,462",amenazas 2025 · Sinaloa,BASES_NACIONALES/panorama_estatal_32.csv + BASES_NACIONALES/delitos_estatales_2015-2025/Estatal-Delitos-2015-2025_abr2026.csv,"panorama_estatal_32.csv columna [sesnsp_2025_amenazas] fila clave_ent=25. Derivado de groupby(Clave_Ent, Subtipo)['_total'].sum() sobre base estatal 2015-2025 · filtros exactos: ver script _construir_panorama_v3.py",2025-12 (corte abr-2026),VERIFICADO_AGREGADO,"1.77% del nacional (138,874 en 32 estados). Aparece en tabla de la página-estado."
E25-014,pagina-estado Sinaloa · gráfico serie HD,841/922/1250/963/822/700/556/435/492/805/1355,Serie homicidio doloso 2015-2025 · Sinaloa,BASES_NACIONALES/panorama_estatal_32.csv + BASES_NACIONALES/delitos_estatales_2015-2025/Estatal-Delitos-2015-2025_abr2026.csv,panorama_estatal_32.csv columnas serie_hd_2015..serie_hd_2025 fila clave_ent=25. base estatal única corte abr-2026 (11 años).,2025-12 (corte abr-2026),VERIFICADO_AGREGADO,Min: 435 · Max: 1355 · Var %: 0.0% del pico
E25-015,pagina-estado Sinaloa · ranking nacional,#20 de 32,Ranking nacional total carpetas 2025 · Sinaloa,BASES_NACIONALES/panorama_estatal_32.csv + BASES_NACIONALES/delitos_estatales_2015-2025/Estatal-Delitos-2015-2025_abr2026.csv,panorama_estatal_32.csv columna [sesnsp_2025_total].rank(ascending=False) → posición de clave_ent=25,2025-12 (corte abr-2026),VERIFICADO_AGREGADO,1 = mayor incidencia · 32 = menor
E25-016,pagina-estado Sinaloa · ranking nacional,#4 de 32,Ranking nacional homicidio doloso 2025 · Sinaloa,BASES_NACIONALES/panorama_estatal_32.csv + BASES_NACIONALES/delitos_estatales_2015-2025/Estatal-Delitos-2015-2025_abr2026.csv,panorama_estatal_32.csv columna [sesnsp_2025_hd].rank(ascending=False) → posición de clave_ent=25,2025-12 (corte abr-2026),VERIFICADO_AGREGADO,1 = mayor incidencia · 32 = menor
E25-017,pagina-estado Sinaloa · ranking nacional,#19 de 32,Ranking nacional extorsión 2025 · Sinaloa,BASES_NACIONALES/panorama_estatal_32.csv + BASES_NACIONALES/delitos_estatales_2015-2025/Estatal-Delitos-2015-2025_abr2026.csv,panorama_estatal_32.csv columna [sesnsp_2025_extorsion].rank(ascending=False) → posición de clave_ent=25,2025-12 (corte abr-2026),VERIFICADO_AGREGADO,1 = mayor incidencia · 32 = menor
E25-018,pagina-estado Sinaloa · ranking nacional,#1 de 32,Ranking nacional feminicidio 2025 · Sinaloa,BASES_NACIONALES/panorama_estatal_32.csv + BASES_NACIONALES/delitos_estatales_2015-2025/Estatal-Delitos-2015-2025_abr2026.csv,panorama_estatal_32.csv columna [sesnsp_2025_feminicidio].rank(ascending=False) → posición de clave_ent=25,2025-12 (corte abr-2026),VERIFICADO_AGREGADO,1 = mayor incidencia · 32 = menor
E25-019,pagina-estado Sinaloa · ranking nacional,#16 de 32,Ranking nacional violencia familiar 2025 · Sinaloa,BASES_NACIONALES/panorama_estatal_32.csv + BASES_NACIONALES/delitos_estatales_2015-2025/Estatal-Delitos-2015-2025_abr2026.csv,panorama_estatal_32.csv columna [sesnsp_2025_violencia_familiar].rank(ascending=False) → posición de clave_ent=25,2025-12 (corte abr-2026),VERIFICADO_AGREGADO,1 = mayor incidencia · 32 = menor
E25-020,pagina-estado Sinaloa · panel RNPDNO,"6,694",RNPDNO desaparecidos activos · Sinaloa · al 3-jun-2026,BASES_NACIONALES/panorama_estatal_32.csv + EXCEL - SEGURIDAD MORELOS/NUEVOS REPORTES DESAPARICIONES/activos_por_entidad.csv,panorama_estatal_32.csv columna [rnpdno_desaparecidos] fila clave_ent=25. Mapeo nombre INEGI → alias RNPDNO. Fuente primaria: dashboard oficial post-reforma RNPDNO.,2026-06-03,VERIFICADO_AGREGADO,
E25-021,pagina-estado Sinaloa · panel RNPDNO,572,RNPDNO no localizados · Sinaloa · al 3-jun-2026,BASES_NACIONALES/panorama_estatal_32.csv + EXCEL - SEGURIDAD MORELOS/NUEVOS REPORTES DESAPARICIONES/activos_por_entidad.csv,panorama_estatal_32.csv columna [rnpdno_no_localizados] fila clave_ent=25. Mapeo nombre INEGI → alias RNPDNO. Fuente primaria: dashboard oficial post-reforma RNPDNO.,2026-06-03,VERIFICADO_AGREGADO,
E25-022,pagina-estado Sinaloa · panel RNPDNO,"7,693",RNPDNO localizados con vida · Sinaloa · al 3-jun-2026,BASES_NACIONALES/panorama_estatal_32.csv + EXCEL - SEGURIDAD MORELOS/NUEVOS REPORTES DESAPARICIONES/activos_por_entidad.csv,panorama_estatal_32.csv columna [rnpdno_loc_con_vida] fila clave_ent=25. Mapeo nombre INEGI → alias RNPDNO. Fuente primaria: dashboard oficial post-reforma RNPDNO.,2026-06-03,VERIFICADO_AGREGADO,
E25-023,pagina-estado Sinaloa · panel RNPDNO,"1,772",RNPDNO localizados sin vida · Sinaloa · al 3-jun-2026,BASES_NACIONALES/panorama_estatal_32.csv + EXCEL - SEGURIDAD MORELOS/NUEVOS REPORTES DESAPARICIONES/activos_por_entidad.csv,panorama_estatal_32.csv columna [rnpdno_loc_sin_vida] fila clave_ent=25. Mapeo nombre INEGI → alias RNPDNO. Fuente primaria: dashboard oficial post-reforma RNPDNO.,2026-06-03,VERIFICADO_AGREGADO,
E25-024,pagina-estado Sinaloa · panel RNPDNO,"7,266",RNPDNO activos totales (desap + no loc) · Sinaloa · al 3-jun-2026,BASES_NACIONALES/panorama_estatal_32.csv + EXCEL - SEGURIDAD MORELOS/NUEVOS REPORTES DESAPARICIONES/activos_por_entidad.csv,panorama_estatal_32.csv columna [rnpdno_activos_total] fila clave_ent=25. Mapeo nombre INEGI → alias RNPDNO. Fuente primaria: dashboard oficial post-reforma RNPDNO.,2026-06-03,VERIFICADO_AGREGADO,5.43% del nacional
E25-025,pagina-estado Sinaloa · ranking nacional RNPDNO,#6 de 32,Ranking nacional desaparecidos activos · Sinaloa,BASES_NACIONALES/panorama_estatal_32.csv + EXCEL - SEGURIDAD MORELOS/NUEVOS REPORTES DESAPARICIONES/activos_por_entidad.csv,panorama_estatal_32.csv columna [rnpdno_activos_total].rank(ascending=False) → posición clave_ent=25,2026-06-03,VERIFICADO_AGREGADO,1 = mayor número de activos · 32 = menor
E25-026,pagina-estado Sinaloa · KPI 2026 parcial,"13,053",Carpetas SESNSP 2026 parcial (ene-abr) · Sinaloa,BASES_NACIONALES/panorama_estatal_32.csv + BASES_NACIONALES/delitos_estatales_RNID_2026/RNID-Delitos_Estatal-2026-abr2026.csv,panorama_estatal_32.csv columna [sesnsp_2026_parcial_total] fila clave_ent=25. RNID estatal 2026 corte abr-2026 · sum(Enero..Abril) por Clave_Ent · CON desglose por subtipo,2026-04 (corte abr-2026),VERIFICADO_AGREGADO,"2.00% del nacional T1 (652,342). Ritmo anualizado ×3 = 39,159 → +0.4% vs total 2025. Con desglose completo por subtipo (RNID estatal)."
E25-027,pagina-estado Sinaloa · denominador tasas,"3,187,466",Población a mitad de año 2025 · Sinaloa,BASES_NACIONALES/panorama_estatal_32.csv + BASES_NACIONALES/poblacion_estatal_conapo.csv (CONAPO pry23 · conapo.segob.gob.mx),"CONAPO pry23 00_Pob_Mitad_1950_2070.csv · sum(POBLACION) WHERE ANIO=2025 AND CVE_GEO=25 (todas edades y sexos). Validado: suma 32 entidades == nacional CVE_GEO=0 (133,367,428 · diff 0)",2025 (proyección pry23),VERIFICADO_AGREGADO,Denominador oficial para todas las tasas /100K del estado
E25-028,pagina-estado Sinaloa · KPI tasa,42.51,tasa homicidio doloso por 100K hab 2025 · Sinaloa,BASES_NACIONALES/panorama_estatal_32.csv + BASES_NACIONALES/poblacion_estatal_conapo.csv (CONAPO pry23 · conapo.segob.gob.mx),"panorama [sesnsp_2025_hd] (1,355) / poblacion_2025 (3,187,466) × 100,000 = 42.51",2024,VERIFICADO_AGREGADO,Ranking nacional por tasa: #3 de 32 (1 = mayor tasa)
E25-029,pagina-estado Sinaloa · KPI tasa,2.165,"tasa feminicidio por 100K hab 2025 (poblacion total, declarado) · Sinaloa",BASES_NACIONALES/panorama_estatal_32.csv + BASES_NACIONALES/poblacion_estatal_conapo.csv (CONAPO pry23 · conapo.segob.gob.mx),"panorama [sesnsp_2025_feminicidio] (69) / poblacion_2025 (3,187,466) × 100,000 = 2.165",2024,VERIFICADO_AGREGADO,Ranking nacional por tasa: #1 de 32 (1 = mayor tasa)
E25-030,pagina-estado Sinaloa · KPI tasa,1223.6,tasa total carpetas por 100K hab 2025 · Sinaloa,BASES_NACIONALES/panorama_estatal_32.csv + BASES_NACIONALES/poblacion_estatal_conapo.csv (CONAPO pry23 · conapo.segob.gob.mx),"panorama [sesnsp_2025_total] (39,003) / poblacion_2025 (3,187,466) × 100,000 = 1223.6",2024,VERIFICADO_AGREGADO,Ranking nacional por tasa: #18 de 32 (1 = mayor tasa)
E25-031,pagina-estado Sinaloa · KPI tasa,228.0,tasa desaparecidos activos por 100K hab · Sinaloa,BASES_NACIONALES/panorama_estatal_32.csv + BASES_NACIONALES/poblacion_estatal_conapo.csv (CONAPO pry23 · conapo.segob.gob.mx),"panorama [rnpdno_activos_total] (7,266) / poblacion_2025 (3,187,466) × 100,000 = 228.0",2024,VERIFICADO_AGREGADO,Ranking nacional por tasa: #3 de 32 (1 = mayor tasa)
E25-032,pagina-estado Sinaloa · KPI tasa,0.345,tasa secuestro por 100K hab 2025 · Sinaloa,BASES_NACIONALES/panorama_estatal_32.csv + BASES_NACIONALES/poblacion_estatal_conapo.csv (CONAPO pry23 · conapo.segob.gob.mx),"panorama [sesnsp_2025_secuestro] (11) / poblacion_2025 (3,187,466) × 100,000 = 0.345",2024,VERIFICADO_AGREGADO,Ranking nacional por tasa: #11 de 32 (1 = mayor tasa)
E25-033,pagina-estado Sinaloa · KPI tasa,213.1,tasa violencia familiar por 100K hab 2025 · Sinaloa,BASES_NACIONALES/panorama_estatal_32.csv + BASES_NACIONALES/poblacion_estatal_conapo.csv (CONAPO pry23 · conapo.segob.gob.mx),"panorama [sesnsp_2025_violencia_familiar] (6,793) / poblacion_2025 (3,187,466) × 100,000 = 213.1",2024,VERIFICADO_AGREGADO,Ranking nacional por tasa: #16 de 32 (1 = mayor tasa)
E25-034,pagina-estado Sinaloa · KPI tasa,11.58,tasa violacion (simple+equiparada) por 100K hab 2025 · Sinaloa,BASES_NACIONALES/panorama_estatal_32.csv + BASES_NACIONALES/poblacion_estatal_conapo.csv (CONAPO pry23 · conapo.segob.gob.mx),"panorama [sesnsp_2025_violacion] (369) / poblacion_2025 (3,187,466) × 100,000 = 11.58",2024,VERIFICADO_AGREGADO,Ranking nacional por tasa: #22 de 32 (1 = mayor tasa)
E26-001,pagina-estado Sonora · KPI,"33,081",total carpetas SESNSP 2025 · Sonora,BASES_NACIONALES/panorama_estatal_32.csv + BASES_NACIONALES/delitos_estatales_2015-2025/Estatal-Delitos-2015-2025_abr2026.csv,"panorama_estatal_32.csv columna [sesnsp_2025_total] fila clave_ent=26. Derivado de groupby(Clave_Ent, Subtipo)['_total'].sum() sobre base estatal 2015-2025 · filtros exactos: ver script _construir_panorama_v3.py",2025-12 (corte abr-2026),VERIFICADO_AGREGADO,"1.64% del nacional (2,016,723 en 32 estados). Aparece en KPI de la página-estado."
E26-002,pagina-estado Sonora · KPI,"1,005",homicidio doloso 2025 · Sonora,BASES_NACIONALES/panorama_estatal_32.csv + BASES_NACIONALES/delitos_estatales_2015-2025/Estatal-Delitos-2015-2025_abr2026.csv,"panorama_estatal_32.csv columna [sesnsp_2025_hd] fila clave_ent=26. Derivado de groupby(Clave_Ent, Subtipo)['_total'].sum() sobre base estatal 2015-2025 · filtros exactos: ver script _construir_panorama_v3.py",2025-12 (corte abr-2026),VERIFICADO_AGREGADO,"5.03% del nacional (19,987 en 32 estados). Aparece en KPI de la página-estado."
E26-003,pagina-estado Sonora · tabla,194,homicidio culposo 2025 · Sonora,BASES_NACIONALES/panorama_estatal_32.csv + BASES_NACIONALES/delitos_estatales_2015-2025/Estatal-Delitos-2015-2025_abr2026.csv,"panorama_estatal_32.csv columna [sesnsp_2025_hc] fila clave_ent=26. Derivado de groupby(Clave_Ent, Subtipo)['_total'].sum() sobre base estatal 2015-2025 · filtros exactos: ver script _construir_panorama_v3.py",2025-12 (corte abr-2026),VERIFICADO_AGREGADO,"1.14% del nacional (16,945 en 32 estados). Aparece en tabla de la página-estado."
E26-004,pagina-estado Sonora · KPI,24,feminicidio 2025 · Sonora,BASES_NACIONALES/panorama_estatal_32.csv + BASES_NACIONALES/delitos_estatales_2015-2025/Estatal-Delitos-2015-2025_abr2026.csv,"panorama_estatal_32.csv columna [sesnsp_2025_feminicidio] fila clave_ent=26. Derivado de groupby(Clave_Ent, Subtipo)['_total'].sum() sobre base estatal 2015-2025 · filtros exactos: ver script _construir_panorama_v3.py",2025-12 (corte abr-2026),VERIFICADO_AGREGADO,3.38% del nacional (711 en 32 estados). Aparece en KPI de la página-estado.
E26-005,pagina-estado Sonora · KPI,65,extorsión 2025 · Sonora,BASES_NACIONALES/panorama_estatal_32.csv + BASES_NACIONALES/delitos_estatales_2015-2025/Estatal-Delitos-2015-2025_abr2026.csv,"panorama_estatal_32.csv columna [sesnsp_2025_extorsion] fila clave_ent=26. Derivado de groupby(Clave_Ent, Subtipo)['_total'].sum() sobre base estatal 2015-2025 · filtros exactos: ver script _construir_panorama_v3.py",2025-12 (corte abr-2026),VERIFICADO_AGREGADO,"0.62% del nacional (10,507 en 32 estados). Aparece en KPI de la página-estado."
E26-006,pagina-estado Sonora · tabla,37,secuestro 2025 · Sonora,BASES_NACIONALES/panorama_estatal_32.csv + BASES_NACIONALES/delitos_estatales_2015-2025/Estatal-Delitos-2015-2025_abr2026.csv,"panorama_estatal_32.csv columna [sesnsp_2025_secuestro] fila clave_ent=26. Derivado de groupby(Clave_Ent, Subtipo)['_total'].sum() sobre base estatal 2015-2025 · filtros exactos: ver script _construir_panorama_v3.py",2025-12 (corte abr-2026),VERIFICADO_AGREGADO,7.97% del nacional (464 en 32 estados). Aparece en tabla de la página-estado.
E26-007,pagina-estado Sonora · tabla,"5,233",narcomenudeo 2025 · Sonora,BASES_NACIONALES/panorama_estatal_32.csv + BASES_NACIONALES/delitos_estatales_2015-2025/Estatal-Delitos-2015-2025_abr2026.csv,"panorama_estatal_32.csv columna [sesnsp_2025_narcomenudeo] fila clave_ent=26. Derivado de groupby(Clave_Ent, Subtipo)['_total'].sum() sobre base estatal 2015-2025 · filtros exactos: ver script _construir_panorama_v3.py",2025-12 (corte abr-2026),VERIFICADO_AGREGADO,"5.02% del nacional (104,207 en 32 estados). Aparece en tabla de la página-estado."
E26-008,pagina-estado Sonora · KPI,"5,448",violencia familiar 2025 · Sonora,BASES_NACIONALES/panorama_estatal_32.csv + BASES_NACIONALES/delitos_estatales_2015-2025/Estatal-Delitos-2015-2025_abr2026.csv,"panorama_estatal_32.csv columna [sesnsp_2025_violencia_familiar] fila clave_ent=26. Derivado de groupby(Clave_Ent, Subtipo)['_total'].sum() sobre base estatal 2015-2025 · filtros exactos: ver script _construir_panorama_v3.py",2025-12 (corte abr-2026),VERIFICADO_AGREGADO,"2.04% del nacional (266,760 en 32 estados). Aparece en KPI de la página-estado."
E26-009,pagina-estado Sonora · tabla,"5,075",robo (amplio · incluye allanamiento) 2025 · Sonora,BASES_NACIONALES/panorama_estatal_32.csv + BASES_NACIONALES/delitos_estatales_2015-2025/Estatal-Delitos-2015-2025_abr2026.csv,"panorama_estatal_32.csv columna [sesnsp_2025_robo_amplio] fila clave_ent=26. Derivado de groupby(Clave_Ent, Subtipo)['_total'].sum() sobre base estatal 2015-2025 · filtros exactos: ver script _construir_panorama_v3.py",2025-12 (corte abr-2026),VERIFICADO_AGREGADO,"1.07% del nacional (474,378 en 32 estados). Aparece en tabla de la página-estado."
E26-010,pagina-estado Sonora · tabla,"1,306",lesiones dolosas 2025 · Sonora,BASES_NACIONALES/panorama_estatal_32.csv + BASES_NACIONALES/delitos_estatales_2015-2025/Estatal-Delitos-2015-2025_abr2026.csv,"panorama_estatal_32.csv columna [sesnsp_2025_lesiones_dolosas] fila clave_ent=26. Derivado de groupby(Clave_Ent, Subtipo)['_total'].sum() sobre base estatal 2015-2025 · filtros exactos: ver script _construir_panorama_v3.py",2025-12 (corte abr-2026),VERIFICADO_AGREGADO,"0.83% del nacional (156,623 en 32 estados). Aparece en tabla de la página-estado."
E26-011,pagina-estado Sonora · tabla,665,abuso sexual 2025 · Sonora,BASES_NACIONALES/panorama_estatal_32.csv + BASES_NACIONALES/delitos_estatales_2015-2025/Estatal-Delitos-2015-2025_abr2026.csv,"panorama_estatal_32.csv columna [sesnsp_2025_abuso_sexual] fila clave_ent=26. Derivado de groupby(Clave_Ent, Subtipo)['_total'].sum() sobre base estatal 2015-2025 · filtros exactos: ver script _construir_panorama_v3.py",2025-12 (corte abr-2026),VERIFICADO_AGREGADO,"2.01% del nacional (33,050 en 32 estados). Aparece en tabla de la página-estado."
E26-012,pagina-estado Sonora · tabla,175,violación 2025 · Sonora,BASES_NACIONALES/panorama_estatal_32.csv + BASES_NACIONALES/delitos_estatales_2015-2025/Estatal-Delitos-2015-2025_abr2026.csv,"panorama_estatal_32.csv columna [sesnsp_2025_violacion] fila clave_ent=26. Derivado de groupby(Clave_Ent, Subtipo)['_total'].sum() sobre base estatal 2015-2025 · filtros exactos: ver script _construir_panorama_v3.py",2025-12 (corte abr-2026),VERIFICADO_AGREGADO,"0.86% del nacional (20,280 en 32 estados). Aparece en tabla de la página-estado."
E26-013,pagina-estado Sonora · tabla,"1,257",amenazas 2025 · Sonora,BASES_NACIONALES/panorama_estatal_32.csv + BASES_NACIONALES/delitos_estatales_2015-2025/Estatal-Delitos-2015-2025_abr2026.csv,"panorama_estatal_32.csv columna [sesnsp_2025_amenazas] fila clave_ent=26. Derivado de groupby(Clave_Ent, Subtipo)['_total'].sum() sobre base estatal 2015-2025 · filtros exactos: ver script _construir_panorama_v3.py",2025-12 (corte abr-2026),VERIFICADO_AGREGADO,"0.91% del nacional (138,874 en 32 estados). Aparece en tabla de la página-estado."
E26-014,pagina-estado Sonora · gráfico serie HD,589/630/727/745/1062/1330/1600/1439/1134/1129/1005,Serie homicidio doloso 2015-2025 · Sonora,BASES_NACIONALES/panorama_estatal_32.csv + BASES_NACIONALES/delitos_estatales_2015-2025/Estatal-Delitos-2015-2025_abr2026.csv,panorama_estatal_32.csv columnas serie_hd_2015..serie_hd_2025 fila clave_ent=26. base estatal única corte abr-2026 (11 años).,2025-12 (corte abr-2026),VERIFICADO_AGREGADO,Min: 589 · Max: 1600 · Var %: -37.2% del pico
E26-015,pagina-estado Sonora · ranking nacional,#21 de 32,Ranking nacional total carpetas 2025 · Sonora,BASES_NACIONALES/panorama_estatal_32.csv + BASES_NACIONALES/delitos_estatales_2015-2025/Estatal-Delitos-2015-2025_abr2026.csv,panorama_estatal_32.csv columna [sesnsp_2025_total].rank(ascending=False) → posición de clave_ent=26,2025-12 (corte abr-2026),VERIFICADO_AGREGADO,1 = mayor incidencia · 32 = menor
E26-016,pagina-estado Sonora · ranking nacional,#8 de 32,Ranking nacional homicidio doloso 2025 · Sonora,BASES_NACIONALES/panorama_estatal_32.csv + BASES_NACIONALES/delitos_estatales_2015-2025/Estatal-Delitos-2015-2025_abr2026.csv,panorama_estatal_32.csv columna [sesnsp_2025_hd].rank(ascending=False) → posición de clave_ent=26,2025-12 (corte abr-2026),VERIFICADO_AGREGADO,1 = mayor incidencia · 32 = menor
E26-017,pagina-estado Sonora · ranking nacional,#25 de 32,Ranking nacional extorsión 2025 · Sonora,BASES_NACIONALES/panorama_estatal_32.csv + BASES_NACIONALES/delitos_estatales_2015-2025/Estatal-Delitos-2015-2025_abr2026.csv,panorama_estatal_32.csv columna [sesnsp_2025_extorsion].rank(ascending=False) → posición de clave_ent=26,2025-12 (corte abr-2026),VERIFICADO_AGREGADO,1 = mayor incidencia · 32 = menor
E26-018,pagina-estado Sonora · ranking nacional,#13 de 32,Ranking nacional feminicidio 2025 · Sonora,BASES_NACIONALES/panorama_estatal_32.csv + BASES_NACIONALES/delitos_estatales_2015-2025/Estatal-Delitos-2015-2025_abr2026.csv,panorama_estatal_32.csv columna [sesnsp_2025_feminicidio].rank(ascending=False) → posición de clave_ent=26,2025-12 (corte abr-2026),VERIFICADO_AGREGADO,1 = mayor incidencia · 32 = menor
E26-019,pagina-estado Sonora · ranking nacional,#18 de 32,Ranking nacional violencia familiar 2025 · Sonora,BASES_NACIONALES/panorama_estatal_32.csv + BASES_NACIONALES/delitos_estatales_2015-2025/Estatal-Delitos-2015-2025_abr2026.csv,panorama_estatal_32.csv columna [sesnsp_2025_violencia_familiar].rank(ascending=False) → posición de clave_ent=26,2025-12 (corte abr-2026),VERIFICADO_AGREGADO,1 = mayor incidencia · 32 = menor
E26-020,pagina-estado Sonora · panel RNPDNO,"6,108",RNPDNO desaparecidos activos · Sonora · al 3-jun-2026,BASES_NACIONALES/panorama_estatal_32.csv + EXCEL - SEGURIDAD MORELOS/NUEVOS REPORTES DESAPARICIONES/activos_por_entidad.csv,panorama_estatal_32.csv columna [rnpdno_desaparecidos] fila clave_ent=26. Mapeo nombre INEGI → alias RNPDNO. Fuente primaria: dashboard oficial post-reforma RNPDNO.,2026-06-03,VERIFICADO_AGREGADO,
E26-021,pagina-estado Sonora · panel RNPDNO,33,RNPDNO no localizados · Sonora · al 3-jun-2026,BASES_NACIONALES/panorama_estatal_32.csv + EXCEL - SEGURIDAD MORELOS/NUEVOS REPORTES DESAPARICIONES/activos_por_entidad.csv,panorama_estatal_32.csv columna [rnpdno_no_localizados] fila clave_ent=26. Mapeo nombre INEGI → alias RNPDNO. Fuente primaria: dashboard oficial post-reforma RNPDNO.,2026-06-03,VERIFICADO_AGREGADO,
E26-022,pagina-estado Sonora · panel RNPDNO,"5,274",RNPDNO localizados con vida · Sonora · al 3-jun-2026,BASES_NACIONALES/panorama_estatal_32.csv + EXCEL - SEGURIDAD MORELOS/NUEVOS REPORTES DESAPARICIONES/activos_por_entidad.csv,panorama_estatal_32.csv columna [rnpdno_loc_con_vida] fila clave_ent=26. Mapeo nombre INEGI → alias RNPDNO. Fuente primaria: dashboard oficial post-reforma RNPDNO.,2026-06-03,VERIFICADO_AGREGADO,
E26-023,pagina-estado Sonora · panel RNPDNO,670,RNPDNO localizados sin vida · Sonora · al 3-jun-2026,BASES_NACIONALES/panorama_estatal_32.csv + EXCEL - SEGURIDAD MORELOS/NUEVOS REPORTES DESAPARICIONES/activos_por_entidad.csv,panorama_estatal_32.csv columna [rnpdno_loc_sin_vida] fila clave_ent=26. Mapeo nombre INEGI → alias RNPDNO. Fuente primaria: dashboard oficial post-reforma RNPDNO.,2026-06-03,VERIFICADO_AGREGADO,
E26-024,pagina-estado Sonora · panel RNPDNO,"6,141",RNPDNO activos totales (desap + no loc) · Sonora · al 3-jun-2026,BASES_NACIONALES/panorama_estatal_32.csv + EXCEL - SEGURIDAD MORELOS/NUEVOS REPORTES DESAPARICIONES/activos_por_entidad.csv,panorama_estatal_32.csv columna [rnpdno_activos_total] fila clave_ent=26. Mapeo nombre INEGI → alias RNPDNO. Fuente primaria: dashboard oficial post-reforma RNPDNO.,2026-06-03,VERIFICADO_AGREGADO,4.59% del nacional
E26-025,pagina-estado Sonora · ranking nacional RNPDNO,#8 de 32,Ranking nacional desaparecidos activos · Sonora,BASES_NACIONALES/panorama_estatal_32.csv + EXCEL - SEGURIDAD MORELOS/NUEVOS REPORTES DESAPARICIONES/activos_por_entidad.csv,panorama_estatal_32.csv columna [rnpdno_activos_total].rank(ascending=False) → posición clave_ent=26,2026-06-03,VERIFICADO_AGREGADO,1 = mayor número de activos · 32 = menor
E26-026,pagina-estado Sonora · KPI 2026 parcial,"10,408",Carpetas SESNSP 2026 parcial (ene-abr) · Sonora,BASES_NACIONALES/panorama_estatal_32.csv + BASES_NACIONALES/delitos_estatales_RNID_2026/RNID-Delitos_Estatal-2026-abr2026.csv,panorama_estatal_32.csv columna [sesnsp_2026_parcial_total] fila clave_ent=26. RNID estatal 2026 corte abr-2026 · sum(Enero..Abril) por Clave_Ent · CON desglose por subtipo,2026-04 (corte abr-2026),VERIFICADO_AGREGADO,"1.60% del nacional T1 (652,342). Ritmo anualizado ×3 = 31,224 → -5.6% vs total 2025. Con desglose completo por subtipo (RNID estatal)."
E26-027,pagina-estado Sonora · denominador tasas,"3,140,762",Población a mitad de año 2025 · Sonora,BASES_NACIONALES/panorama_estatal_32.csv + BASES_NACIONALES/poblacion_estatal_conapo.csv (CONAPO pry23 · conapo.segob.gob.mx),"CONAPO pry23 00_Pob_Mitad_1950_2070.csv · sum(POBLACION) WHERE ANIO=2025 AND CVE_GEO=26 (todas edades y sexos). Validado: suma 32 entidades == nacional CVE_GEO=0 (133,367,428 · diff 0)",2025 (proyección pry23),VERIFICADO_AGREGADO,Denominador oficial para todas las tasas /100K del estado
E26-028,pagina-estado Sonora · KPI tasa,32.0,tasa homicidio doloso por 100K hab 2025 · Sonora,BASES_NACIONALES/panorama_estatal_32.csv + BASES_NACIONALES/poblacion_estatal_conapo.csv (CONAPO pry23 · conapo.segob.gob.mx),"panorama [sesnsp_2025_hd] (1,005) / poblacion_2025 (3,140,762) × 100,000 = 32.0",2024,VERIFICADO_AGREGADO,Ranking nacional por tasa: #6 de 32 (1 = mayor tasa)
E26-029,pagina-estado Sonora · KPI tasa,0.764,"tasa feminicidio por 100K hab 2025 (poblacion total, declarado) · Sonora",BASES_NACIONALES/panorama_estatal_32.csv + BASES_NACIONALES/poblacion_estatal_conapo.csv (CONAPO pry23 · conapo.segob.gob.mx),"panorama [sesnsp_2025_feminicidio] (24) / poblacion_2025 (3,140,762) × 100,000 = 0.764",2024,VERIFICADO_AGREGADO,Ranking nacional por tasa: #8 de 32 (1 = mayor tasa)
E26-030,pagina-estado Sonora · KPI tasa,1053.3,tasa total carpetas por 100K hab 2025 · Sonora,BASES_NACIONALES/panorama_estatal_32.csv + BASES_NACIONALES/poblacion_estatal_conapo.csv (CONAPO pry23 · conapo.segob.gob.mx),"panorama [sesnsp_2025_total] (33,081) / poblacion_2025 (3,140,762) × 100,000 = 1053.3",2024,VERIFICADO_AGREGADO,Ranking nacional por tasa: #22 de 32 (1 = mayor tasa)
E26-031,pagina-estado Sonora · KPI tasa,195.5,tasa desaparecidos activos por 100K hab · Sonora,BASES_NACIONALES/panorama_estatal_32.csv + BASES_NACIONALES/poblacion_estatal_conapo.csv (CONAPO pry23 · conapo.segob.gob.mx),"panorama [rnpdno_activos_total] (6,141) / poblacion_2025 (3,140,762) × 100,000 = 195.5",2024,VERIFICADO_AGREGADO,Ranking nacional por tasa: #5 de 32 (1 = mayor tasa)
E26-032,pagina-estado Sonora · KPI tasa,1.178,tasa secuestro por 100K hab 2025 · Sonora,BASES_NACIONALES/panorama_estatal_32.csv + BASES_NACIONALES/poblacion_estatal_conapo.csv (CONAPO pry23 · conapo.segob.gob.mx),"panorama [sesnsp_2025_secuestro] (37) / poblacion_2025 (3,140,762) × 100,000 = 1.178",2024,VERIFICADO_AGREGADO,Ranking nacional por tasa: #3 de 32 (1 = mayor tasa)
E26-033,pagina-estado Sonora · KPI tasa,173.5,tasa violencia familiar por 100K hab 2025 · Sonora,BASES_NACIONALES/panorama_estatal_32.csv + BASES_NACIONALES/poblacion_estatal_conapo.csv (CONAPO pry23 · conapo.segob.gob.mx),"panorama [sesnsp_2025_violencia_familiar] (5,448) / poblacion_2025 (3,140,762) × 100,000 = 173.5",2024,VERIFICADO_AGREGADO,Ranking nacional por tasa: #20 de 32 (1 = mayor tasa)
E26-034,pagina-estado Sonora · KPI tasa,5.57,tasa violacion (simple+equiparada) por 100K hab 2025 · Sonora,BASES_NACIONALES/panorama_estatal_32.csv + BASES_NACIONALES/poblacion_estatal_conapo.csv (CONAPO pry23 · conapo.segob.gob.mx),"panorama [sesnsp_2025_violacion] (175) / poblacion_2025 (3,140,762) × 100,000 = 5.57",2024,VERIFICADO_AGREGADO,Ranking nacional por tasa: #28 de 32 (1 = mayor tasa)
E27-001,pagina-estado Tabasco · KPI,"45,654",total carpetas SESNSP 2025 · Tabasco,BASES_NACIONALES/panorama_estatal_32.csv + BASES_NACIONALES/delitos_estatales_2015-2025/Estatal-Delitos-2015-2025_abr2026.csv,"panorama_estatal_32.csv columna [sesnsp_2025_total] fila clave_ent=27. Derivado de groupby(Clave_Ent, Subtipo)['_total'].sum() sobre base estatal 2015-2025 · filtros exactos: ver script _construir_panorama_v3.py",2025-12 (corte abr-2026),VERIFICADO_AGREGADO,"2.26% del nacional (2,016,723 en 32 estados). Aparece en KPI de la página-estado."
E27-002,pagina-estado Tabasco · KPI,556,homicidio doloso 2025 · Tabasco,BASES_NACIONALES/panorama_estatal_32.csv + BASES_NACIONALES/delitos_estatales_2015-2025/Estatal-Delitos-2015-2025_abr2026.csv,"panorama_estatal_32.csv columna [sesnsp_2025_hd] fila clave_ent=27. Derivado de groupby(Clave_Ent, Subtipo)['_total'].sum() sobre base estatal 2015-2025 · filtros exactos: ver script _construir_panorama_v3.py",2025-12 (corte abr-2026),VERIFICADO_AGREGADO,"2.78% del nacional (19,987 en 32 estados). Aparece en KPI de la página-estado."
E27-003,pagina-estado Tabasco · tabla,488,homicidio culposo 2025 · Tabasco,BASES_NACIONALES/panorama_estatal_32.csv + BASES_NACIONALES/delitos_estatales_2015-2025/Estatal-Delitos-2015-2025_abr2026.csv,"panorama_estatal_32.csv columna [sesnsp_2025_hc] fila clave_ent=27. Derivado de groupby(Clave_Ent, Subtipo)['_total'].sum() sobre base estatal 2015-2025 · filtros exactos: ver script _construir_panorama_v3.py",2025-12 (corte abr-2026),VERIFICADO_AGREGADO,"2.88% del nacional (16,945 en 32 estados). Aparece en tabla de la página-estado."
E27-004,pagina-estado Tabasco · KPI,25,feminicidio 2025 · Tabasco,BASES_NACIONALES/panorama_estatal_32.csv + BASES_NACIONALES/delitos_estatales_2015-2025/Estatal-Delitos-2015-2025_abr2026.csv,"panorama_estatal_32.csv columna [sesnsp_2025_feminicidio] fila clave_ent=27. Derivado de groupby(Clave_Ent, Subtipo)['_total'].sum() sobre base estatal 2015-2025 · filtros exactos: ver script _construir_panorama_v3.py",2025-12 (corte abr-2026),VERIFICADO_AGREGADO,3.52% del nacional (711 en 32 estados). Aparece en KPI de la página-estado.
E27-005,pagina-estado Tabasco · KPI,197,extorsión 2025 · Tabasco,BASES_NACIONALES/panorama_estatal_32.csv + BASES_NACIONALES/delitos_estatales_2015-2025/Estatal-Delitos-2015-2025_abr2026.csv,"panorama_estatal_32.csv columna [sesnsp_2025_extorsion] fila clave_ent=27. Derivado de groupby(Clave_Ent, Subtipo)['_total'].sum() sobre base estatal 2015-2025 · filtros exactos: ver script _construir_panorama_v3.py",2025-12 (corte abr-2026),VERIFICADO_AGREGADO,"1.87% del nacional (10,507 en 32 estados). Aparece en KPI de la página-estado."
E27-006,pagina-estado Tabasco · tabla,37,secuestro 2025 · Tabasco,BASES_NACIONALES/panorama_estatal_32.csv + BASES_NACIONALES/delitos_estatales_2015-2025/Estatal-Delitos-2015-2025_abr2026.csv,"panorama_estatal_32.csv columna [sesnsp_2025_secuestro] fila clave_ent=27. Derivado de groupby(Clave_Ent, Subtipo)['_total'].sum() sobre base estatal 2015-2025 · filtros exactos: ver script _construir_panorama_v3.py",2025-12 (corte abr-2026),VERIFICADO_AGREGADO,7.97% del nacional (464 en 32 estados). Aparece en tabla de la página-estado.
E27-007,pagina-estado Tabasco · tabla,992,narcomenudeo 2025 · Tabasco,BASES_NACIONALES/panorama_estatal_32.csv + BASES_NACIONALES/delitos_estatales_2015-2025/Estatal-Delitos-2015-2025_abr2026.csv,"panorama_estatal_32.csv columna [sesnsp_2025_narcomenudeo] fila clave_ent=27. Derivado de groupby(Clave_Ent, Subtipo)['_total'].sum() sobre base estatal 2015-2025 · filtros exactos: ver script _construir_panorama_v3.py",2025-12 (corte abr-2026),VERIFICADO_AGREGADO,"0.95% del nacional (104,207 en 32 estados). Aparece en tabla de la página-estado."
E27-008,pagina-estado Tabasco · KPI,"6,960",violencia familiar 2025 · Tabasco,BASES_NACIONALES/panorama_estatal_32.csv + BASES_NACIONALES/delitos_estatales_2015-2025/Estatal-Delitos-2015-2025_abr2026.csv,"panorama_estatal_32.csv columna [sesnsp_2025_violencia_familiar] fila clave_ent=27. Derivado de groupby(Clave_Ent, Subtipo)['_total'].sum() sobre base estatal 2015-2025 · filtros exactos: ver script _construir_panorama_v3.py",2025-12 (corte abr-2026),VERIFICADO_AGREGADO,"2.61% del nacional (266,760 en 32 estados). Aparece en KPI de la página-estado."
E27-009,pagina-estado Tabasco · tabla,"9,109",robo (amplio · incluye allanamiento) 2025 · Tabasco,BASES_NACIONALES/panorama_estatal_32.csv + BASES_NACIONALES/delitos_estatales_2015-2025/Estatal-Delitos-2015-2025_abr2026.csv,"panorama_estatal_32.csv columna [sesnsp_2025_robo_amplio] fila clave_ent=27. Derivado de groupby(Clave_Ent, Subtipo)['_total'].sum() sobre base estatal 2015-2025 · filtros exactos: ver script _construir_panorama_v3.py",2025-12 (corte abr-2026),VERIFICADO_AGREGADO,"1.92% del nacional (474,378 en 32 estados). Aparece en tabla de la página-estado."
E27-010,pagina-estado Tabasco · tabla,"3,623",lesiones dolosas 2025 · Tabasco,BASES_NACIONALES/panorama_estatal_32.csv + BASES_NACIONALES/delitos_estatales_2015-2025/Estatal-Delitos-2015-2025_abr2026.csv,"panorama_estatal_32.csv columna [sesnsp_2025_lesiones_dolosas] fila clave_ent=27. Derivado de groupby(Clave_Ent, Subtipo)['_total'].sum() sobre base estatal 2015-2025 · filtros exactos: ver script _construir_panorama_v3.py",2025-12 (corte abr-2026),VERIFICADO_AGREGADO,"2.31% del nacional (156,623 en 32 estados). Aparece en tabla de la página-estado."
E27-011,pagina-estado Tabasco · tabla,225,abuso sexual 2025 · Tabasco,BASES_NACIONALES/panorama_estatal_32.csv + BASES_NACIONALES/delitos_estatales_2015-2025/Estatal-Delitos-2015-2025_abr2026.csv,"panorama_estatal_32.csv columna [sesnsp_2025_abuso_sexual] fila clave_ent=27. Derivado de groupby(Clave_Ent, Subtipo)['_total'].sum() sobre base estatal 2015-2025 · filtros exactos: ver script _construir_panorama_v3.py",2025-12 (corte abr-2026),VERIFICADO_AGREGADO,"0.68% del nacional (33,050 en 32 estados). Aparece en tabla de la página-estado."
E27-012,pagina-estado Tabasco · tabla,232,violación 2025 · Tabasco,BASES_NACIONALES/panorama_estatal_32.csv + BASES_NACIONALES/delitos_estatales_2015-2025/Estatal-Delitos-2015-2025_abr2026.csv,"panorama_estatal_32.csv columna [sesnsp_2025_violacion] fila clave_ent=27. Derivado de groupby(Clave_Ent, Subtipo)['_total'].sum() sobre base estatal 2015-2025 · filtros exactos: ver script _construir_panorama_v3.py",2025-12 (corte abr-2026),VERIFICADO_AGREGADO,"1.14% del nacional (20,280 en 32 estados). Aparece en tabla de la página-estado."
E27-013,pagina-estado Tabasco · tabla,"4,673",amenazas 2025 · Tabasco,BASES_NACIONALES/panorama_estatal_32.csv + BASES_NACIONALES/delitos_estatales_2015-2025/Estatal-Delitos-2015-2025_abr2026.csv,"panorama_estatal_32.csv columna [sesnsp_2025_amenazas] fila clave_ent=27. Derivado de groupby(Clave_Ent, Subtipo)['_total'].sum() sobre base estatal 2015-2025 · filtros exactos: ver script _construir_panorama_v3.py",2025-12 (corte abr-2026),VERIFICADO_AGREGADO,"3.36% del nacional (138,874 en 32 estados). Aparece en tabla de la página-estado."
E27-014,pagina-estado Tabasco · gráfico serie HD,233/276/388/508/565/509/390/291/234/707/556,Serie homicidio doloso 2015-2025 · Tabasco,BASES_NACIONALES/panorama_estatal_32.csv + BASES_NACIONALES/delitos_estatales_2015-2025/Estatal-Delitos-2015-2025_abr2026.csv,panorama_estatal_32.csv columnas serie_hd_2015..serie_hd_2025 fila clave_ent=27. base estatal única corte abr-2026 (11 años).,2025-12 (corte abr-2026),VERIFICADO_AGREGADO,Min: 233 · Max: 707 · Var %: -21.4% del pico
E27-015,pagina-estado Tabasco · ranking nacional,#16 de 32,Ranking nacional total carpetas 2025 · Tabasco,BASES_NACIONALES/panorama_estatal_32.csv + BASES_NACIONALES/delitos_estatales_2015-2025/Estatal-Delitos-2015-2025_abr2026.csv,panorama_estatal_32.csv columna [sesnsp_2025_total].rank(ascending=False) → posición de clave_ent=27,2025-12 (corte abr-2026),VERIFICADO_AGREGADO,1 = mayor incidencia · 32 = menor
E27-016,pagina-estado Tabasco · ranking nacional,#17 de 32,Ranking nacional homicidio doloso 2025 · Tabasco,BASES_NACIONALES/panorama_estatal_32.csv + BASES_NACIONALES/delitos_estatales_2015-2025/Estatal-Delitos-2015-2025_abr2026.csv,panorama_estatal_32.csv columna [sesnsp_2025_hd].rank(ascending=False) → posición de clave_ent=27,2025-12 (corte abr-2026),VERIFICADO_AGREGADO,1 = mayor incidencia · 32 = menor
E27-017,pagina-estado Tabasco · ranking nacional,#12 de 32,Ranking nacional extorsión 2025 · Tabasco,BASES_NACIONALES/panorama_estatal_32.csv + BASES_NACIONALES/delitos_estatales_2015-2025/Estatal-Delitos-2015-2025_abr2026.csv,panorama_estatal_32.csv columna [sesnsp_2025_extorsion].rank(ascending=False) → posición de clave_ent=27,2025-12 (corte abr-2026),VERIFICADO_AGREGADO,1 = mayor incidencia · 32 = menor
E27-018,pagina-estado Tabasco · ranking nacional,#11 de 32,Ranking nacional feminicidio 2025 · Tabasco,BASES_NACIONALES/panorama_estatal_32.csv + BASES_NACIONALES/delitos_estatales_2015-2025/Estatal-Delitos-2015-2025_abr2026.csv,panorama_estatal_32.csv columna [sesnsp_2025_feminicidio].rank(ascending=False) → posición de clave_ent=27,2025-12 (corte abr-2026),VERIFICADO_AGREGADO,1 = mayor incidencia · 32 = menor
E27-019,pagina-estado Tabasco · ranking nacional,#15 de 32,Ranking nacional violencia familiar 2025 · Tabasco,BASES_NACIONALES/panorama_estatal_32.csv + BASES_NACIONALES/delitos_estatales_2015-2025/Estatal-Delitos-2015-2025_abr2026.csv,panorama_estatal_32.csv columna [sesnsp_2025_violencia_familiar].rank(ascending=False) → posición de clave_ent=27,2025-12 (corte abr-2026),VERIFICADO_AGREGADO,1 = mayor incidencia · 32 = menor
E27-020,pagina-estado Tabasco · panel RNPDNO,"2,165",RNPDNO desaparecidos activos · Tabasco · al 3-jun-2026,BASES_NACIONALES/panorama_estatal_32.csv + EXCEL - SEGURIDAD MORELOS/NUEVOS REPORTES DESAPARICIONES/activos_por_entidad.csv,panorama_estatal_32.csv columna [rnpdno_desaparecidos] fila clave_ent=27. Mapeo nombre INEGI → alias RNPDNO. Fuente primaria: dashboard oficial post-reforma RNPDNO.,2026-06-03,VERIFICADO_AGREGADO,
E27-021,pagina-estado Tabasco · panel RNPDNO,28,RNPDNO no localizados · Tabasco · al 3-jun-2026,BASES_NACIONALES/panorama_estatal_32.csv + EXCEL - SEGURIDAD MORELOS/NUEVOS REPORTES DESAPARICIONES/activos_por_entidad.csv,panorama_estatal_32.csv columna [rnpdno_no_localizados] fila clave_ent=27. Mapeo nombre INEGI → alias RNPDNO. Fuente primaria: dashboard oficial post-reforma RNPDNO.,2026-06-03,VERIFICADO_AGREGADO,
E27-022,pagina-estado Tabasco · panel RNPDNO,"2,687",RNPDNO localizados con vida · Tabasco · al 3-jun-2026,BASES_NACIONALES/panorama_estatal_32.csv + EXCEL - SEGURIDAD MORELOS/NUEVOS REPORTES DESAPARICIONES/activos_por_entidad.csv,panorama_estatal_32.csv columna [rnpdno_loc_con_vida] fila clave_ent=27. Mapeo nombre INEGI → alias RNPDNO. Fuente primaria: dashboard oficial post-reforma RNPDNO.,2026-06-03,VERIFICADO_AGREGADO,
E27-023,pagina-estado Tabasco · panel RNPDNO,197,RNPDNO localizados sin vida · Tabasco · al 3-jun-2026,BASES_NACIONALES/panorama_estatal_32.csv + EXCEL - SEGURIDAD MORELOS/NUEVOS REPORTES DESAPARICIONES/activos_por_entidad.csv,panorama_estatal_32.csv columna [rnpdno_loc_sin_vida] fila clave_ent=27. Mapeo nombre INEGI → alias RNPDNO. Fuente primaria: dashboard oficial post-reforma RNPDNO.,2026-06-03,VERIFICADO_AGREGADO,
E27-024,pagina-estado Tabasco · panel RNPDNO,"2,193",RNPDNO activos totales (desap + no loc) · Tabasco · al 3-jun-2026,BASES_NACIONALES/panorama_estatal_32.csv + EXCEL - SEGURIDAD MORELOS/NUEVOS REPORTES DESAPARICIONES/activos_por_entidad.csv,panorama_estatal_32.csv columna [rnpdno_activos_total] fila clave_ent=27. Mapeo nombre INEGI → alias RNPDNO. Fuente primaria: dashboard oficial post-reforma RNPDNO.,2026-06-03,VERIFICADO_AGREGADO,1.64% del nacional
E27-025,pagina-estado Tabasco · ranking nacional RNPDNO,#18 de 32,Ranking nacional desaparecidos activos · Tabasco,BASES_NACIONALES/panorama_estatal_32.csv + EXCEL - SEGURIDAD MORELOS/NUEVOS REPORTES DESAPARICIONES/activos_por_entidad.csv,panorama_estatal_32.csv columna [rnpdno_activos_total].rank(ascending=False) → posición clave_ent=27,2026-06-03,VERIFICADO_AGREGADO,1 = mayor número de activos · 32 = menor
E27-026,pagina-estado Tabasco · KPI 2026 parcial,"15,122",Carpetas SESNSP 2026 parcial (ene-abr) · Tabasco,BASES_NACIONALES/panorama_estatal_32.csv + BASES_NACIONALES/delitos_estatales_RNID_2026/RNID-Delitos_Estatal-2026-abr2026.csv,panorama_estatal_32.csv columna [sesnsp_2026_parcial_total] fila clave_ent=27. RNID estatal 2026 corte abr-2026 · sum(Enero..Abril) por Clave_Ent · CON desglose por subtipo,2026-04 (corte abr-2026),VERIFICADO_AGREGADO,"2.32% del nacional T1 (652,342). Ritmo anualizado ×3 = 45,366 → -0.6% vs total 2025. Con desglose completo por subtipo (RNID estatal)."
E27-027,pagina-estado Tabasco · denominador tasas,"2,467,519",Población a mitad de año 2025 · Tabasco,BASES_NACIONALES/panorama_estatal_32.csv + BASES_NACIONALES/poblacion_estatal_conapo.csv (CONAPO pry23 · conapo.segob.gob.mx),"CONAPO pry23 00_Pob_Mitad_1950_2070.csv · sum(POBLACION) WHERE ANIO=2025 AND CVE_GEO=27 (todas edades y sexos). Validado: suma 32 entidades == nacional CVE_GEO=0 (133,367,428 · diff 0)",2025 (proyección pry23),VERIFICADO_AGREGADO,Denominador oficial para todas las tasas /100K del estado
E27-028,pagina-estado Tabasco · KPI tasa,22.53,tasa homicidio doloso por 100K hab 2025 · Tabasco,BASES_NACIONALES/panorama_estatal_32.csv + BASES_NACIONALES/poblacion_estatal_conapo.csv (CONAPO pry23 · conapo.segob.gob.mx),"panorama [sesnsp_2025_hd] (556) / poblacion_2025 (2,467,519) × 100,000 = 22.53",2024,VERIFICADO_AGREGADO,Ranking nacional por tasa: #9 de 32 (1 = mayor tasa)
E27-029,pagina-estado Tabasco · KPI tasa,1.013,"tasa feminicidio por 100K hab 2025 (poblacion total, declarado) · Tabasco",BASES_NACIONALES/panorama_estatal_32.csv + BASES_NACIONALES/poblacion_estatal_conapo.csv (CONAPO pry23 · conapo.segob.gob.mx),"panorama [sesnsp_2025_feminicidio] (25) / poblacion_2025 (2,467,519) × 100,000 = 1.013",2024,VERIFICADO_AGREGADO,Ranking nacional por tasa: #5 de 32 (1 = mayor tasa)
E27-030,pagina-estado Tabasco · KPI tasa,1850.2,tasa total carpetas por 100K hab 2025 · Tabasco,BASES_NACIONALES/panorama_estatal_32.csv + BASES_NACIONALES/poblacion_estatal_conapo.csv (CONAPO pry23 · conapo.segob.gob.mx),"panorama [sesnsp_2025_total] (45,654) / poblacion_2025 (2,467,519) × 100,000 = 1850.2",2024,VERIFICADO_AGREGADO,Ranking nacional por tasa: #13 de 32 (1 = mayor tasa)
E27-031,pagina-estado Tabasco · KPI tasa,88.9,tasa desaparecidos activos por 100K hab · Tabasco,BASES_NACIONALES/panorama_estatal_32.csv + BASES_NACIONALES/poblacion_estatal_conapo.csv (CONAPO pry23 · conapo.segob.gob.mx),"panorama [rnpdno_activos_total] (2,193) / poblacion_2025 (2,467,519) × 100,000 = 88.9",2024,VERIFICADO_AGREGADO,Ranking nacional por tasa: #18 de 32 (1 = mayor tasa)
E27-032,pagina-estado Tabasco · KPI tasa,1.499,tasa secuestro por 100K hab 2025 · Tabasco,BASES_NACIONALES/panorama_estatal_32.csv + BASES_NACIONALES/poblacion_estatal_conapo.csv (CONAPO pry23 · conapo.segob.gob.mx),"panorama [sesnsp_2025_secuestro] (37) / poblacion_2025 (2,467,519) × 100,000 = 1.499",2024,VERIFICADO_AGREGADO,Ranking nacional por tasa: #2 de 32 (1 = mayor tasa)
E27-033,pagina-estado Tabasco · KPI tasa,282.1,tasa violencia familiar por 100K hab 2025 · Tabasco,BASES_NACIONALES/panorama_estatal_32.csv + BASES_NACIONALES/poblacion_estatal_conapo.csv (CONAPO pry23 · conapo.segob.gob.mx),"panorama [sesnsp_2025_violencia_familiar] (6,960) / poblacion_2025 (2,467,519) × 100,000 = 282.1",2024,VERIFICADO_AGREGADO,Ranking nacional por tasa: #11 de 32 (1 = mayor tasa)
E27-034,pagina-estado Tabasco · KPI tasa,9.4,tasa violacion (simple+equiparada) por 100K hab 2025 · Tabasco,BASES_NACIONALES/panorama_estatal_32.csv + BASES_NACIONALES/poblacion_estatal_conapo.csv (CONAPO pry23 · conapo.segob.gob.mx),"panorama [sesnsp_2025_violacion] (232) / poblacion_2025 (2,467,519) × 100,000 = 9.4",2024,VERIFICADO_AGREGADO,Ranking nacional por tasa: #26 de 32 (1 = mayor tasa)
E28-001,pagina-estado Tamaulipas · KPI,"39,924",total carpetas SESNSP 2025 · Tamaulipas,BASES_NACIONALES/panorama_estatal_32.csv + BASES_NACIONALES/delitos_estatales_2015-2025/Estatal-Delitos-2015-2025_abr2026.csv,"panorama_estatal_32.csv columna [sesnsp_2025_total] fila clave_ent=28. Derivado de groupby(Clave_Ent, Subtipo)['_total'].sum() sobre base estatal 2015-2025 · filtros exactos: ver script _construir_panorama_v3.py",2025-12 (corte abr-2026),VERIFICADO_AGREGADO,"1.98% del nacional (2,016,723 en 32 estados). Aparece en KPI de la página-estado."
E28-002,pagina-estado Tamaulipas · KPI,203,homicidio doloso 2025 · Tamaulipas,BASES_NACIONALES/panorama_estatal_32.csv + BASES_NACIONALES/delitos_estatales_2015-2025/Estatal-Delitos-2015-2025_abr2026.csv,"panorama_estatal_32.csv columna [sesnsp_2025_hd] fila clave_ent=28. Derivado de groupby(Clave_Ent, Subtipo)['_total'].sum() sobre base estatal 2015-2025 · filtros exactos: ver script _construir_panorama_v3.py",2025-12 (corte abr-2026),VERIFICADO_AGREGADO,"1.02% del nacional (19,987 en 32 estados). Aparece en KPI de la página-estado."
E28-003,pagina-estado Tamaulipas · tabla,685,homicidio culposo 2025 · Tamaulipas,BASES_NACIONALES/panorama_estatal_32.csv + BASES_NACIONALES/delitos_estatales_2015-2025/Estatal-Delitos-2015-2025_abr2026.csv,"panorama_estatal_32.csv columna [sesnsp_2025_hc] fila clave_ent=28. Derivado de groupby(Clave_Ent, Subtipo)['_total'].sum() sobre base estatal 2015-2025 · filtros exactos: ver script _construir_panorama_v3.py",2025-12 (corte abr-2026),VERIFICADO_AGREGADO,"4.04% del nacional (16,945 en 32 estados). Aparece en tabla de la página-estado."
E28-004,pagina-estado Tamaulipas · KPI,29,feminicidio 2025 · Tamaulipas,BASES_NACIONALES/panorama_estatal_32.csv + BASES_NACIONALES/delitos_estatales_2015-2025/Estatal-Delitos-2015-2025_abr2026.csv,"panorama_estatal_32.csv columna [sesnsp_2025_feminicidio] fila clave_ent=28. Derivado de groupby(Clave_Ent, Subtipo)['_total'].sum() sobre base estatal 2015-2025 · filtros exactos: ver script _construir_panorama_v3.py",2025-12 (corte abr-2026),VERIFICADO_AGREGADO,4.08% del nacional (711 en 32 estados). Aparece en KPI de la página-estado.
E28-005,pagina-estado Tamaulipas · KPI,115,extorsión 2025 · Tamaulipas,BASES_NACIONALES/panorama_estatal_32.csv + BASES_NACIONALES/delitos_estatales_2015-2025/Estatal-Delitos-2015-2025_abr2026.csv,"panorama_estatal_32.csv columna [sesnsp_2025_extorsion] fila clave_ent=28. Derivado de groupby(Clave_Ent, Subtipo)['_total'].sum() sobre base estatal 2015-2025 · filtros exactos: ver script _construir_panorama_v3.py",2025-12 (corte abr-2026),VERIFICADO_AGREGADO,"1.09% del nacional (10,507 en 32 estados). Aparece en KPI de la página-estado."
E28-006,pagina-estado Tamaulipas · tabla,8,secuestro 2025 · Tamaulipas,BASES_NACIONALES/panorama_estatal_32.csv + BASES_NACIONALES/delitos_estatales_2015-2025/Estatal-Delitos-2015-2025_abr2026.csv,"panorama_estatal_32.csv columna [sesnsp_2025_secuestro] fila clave_ent=28. Derivado de groupby(Clave_Ent, Subtipo)['_total'].sum() sobre base estatal 2015-2025 · filtros exactos: ver script _construir_panorama_v3.py",2025-12 (corte abr-2026),VERIFICADO_AGREGADO,1.72% del nacional (464 en 32 estados). Aparece en tabla de la página-estado.
E28-007,pagina-estado Tamaulipas · tabla,532,narcomenudeo 2025 · Tamaulipas,BASES_NACIONALES/panorama_estatal_32.csv + BASES_NACIONALES/delitos_estatales_2015-2025/Estatal-Delitos-2015-2025_abr2026.csv,"panorama_estatal_32.csv columna [sesnsp_2025_narcomenudeo] fila clave_ent=28. Derivado de groupby(Clave_Ent, Subtipo)['_total'].sum() sobre base estatal 2015-2025 · filtros exactos: ver script _construir_panorama_v3.py",2025-12 (corte abr-2026),VERIFICADO_AGREGADO,"0.51% del nacional (104,207 en 32 estados). Aparece en tabla de la página-estado."
E28-008,pagina-estado Tamaulipas · KPI,"7,998",violencia familiar 2025 · Tamaulipas,BASES_NACIONALES/panorama_estatal_32.csv + BASES_NACIONALES/delitos_estatales_2015-2025/Estatal-Delitos-2015-2025_abr2026.csv,"panorama_estatal_32.csv columna [sesnsp_2025_violencia_familiar] fila clave_ent=28. Derivado de groupby(Clave_Ent, Subtipo)['_total'].sum() sobre base estatal 2015-2025 · filtros exactos: ver script _construir_panorama_v3.py",2025-12 (corte abr-2026),VERIFICADO_AGREGADO,"3.00% del nacional (266,760 en 32 estados). Aparece en KPI de la página-estado."
E28-009,pagina-estado Tamaulipas · tabla,"8,133",robo (amplio · incluye allanamiento) 2025 · Tamaulipas,BASES_NACIONALES/panorama_estatal_32.csv + BASES_NACIONALES/delitos_estatales_2015-2025/Estatal-Delitos-2015-2025_abr2026.csv,"panorama_estatal_32.csv columna [sesnsp_2025_robo_amplio] fila clave_ent=28. Derivado de groupby(Clave_Ent, Subtipo)['_total'].sum() sobre base estatal 2015-2025 · filtros exactos: ver script _construir_panorama_v3.py",2025-12 (corte abr-2026),VERIFICADO_AGREGADO,"1.71% del nacional (474,378 en 32 estados). Aparece en tabla de la página-estado."
E28-010,pagina-estado Tamaulipas · tabla,"2,362",lesiones dolosas 2025 · Tamaulipas,BASES_NACIONALES/panorama_estatal_32.csv + BASES_NACIONALES/delitos_estatales_2015-2025/Estatal-Delitos-2015-2025_abr2026.csv,"panorama_estatal_32.csv columna [sesnsp_2025_lesiones_dolosas] fila clave_ent=28. Derivado de groupby(Clave_Ent, Subtipo)['_total'].sum() sobre base estatal 2015-2025 · filtros exactos: ver script _construir_panorama_v3.py",2025-12 (corte abr-2026),VERIFICADO_AGREGADO,"1.51% del nacional (156,623 en 32 estados). Aparece en tabla de la página-estado."
E28-011,pagina-estado Tamaulipas · tabla,720,abuso sexual 2025 · Tamaulipas,BASES_NACIONALES/panorama_estatal_32.csv + BASES_NACIONALES/delitos_estatales_2015-2025/Estatal-Delitos-2015-2025_abr2026.csv,"panorama_estatal_32.csv columna [sesnsp_2025_abuso_sexual] fila clave_ent=28. Derivado de groupby(Clave_Ent, Subtipo)['_total'].sum() sobre base estatal 2015-2025 · filtros exactos: ver script _construir_panorama_v3.py",2025-12 (corte abr-2026),VERIFICADO_AGREGADO,"2.18% del nacional (33,050 en 32 estados). Aparece en tabla de la página-estado."
E28-012,pagina-estado Tamaulipas · tabla,513,violación 2025 · Tamaulipas,BASES_NACIONALES/panorama_estatal_32.csv + BASES_NACIONALES/delitos_estatales_2015-2025/Estatal-Delitos-2015-2025_abr2026.csv,"panorama_estatal_32.csv columna [sesnsp_2025_violacion] fila clave_ent=28. Derivado de groupby(Clave_Ent, Subtipo)['_total'].sum() sobre base estatal 2015-2025 · filtros exactos: ver script _construir_panorama_v3.py",2025-12 (corte abr-2026),VERIFICADO_AGREGADO,"2.53% del nacional (20,280 en 32 estados). Aparece en tabla de la página-estado."
E28-013,pagina-estado Tamaulipas · tabla,"2,162",amenazas 2025 · Tamaulipas,BASES_NACIONALES/panorama_estatal_32.csv + BASES_NACIONALES/delitos_estatales_2015-2025/Estatal-Delitos-2015-2025_abr2026.csv,"panorama_estatal_32.csv columna [sesnsp_2025_amenazas] fila clave_ent=28. Derivado de groupby(Clave_Ent, Subtipo)['_total'].sum() sobre base estatal 2015-2025 · filtros exactos: ver script _construir_panorama_v3.py",2025-12 (corte abr-2026),VERIFICADO_AGREGADO,"1.56% del nacional (138,874 en 32 estados). Aparece en tabla de la página-estado."
E28-014,pagina-estado Tamaulipas · gráfico serie HD,533/594/799/851/663/572/525/382/365/331/203,Serie homicidio doloso 2015-2025 · Tamaulipas,BASES_NACIONALES/panorama_estatal_32.csv + BASES_NACIONALES/delitos_estatales_2015-2025/Estatal-Delitos-2015-2025_abr2026.csv,panorama_estatal_32.csv columnas serie_hd_2015..serie_hd_2025 fila clave_ent=28. base estatal única corte abr-2026 (11 años).,2025-12 (corte abr-2026),VERIFICADO_AGREGADO,Min: 203 · Max: 851 · Var %: -76.1% del pico
E28-015,pagina-estado Tamaulipas · ranking nacional,#18 de 32,Ranking nacional total carpetas 2025 · Tamaulipas,BASES_NACIONALES/panorama_estatal_32.csv + BASES_NACIONALES/delitos_estatales_2015-2025/Estatal-Delitos-2015-2025_abr2026.csv,panorama_estatal_32.csv columna [sesnsp_2025_total].rank(ascending=False) → posición de clave_ent=28,2025-12 (corte abr-2026),VERIFICADO_AGREGADO,1 = mayor incidencia · 32 = menor
E28-016,pagina-estado Tamaulipas · ranking nacional,#21 de 32,Ranking nacional homicidio doloso 2025 · Tamaulipas,BASES_NACIONALES/panorama_estatal_32.csv + BASES_NACIONALES/delitos_estatales_2015-2025/Estatal-Delitos-2015-2025_abr2026.csv,panorama_estatal_32.csv columna [sesnsp_2025_hd].rank(ascending=False) → posición de clave_ent=28,2025-12 (corte abr-2026),VERIFICADO_AGREGADO,1 = mayor incidencia · 32 = menor
E28-017,pagina-estado Tamaulipas · ranking nacional,#17 de 32,Ranking nacional extorsión 2025 · Tamaulipas,BASES_NACIONALES/panorama_estatal_32.csv + BASES_NACIONALES/delitos_estatales_2015-2025/Estatal-Delitos-2015-2025_abr2026.csv,panorama_estatal_32.csv columna [sesnsp_2025_extorsion].rank(ascending=False) → posición de clave_ent=28,2025-12 (corte abr-2026),VERIFICADO_AGREGADO,1 = mayor incidencia · 32 = menor
E28-018,pagina-estado Tamaulipas · ranking nacional,#10 de 32,Ranking nacional feminicidio 2025 · Tamaulipas,BASES_NACIONALES/panorama_estatal_32.csv + BASES_NACIONALES/delitos_estatales_2015-2025/Estatal-Delitos-2015-2025_abr2026.csv,panorama_estatal_32.csv columna [sesnsp_2025_feminicidio].rank(ascending=False) → posición de clave_ent=28,2025-12 (corte abr-2026),VERIFICADO_AGREGADO,1 = mayor incidencia · 32 = menor
E28-019,pagina-estado Tamaulipas · ranking nacional,#12 de 32,Ranking nacional violencia familiar 2025 · Tamaulipas,BASES_NACIONALES/panorama_estatal_32.csv + BASES_NACIONALES/delitos_estatales_2015-2025/Estatal-Delitos-2015-2025_abr2026.csv,panorama_estatal_32.csv columna [sesnsp_2025_violencia_familiar].rank(ascending=False) → posición de clave_ent=28,2025-12 (corte abr-2026),VERIFICADO_AGREGADO,1 = mayor incidencia · 32 = menor
E28-020,pagina-estado Tamaulipas · panel RNPDNO,"13,148",RNPDNO desaparecidos activos · Tamaulipas · al 3-jun-2026,BASES_NACIONALES/panorama_estatal_32.csv + EXCEL - SEGURIDAD MORELOS/NUEVOS REPORTES DESAPARICIONES/activos_por_entidad.csv,panorama_estatal_32.csv columna [rnpdno_desaparecidos] fila clave_ent=28. Mapeo nombre INEGI → alias RNPDNO. Fuente primaria: dashboard oficial post-reforma RNPDNO.,2026-06-03,VERIFICADO_AGREGADO,
E28-021,pagina-estado Tamaulipas · panel RNPDNO,669,RNPDNO no localizados · Tamaulipas · al 3-jun-2026,BASES_NACIONALES/panorama_estatal_32.csv + EXCEL - SEGURIDAD MORELOS/NUEVOS REPORTES DESAPARICIONES/activos_por_entidad.csv,panorama_estatal_32.csv columna [rnpdno_no_localizados] fila clave_ent=28. Mapeo nombre INEGI → alias RNPDNO. Fuente primaria: dashboard oficial post-reforma RNPDNO.,2026-06-03,VERIFICADO_AGREGADO,
E28-022,pagina-estado Tamaulipas · panel RNPDNO,"9,293",RNPDNO localizados con vida · Tamaulipas · al 3-jun-2026,BASES_NACIONALES/panorama_estatal_32.csv + EXCEL - SEGURIDAD MORELOS/NUEVOS REPORTES DESAPARICIONES/activos_por_entidad.csv,panorama_estatal_32.csv columna [rnpdno_loc_con_vida] fila clave_ent=28. Mapeo nombre INEGI → alias RNPDNO. Fuente primaria: dashboard oficial post-reforma RNPDNO.,2026-06-03,VERIFICADO_AGREGADO,
E28-023,pagina-estado Tamaulipas · panel RNPDNO,"1,005",RNPDNO localizados sin vida · Tamaulipas · al 3-jun-2026,BASES_NACIONALES/panorama_estatal_32.csv + EXCEL - SEGURIDAD MORELOS/NUEVOS REPORTES DESAPARICIONES/activos_por_entidad.csv,panorama_estatal_32.csv columna [rnpdno_loc_sin_vida] fila clave_ent=28. Mapeo nombre INEGI → alias RNPDNO. Fuente primaria: dashboard oficial post-reforma RNPDNO.,2026-06-03,VERIFICADO_AGREGADO,
E28-024,pagina-estado Tamaulipas · panel RNPDNO,"13,817",RNPDNO activos totales (desap + no loc) · Tamaulipas · al 3-jun-2026,BASES_NACIONALES/panorama_estatal_32.csv + EXCEL - SEGURIDAD MORELOS/NUEVOS REPORTES DESAPARICIONES/activos_por_entidad.csv,panorama_estatal_32.csv columna [rnpdno_activos_total] fila clave_ent=28. Mapeo nombre INEGI → alias RNPDNO. Fuente primaria: dashboard oficial post-reforma RNPDNO.,2026-06-03,VERIFICADO_AGREGADO,10.32% del nacional
E28-025,pagina-estado Tamaulipas · ranking nacional RNPDNO,#2 de 32,Ranking nacional desaparecidos activos · Tamaulipas,BASES_NACIONALES/panorama_estatal_32.csv + EXCEL - SEGURIDAD MORELOS/NUEVOS REPORTES DESAPARICIONES/activos_por_entidad.csv,panorama_estatal_32.csv columna [rnpdno_activos_total].rank(ascending=False) → posición clave_ent=28,2026-06-03,VERIFICADO_AGREGADO,1 = mayor número de activos · 32 = menor
E28-026,pagina-estado Tamaulipas · KPI 2026 parcial,"13,096",Carpetas SESNSP 2026 parcial (ene-abr) · Tamaulipas,BASES_NACIONALES/panorama_estatal_32.csv + BASES_NACIONALES/delitos_estatales_RNID_2026/RNID-Delitos_Estatal-2026-abr2026.csv,panorama_estatal_32.csv columna [sesnsp_2026_parcial_total] fila clave_ent=28. RNID estatal 2026 corte abr-2026 · sum(Enero..Abril) por Clave_Ent · CON desglose por subtipo,2026-04 (corte abr-2026),VERIFICADO_AGREGADO,"2.01% del nacional T1 (652,342). Ritmo anualizado ×3 = 39,288 → -1.6% vs total 2025. Con desglose completo por subtipo (RNID estatal)."
E28-027,pagina-estado Tamaulipas · denominador tasas,"3,748,419",Población a mitad de año 2025 · Tamaulipas,BASES_NACIONALES/panorama_estatal_32.csv + BASES_NACIONALES/poblacion_estatal_conapo.csv (CONAPO pry23 · conapo.segob.gob.mx),"CONAPO pry23 00_Pob_Mitad_1950_2070.csv · sum(POBLACION) WHERE ANIO=2025 AND CVE_GEO=28 (todas edades y sexos). Validado: suma 32 entidades == nacional CVE_GEO=0 (133,367,428 · diff 0)",2025 (proyección pry23),VERIFICADO_AGREGADO,Denominador oficial para todas las tasas /100K del estado
E28-028,pagina-estado Tamaulipas · KPI tasa,5.42,tasa homicidio doloso por 100K hab 2025 · Tamaulipas,BASES_NACIONALES/panorama_estatal_32.csv + BASES_NACIONALES/poblacion_estatal_conapo.csv (CONAPO pry23 · conapo.segob.gob.mx),"panorama [sesnsp_2025_hd] (203) / poblacion_2025 (3,748,419) × 100,000 = 5.42",2024,VERIFICADO_AGREGADO,Ranking nacional por tasa: #27 de 32 (1 = mayor tasa)
E28-029,pagina-estado Tamaulipas · KPI tasa,0.774,"tasa feminicidio por 100K hab 2025 (poblacion total, declarado) · Tamaulipas",BASES_NACIONALES/panorama_estatal_32.csv + BASES_NACIONALES/poblacion_estatal_conapo.csv (CONAPO pry23 · conapo.segob.gob.mx),"panorama [sesnsp_2025_feminicidio] (29) / poblacion_2025 (3,748,419) × 100,000 = 0.774",2024,VERIFICADO_AGREGADO,Ranking nacional por tasa: #7 de 32 (1 = mayor tasa)
E28-030,pagina-estado Tamaulipas · KPI tasa,1065.1,tasa total carpetas por 100K hab 2025 · Tamaulipas,BASES_NACIONALES/panorama_estatal_32.csv + BASES_NACIONALES/poblacion_estatal_conapo.csv (CONAPO pry23 · conapo.segob.gob.mx),"panorama [sesnsp_2025_total] (39,924) / poblacion_2025 (3,748,419) × 100,000 = 1065.1",2024,VERIFICADO_AGREGADO,Ranking nacional por tasa: #21 de 32 (1 = mayor tasa)
E28-031,pagina-estado Tamaulipas · KPI tasa,368.6,tasa desaparecidos activos por 100K hab · Tamaulipas,BASES_NACIONALES/panorama_estatal_32.csv + BASES_NACIONALES/poblacion_estatal_conapo.csv (CONAPO pry23 · conapo.segob.gob.mx),"panorama [rnpdno_activos_total] (13,817) / poblacion_2025 (3,748,419) × 100,000 = 368.6",2024,VERIFICADO_AGREGADO,Ranking nacional por tasa: #1 de 32 (1 = mayor tasa)
E28-032,pagina-estado Tamaulipas · KPI tasa,0.213,tasa secuestro por 100K hab 2025 · Tamaulipas,BASES_NACIONALES/panorama_estatal_32.csv + BASES_NACIONALES/poblacion_estatal_conapo.csv (CONAPO pry23 · conapo.segob.gob.mx),"panorama [sesnsp_2025_secuestro] (8) / poblacion_2025 (3,748,419) × 100,000 = 0.213",2024,VERIFICADO_AGREGADO,Ranking nacional por tasa: #16 de 32 (1 = mayor tasa)
E28-033,pagina-estado Tamaulipas · KPI tasa,213.4,tasa violencia familiar por 100K hab 2025 · Tamaulipas,BASES_NACIONALES/panorama_estatal_32.csv + BASES_NACIONALES/poblacion_estatal_conapo.csv (CONAPO pry23 · conapo.segob.gob.mx),"panorama [sesnsp_2025_violencia_familiar] (7,998) / poblacion_2025 (3,748,419) × 100,000 = 213.4",2024,VERIFICADO_AGREGADO,Ranking nacional por tasa: #15 de 32 (1 = mayor tasa)
E28-034,pagina-estado Tamaulipas · KPI tasa,13.69,tasa violacion (simple+equiparada) por 100K hab 2025 · Tamaulipas,BASES_NACIONALES/panorama_estatal_32.csv + BASES_NACIONALES/poblacion_estatal_conapo.csv (CONAPO pry23 · conapo.segob.gob.mx),"panorama [sesnsp_2025_violacion] (513) / poblacion_2025 (3,748,419) × 100,000 = 13.69",2024,VERIFICADO_AGREGADO,Ranking nacional por tasa: #20 de 32 (1 = mayor tasa)
E29-001,pagina-estado Tlaxcala · KPI,"2,493",total carpetas SESNSP 2025 · Tlaxcala,BASES_NACIONALES/panorama_estatal_32.csv + BASES_NACIONALES/delitos_estatales_2015-2025/Estatal-Delitos-2015-2025_abr2026.csv,"panorama_estatal_32.csv columna [sesnsp_2025_total] fila clave_ent=29. Derivado de groupby(Clave_Ent, Subtipo)['_total'].sum() sobre base estatal 2015-2025 · filtros exactos: ver script _construir_panorama_v3.py",2025-12 (corte abr-2026),VERIFICADO_AGREGADO,"0.12% del nacional (2,016,723 en 32 estados). Aparece en KPI de la página-estado."
E29-002,pagina-estado Tlaxcala · KPI,103,homicidio doloso 2025 · Tlaxcala,BASES_NACIONALES/panorama_estatal_32.csv + BASES_NACIONALES/delitos_estatales_2015-2025/Estatal-Delitos-2015-2025_abr2026.csv,"panorama_estatal_32.csv columna [sesnsp_2025_hd] fila clave_ent=29. Derivado de groupby(Clave_Ent, Subtipo)['_total'].sum() sobre base estatal 2015-2025 · filtros exactos: ver script _construir_panorama_v3.py",2025-12 (corte abr-2026),VERIFICADO_AGREGADO,"0.52% del nacional (19,987 en 32 estados). Aparece en KPI de la página-estado."
E29-003,pagina-estado Tlaxcala · tabla,18,homicidio culposo 2025 · Tlaxcala,BASES_NACIONALES/panorama_estatal_32.csv + BASES_NACIONALES/delitos_estatales_2015-2025/Estatal-Delitos-2015-2025_abr2026.csv,"panorama_estatal_32.csv columna [sesnsp_2025_hc] fila clave_ent=29. Derivado de groupby(Clave_Ent, Subtipo)['_total'].sum() sobre base estatal 2015-2025 · filtros exactos: ver script _construir_panorama_v3.py",2025-12 (corte abr-2026),VERIFICADO_AGREGADO,"0.11% del nacional (16,945 en 32 estados). Aparece en tabla de la página-estado."
E29-004,pagina-estado Tlaxcala · KPI,7,feminicidio 2025 · Tlaxcala,BASES_NACIONALES/panorama_estatal_32.csv + BASES_NACIONALES/delitos_estatales_2015-2025/Estatal-Delitos-2015-2025_abr2026.csv,"panorama_estatal_32.csv columna [sesnsp_2025_feminicidio] fila clave_ent=29. Derivado de groupby(Clave_Ent, Subtipo)['_total'].sum() sobre base estatal 2015-2025 · filtros exactos: ver script _construir_panorama_v3.py",2025-12 (corte abr-2026),VERIFICADO_AGREGADO,0.98% del nacional (711 en 32 estados). Aparece en KPI de la página-estado.
E29-005,pagina-estado Tlaxcala · KPI,12,extorsión 2025 · Tlaxcala,BASES_NACIONALES/panorama_estatal_32.csv + BASES_NACIONALES/delitos_estatales_2015-2025/Estatal-Delitos-2015-2025_abr2026.csv,"panorama_estatal_32.csv columna [sesnsp_2025_extorsion] fila clave_ent=29. Derivado de groupby(Clave_Ent, Subtipo)['_total'].sum() sobre base estatal 2015-2025 · filtros exactos: ver script _construir_panorama_v3.py",2025-12 (corte abr-2026),VERIFICADO_AGREGADO,"0.11% del nacional (10,507 en 32 estados). Aparece en KPI de la página-estado."
E29-006,pagina-estado Tlaxcala · tabla,11,secuestro 2025 · Tlaxcala,BASES_NACIONALES/panorama_estatal_32.csv + BASES_NACIONALES/delitos_estatales_2015-2025/Estatal-Delitos-2015-2025_abr2026.csv,"panorama_estatal_32.csv columna [sesnsp_2025_secuestro] fila clave_ent=29. Derivado de groupby(Clave_Ent, Subtipo)['_total'].sum() sobre base estatal 2015-2025 · filtros exactos: ver script _construir_panorama_v3.py",2025-12 (corte abr-2026),VERIFICADO_AGREGADO,2.37% del nacional (464 en 32 estados). Aparece en tabla de la página-estado.
E29-007,pagina-estado Tlaxcala · tabla,117,narcomenudeo 2025 · Tlaxcala,BASES_NACIONALES/panorama_estatal_32.csv + BASES_NACIONALES/delitos_estatales_2015-2025/Estatal-Delitos-2015-2025_abr2026.csv,"panorama_estatal_32.csv columna [sesnsp_2025_narcomenudeo] fila clave_ent=29. Derivado de groupby(Clave_Ent, Subtipo)['_total'].sum() sobre base estatal 2015-2025 · filtros exactos: ver script _construir_panorama_v3.py",2025-12 (corte abr-2026),VERIFICADO_AGREGADO,"0.11% del nacional (104,207 en 32 estados). Aparece en tabla de la página-estado."
E29-008,pagina-estado Tlaxcala · KPI,49,violencia familiar 2025 · Tlaxcala,BASES_NACIONALES/panorama_estatal_32.csv + BASES_NACIONALES/delitos_estatales_2015-2025/Estatal-Delitos-2015-2025_abr2026.csv,"panorama_estatal_32.csv columna [sesnsp_2025_violencia_familiar] fila clave_ent=29. Derivado de groupby(Clave_Ent, Subtipo)['_total'].sum() sobre base estatal 2015-2025 · filtros exactos: ver script _construir_panorama_v3.py",2025-12 (corte abr-2026),VERIFICADO_AGREGADO,"0.02% del nacional (266,760 en 32 estados). Aparece en KPI de la página-estado."
E29-009,pagina-estado Tlaxcala · tabla,"1,569",robo (amplio · incluye allanamiento) 2025 · Tlaxcala,BASES_NACIONALES/panorama_estatal_32.csv + BASES_NACIONALES/delitos_estatales_2015-2025/Estatal-Delitos-2015-2025_abr2026.csv,"panorama_estatal_32.csv columna [sesnsp_2025_robo_amplio] fila clave_ent=29. Derivado de groupby(Clave_Ent, Subtipo)['_total'].sum() sobre base estatal 2015-2025 · filtros exactos: ver script _construir_panorama_v3.py",2025-12 (corte abr-2026),VERIFICADO_AGREGADO,"0.33% del nacional (474,378 en 32 estados). Aparece en tabla de la página-estado."
E29-010,pagina-estado Tlaxcala · tabla,73,lesiones dolosas 2025 · Tlaxcala,BASES_NACIONALES/panorama_estatal_32.csv + BASES_NACIONALES/delitos_estatales_2015-2025/Estatal-Delitos-2015-2025_abr2026.csv,"panorama_estatal_32.csv columna [sesnsp_2025_lesiones_dolosas] fila clave_ent=29. Derivado de groupby(Clave_Ent, Subtipo)['_total'].sum() sobre base estatal 2015-2025 · filtros exactos: ver script _construir_panorama_v3.py",2025-12 (corte abr-2026),VERIFICADO_AGREGADO,"0.05% del nacional (156,623 en 32 estados). Aparece en tabla de la página-estado."
E29-011,pagina-estado Tlaxcala · tabla,14,abuso sexual 2025 · Tlaxcala,BASES_NACIONALES/panorama_estatal_32.csv + BASES_NACIONALES/delitos_estatales_2015-2025/Estatal-Delitos-2015-2025_abr2026.csv,"panorama_estatal_32.csv columna [sesnsp_2025_abuso_sexual] fila clave_ent=29. Derivado de groupby(Clave_Ent, Subtipo)['_total'].sum() sobre base estatal 2015-2025 · filtros exactos: ver script _construir_panorama_v3.py",2025-12 (corte abr-2026),VERIFICADO_AGREGADO,"0.04% del nacional (33,050 en 32 estados). Aparece en tabla de la página-estado."
E29-012,pagina-estado Tlaxcala · tabla,18,violación 2025 · Tlaxcala,BASES_NACIONALES/panorama_estatal_32.csv + BASES_NACIONALES/delitos_estatales_2015-2025/Estatal-Delitos-2015-2025_abr2026.csv,"panorama_estatal_32.csv columna [sesnsp_2025_violacion] fila clave_ent=29. Derivado de groupby(Clave_Ent, Subtipo)['_total'].sum() sobre base estatal 2015-2025 · filtros exactos: ver script _construir_panorama_v3.py",2025-12 (corte abr-2026),VERIFICADO_AGREGADO,"0.09% del nacional (20,280 en 32 estados). Aparece en tabla de la página-estado."
E29-013,pagina-estado Tlaxcala · tabla,5,amenazas 2025 · Tlaxcala,BASES_NACIONALES/panorama_estatal_32.csv + BASES_NACIONALES/delitos_estatales_2015-2025/Estatal-Delitos-2015-2025_abr2026.csv,"panorama_estatal_32.csv columna [sesnsp_2025_amenazas] fila clave_ent=29. Derivado de groupby(Clave_Ent, Subtipo)['_total'].sum() sobre base estatal 2015-2025 · filtros exactos: ver script _construir_panorama_v3.py",2025-12 (corte abr-2026),VERIFICADO_AGREGADO,"0.00% del nacional (138,874 en 32 estados). Aparece en tabla de la página-estado."
E29-014,pagina-estado Tlaxcala · gráfico serie HD,58/75/118/118/147/108/116/130/106/128/103,Serie homicidio doloso 2015-2025 · Tlaxcala,BASES_NACIONALES/panorama_estatal_32.csv + BASES_NACIONALES/delitos_estatales_2015-2025/Estatal-Delitos-2015-2025_abr2026.csv,panorama_estatal_32.csv columnas serie_hd_2015..serie_hd_2025 fila clave_ent=29. base estatal única corte abr-2026 (11 años).,2025-12 (corte abr-2026),VERIFICADO_AGREGADO,Min: 58 · Max: 147 · Var %: -29.9% del pico
E29-015,pagina-estado Tlaxcala · ranking nacional,#32 de 32,Ranking nacional total carpetas 2025 · Tlaxcala,BASES_NACIONALES/panorama_estatal_32.csv + BASES_NACIONALES/delitos_estatales_2015-2025/Estatal-Delitos-2015-2025_abr2026.csv,panorama_estatal_32.csv columna [sesnsp_2025_total].rank(ascending=False) → posición de clave_ent=29,2025-12 (corte abr-2026),VERIFICADO_AGREGADO,1 = mayor incidencia · 32 = menor
E29-016,pagina-estado Tlaxcala · ranking nacional,#27 de 32,Ranking nacional homicidio doloso 2025 · Tlaxcala,BASES_NACIONALES/panorama_estatal_32.csv + BASES_NACIONALES/delitos_estatales_2015-2025/Estatal-Delitos-2015-2025_abr2026.csv,panorama_estatal_32.csv columna [sesnsp_2025_hd].rank(ascending=False) → posición de clave_ent=29,2025-12 (corte abr-2026),VERIFICADO_AGREGADO,1 = mayor incidencia · 32 = menor
E29-017,pagina-estado Tlaxcala · ranking nacional,#30 de 32,Ranking nacional extorsión 2025 · Tlaxcala,BASES_NACIONALES/panorama_estatal_32.csv + BASES_NACIONALES/delitos_estatales_2015-2025/Estatal-Delitos-2015-2025_abr2026.csv,panorama_estatal_32.csv columna [sesnsp_2025_extorsion].rank(ascending=False) → posición de clave_ent=29,2025-12 (corte abr-2026),VERIFICADO_AGREGADO,1 = mayor incidencia · 32 = menor
E29-018,pagina-estado Tlaxcala · ranking nacional,#26 de 32,Ranking nacional feminicidio 2025 · Tlaxcala,BASES_NACIONALES/panorama_estatal_32.csv + BASES_NACIONALES/delitos_estatales_2015-2025/Estatal-Delitos-2015-2025_abr2026.csv,panorama_estatal_32.csv columna [sesnsp_2025_feminicidio].rank(ascending=False) → posición de clave_ent=29,2025-12 (corte abr-2026),VERIFICADO_AGREGADO,1 = mayor incidencia · 32 = menor
E29-019,pagina-estado Tlaxcala · ranking nacional,#32 de 32,Ranking nacional violencia familiar 2025 · Tlaxcala,BASES_NACIONALES/panorama_estatal_32.csv + BASES_NACIONALES/delitos_estatales_2015-2025/Estatal-Delitos-2015-2025_abr2026.csv,panorama_estatal_32.csv columna [sesnsp_2025_violencia_familiar].rank(ascending=False) → posición de clave_ent=29,2025-12 (corte abr-2026),VERIFICADO_AGREGADO,1 = mayor incidencia · 32 = menor
E29-020,pagina-estado Tlaxcala · panel RNPDNO,208,RNPDNO desaparecidos activos · Tlaxcala · al 3-jun-2026,BASES_NACIONALES/panorama_estatal_32.csv + EXCEL - SEGURIDAD MORELOS/NUEVOS REPORTES DESAPARICIONES/activos_por_entidad.csv,panorama_estatal_32.csv columna [rnpdno_desaparecidos] fila clave_ent=29. Mapeo nombre INEGI → alias RNPDNO. Fuente primaria: dashboard oficial post-reforma RNPDNO.,2026-06-03,VERIFICADO_AGREGADO,
E29-021,pagina-estado Tlaxcala · panel RNPDNO,10,RNPDNO no localizados · Tlaxcala · al 3-jun-2026,BASES_NACIONALES/panorama_estatal_32.csv + EXCEL - SEGURIDAD MORELOS/NUEVOS REPORTES DESAPARICIONES/activos_por_entidad.csv,panorama_estatal_32.csv columna [rnpdno_no_localizados] fila clave_ent=29. Mapeo nombre INEGI → alias RNPDNO. Fuente primaria: dashboard oficial post-reforma RNPDNO.,2026-06-03,VERIFICADO_AGREGADO,
E29-022,pagina-estado Tlaxcala · panel RNPDNO,"1,819",RNPDNO localizados con vida · Tlaxcala · al 3-jun-2026,BASES_NACIONALES/panorama_estatal_32.csv + EXCEL - SEGURIDAD MORELOS/NUEVOS REPORTES DESAPARICIONES/activos_por_entidad.csv,panorama_estatal_32.csv columna [rnpdno_loc_con_vida] fila clave_ent=29. Mapeo nombre INEGI → alias RNPDNO. Fuente primaria: dashboard oficial post-reforma RNPDNO.,2026-06-03,VERIFICADO_AGREGADO,
E29-023,pagina-estado Tlaxcala · panel RNPDNO,112,RNPDNO localizados sin vida · Tlaxcala · al 3-jun-2026,BASES_NACIONALES/panorama_estatal_32.csv + EXCEL - SEGURIDAD MORELOS/NUEVOS REPORTES DESAPARICIONES/activos_por_entidad.csv,panorama_estatal_32.csv columna [rnpdno_loc_sin_vida] fila clave_ent=29. Mapeo nombre INEGI → alias RNPDNO. Fuente primaria: dashboard oficial post-reforma RNPDNO.,2026-06-03,VERIFICADO_AGREGADO,
E29-024,pagina-estado Tlaxcala · panel RNPDNO,218,RNPDNO activos totales (desap + no loc) · Tlaxcala · al 3-jun-2026,BASES_NACIONALES/panorama_estatal_32.csv + EXCEL - SEGURIDAD MORELOS/NUEVOS REPORTES DESAPARICIONES/activos_por_entidad.csv,panorama_estatal_32.csv columna [rnpdno_activos_total] fila clave_ent=29. Mapeo nombre INEGI → alias RNPDNO. Fuente primaria: dashboard oficial post-reforma RNPDNO.,2026-06-03,VERIFICADO_AGREGADO,0.16% del nacional
E29-025,pagina-estado Tlaxcala · ranking nacional RNPDNO,#31 de 32,Ranking nacional desaparecidos activos · Tlaxcala,BASES_NACIONALES/panorama_estatal_32.csv + EXCEL - SEGURIDAD MORELOS/NUEVOS REPORTES DESAPARICIONES/activos_por_entidad.csv,panorama_estatal_32.csv columna [rnpdno_activos_total].rank(ascending=False) → posición clave_ent=29,2026-06-03,VERIFICADO_AGREGADO,1 = mayor número de activos · 32 = menor
E29-026,pagina-estado Tlaxcala · KPI 2026 parcial,601,Carpetas SESNSP 2026 parcial (ene-abr) · Tlaxcala,BASES_NACIONALES/panorama_estatal_32.csv + BASES_NACIONALES/delitos_estatales_RNID_2026/RNID-Delitos_Estatal-2026-abr2026.csv,panorama_estatal_32.csv columna [sesnsp_2026_parcial_total] fila clave_ent=29. RNID estatal 2026 corte abr-2026 · sum(Enero..Abril) por Clave_Ent · CON desglose por subtipo,2026-04 (corte abr-2026),VERIFICADO_AGREGADO,"0.09% del nacional T1 (652,342). Ritmo anualizado ×3 = 1,803 → -27.7% vs total 2025. Con desglose completo por subtipo (RNID estatal)."
E29-027,pagina-estado Tlaxcala · denominador tasas,"1,447,721",Población a mitad de año 2025 · Tlaxcala,BASES_NACIONALES/panorama_estatal_32.csv + BASES_NACIONALES/poblacion_estatal_conapo.csv (CONAPO pry23 · conapo.segob.gob.mx),"CONAPO pry23 00_Pob_Mitad_1950_2070.csv · sum(POBLACION) WHERE ANIO=2025 AND CVE_GEO=29 (todas edades y sexos). Validado: suma 32 entidades == nacional CVE_GEO=0 (133,367,428 · diff 0)",2025 (proyección pry23),VERIFICADO_AGREGADO,Denominador oficial para todas las tasas /100K del estado
E29-028,pagina-estado Tlaxcala · KPI tasa,7.11,tasa homicidio doloso por 100K hab 2025 · Tlaxcala,BASES_NACIONALES/panorama_estatal_32.csv + BASES_NACIONALES/poblacion_estatal_conapo.csv (CONAPO pry23 · conapo.segob.gob.mx),"panorama [sesnsp_2025_hd] (103) / poblacion_2025 (1,447,721) × 100,000 = 7.11",2024,VERIFICADO_AGREGADO,Ranking nacional por tasa: #23 de 32 (1 = mayor tasa)
E29-029,pagina-estado Tlaxcala · KPI tasa,0.484,"tasa feminicidio por 100K hab 2025 (poblacion total, declarado) · Tlaxcala",BASES_NACIONALES/panorama_estatal_32.csv + BASES_NACIONALES/poblacion_estatal_conapo.csv (CONAPO pry23 · conapo.segob.gob.mx),"panorama [sesnsp_2025_feminicidio] (7) / poblacion_2025 (1,447,721) × 100,000 = 0.484",2024,VERIFICADO_AGREGADO,Ranking nacional por tasa: #16 de 32 (1 = mayor tasa)
E29-030,pagina-estado Tlaxcala · KPI tasa,172.2,tasa total carpetas por 100K hab 2025 · Tlaxcala,BASES_NACIONALES/panorama_estatal_32.csv + BASES_NACIONALES/poblacion_estatal_conapo.csv (CONAPO pry23 · conapo.segob.gob.mx),"panorama [sesnsp_2025_total] (2,493) / poblacion_2025 (1,447,721) × 100,000 = 172.2",2024,VERIFICADO_AGREGADO,Ranking nacional por tasa: #32 de 32 (1 = mayor tasa)
E29-031,pagina-estado Tlaxcala · KPI tasa,15.1,tasa desaparecidos activos por 100K hab · Tlaxcala,BASES_NACIONALES/panorama_estatal_32.csv + BASES_NACIONALES/poblacion_estatal_conapo.csv (CONAPO pry23 · conapo.segob.gob.mx),"panorama [rnpdno_activos_total] (218) / poblacion_2025 (1,447,721) × 100,000 = 15.1",2024,VERIFICADO_AGREGADO,Ranking nacional por tasa: #31 de 32 (1 = mayor tasa)
E29-032,pagina-estado Tlaxcala · KPI tasa,0.76,tasa secuestro por 100K hab 2025 · Tlaxcala,BASES_NACIONALES/panorama_estatal_32.csv + BASES_NACIONALES/poblacion_estatal_conapo.csv (CONAPO pry23 · conapo.segob.gob.mx),"panorama [sesnsp_2025_secuestro] (11) / poblacion_2025 (1,447,721) × 100,000 = 0.76",2024,VERIFICADO_AGREGADO,Ranking nacional por tasa: #6 de 32 (1 = mayor tasa)
E29-033,pagina-estado Tlaxcala · KPI tasa,3.4,tasa violencia familiar por 100K hab 2025 · Tlaxcala,BASES_NACIONALES/panorama_estatal_32.csv + BASES_NACIONALES/poblacion_estatal_conapo.csv (CONAPO pry23 · conapo.segob.gob.mx),"panorama [sesnsp_2025_violencia_familiar] (49) / poblacion_2025 (1,447,721) × 100,000 = 3.4",2024,VERIFICADO_AGREGADO,Ranking nacional por tasa: #32 de 32 (1 = mayor tasa)
E29-034,pagina-estado Tlaxcala · KPI tasa,1.24,tasa violacion (simple+equiparada) por 100K hab 2025 · Tlaxcala,BASES_NACIONALES/panorama_estatal_32.csv + BASES_NACIONALES/poblacion_estatal_conapo.csv (CONAPO pry23 · conapo.segob.gob.mx),"panorama [sesnsp_2025_violacion] (18) / poblacion_2025 (1,447,721) × 100,000 = 1.24",2024,VERIFICADO_AGREGADO,Ranking nacional por tasa: #32 de 32 (1 = mayor tasa)
E30-001,pagina-estado Veracruz de Ignacio de la Llave · KPI,"75,773",total carpetas SESNSP 2025 · Veracruz de Ignacio de la Llave,BASES_NACIONALES/panorama_estatal_32.csv + BASES_NACIONALES/delitos_estatales_2015-2025/Estatal-Delitos-2015-2025_abr2026.csv,"panorama_estatal_32.csv columna [sesnsp_2025_total] fila clave_ent=30. Derivado de groupby(Clave_Ent, Subtipo)['_total'].sum() sobre base estatal 2015-2025 · filtros exactos: ver script _construir_panorama_v3.py",2025-12 (corte abr-2026),VERIFICADO_AGREGADO,"3.76% del nacional (2,016,723 en 32 estados). Aparece en KPI de la página-estado."
E30-002,pagina-estado Veracruz de Ignacio de la Llave · KPI,813,homicidio doloso 2025 · Veracruz de Ignacio de la Llave,BASES_NACIONALES/panorama_estatal_32.csv + BASES_NACIONALES/delitos_estatales_2015-2025/Estatal-Delitos-2015-2025_abr2026.csv,"panorama_estatal_32.csv columna [sesnsp_2025_hd] fila clave_ent=30. Derivado de groupby(Clave_Ent, Subtipo)['_total'].sum() sobre base estatal 2015-2025 · filtros exactos: ver script _construir_panorama_v3.py",2025-12 (corte abr-2026),VERIFICADO_AGREGADO,"4.07% del nacional (19,987 en 32 estados). Aparece en KPI de la página-estado."
E30-003,pagina-estado Veracruz de Ignacio de la Llave · tabla,"1,061",homicidio culposo 2025 · Veracruz de Ignacio de la Llave,BASES_NACIONALES/panorama_estatal_32.csv + BASES_NACIONALES/delitos_estatales_2015-2025/Estatal-Delitos-2015-2025_abr2026.csv,"panorama_estatal_32.csv columna [sesnsp_2025_hc] fila clave_ent=30. Derivado de groupby(Clave_Ent, Subtipo)['_total'].sum() sobre base estatal 2015-2025 · filtros exactos: ver script _construir_panorama_v3.py",2025-12 (corte abr-2026),VERIFICADO_AGREGADO,"6.26% del nacional (16,945 en 32 estados). Aparece en tabla de la página-estado."
E30-004,pagina-estado Veracruz de Ignacio de la Llave · KPI,45,feminicidio 2025 · Veracruz de Ignacio de la Llave,BASES_NACIONALES/panorama_estatal_32.csv + BASES_NACIONALES/delitos_estatales_2015-2025/Estatal-Delitos-2015-2025_abr2026.csv,"panorama_estatal_32.csv columna [sesnsp_2025_feminicidio] fila clave_ent=30. Derivado de groupby(Clave_Ent, Subtipo)['_total'].sum() sobre base estatal 2015-2025 · filtros exactos: ver script _construir_panorama_v3.py",2025-12 (corte abr-2026),VERIFICADO_AGREGADO,6.33% del nacional (711 en 32 estados). Aparece en KPI de la página-estado.
E30-005,pagina-estado Veracruz de Ignacio de la Llave · KPI,730,extorsión 2025 · Veracruz de Ignacio de la Llave,BASES_NACIONALES/panorama_estatal_32.csv + BASES_NACIONALES/delitos_estatales_2015-2025/Estatal-Delitos-2015-2025_abr2026.csv,"panorama_estatal_32.csv columna [sesnsp_2025_extorsion] fila clave_ent=30. Derivado de groupby(Clave_Ent, Subtipo)['_total'].sum() sobre base estatal 2015-2025 · filtros exactos: ver script _construir_panorama_v3.py",2025-12 (corte abr-2026),VERIFICADO_AGREGADO,"6.95% del nacional (10,507 en 32 estados). Aparece en KPI de la página-estado."
E30-006,pagina-estado Veracruz de Ignacio de la Llave · tabla,32,secuestro 2025 · Veracruz de Ignacio de la Llave,BASES_NACIONALES/panorama_estatal_32.csv + BASES_NACIONALES/delitos_estatales_2015-2025/Estatal-Delitos-2015-2025_abr2026.csv,"panorama_estatal_32.csv columna [sesnsp_2025_secuestro] fila clave_ent=30. Derivado de groupby(Clave_Ent, Subtipo)['_total'].sum() sobre base estatal 2015-2025 · filtros exactos: ver script _construir_panorama_v3.py",2025-12 (corte abr-2026),VERIFICADO_AGREGADO,6.90% del nacional (464 en 32 estados). Aparece en tabla de la página-estado.
E30-007,pagina-estado Veracruz de Ignacio de la Llave · tabla,"2,587",narcomenudeo 2025 · Veracruz de Ignacio de la Llave,BASES_NACIONALES/panorama_estatal_32.csv + BASES_NACIONALES/delitos_estatales_2015-2025/Estatal-Delitos-2015-2025_abr2026.csv,"panorama_estatal_32.csv columna [sesnsp_2025_narcomenudeo] fila clave_ent=30. Derivado de groupby(Clave_Ent, Subtipo)['_total'].sum() sobre base estatal 2015-2025 · filtros exactos: ver script _construir_panorama_v3.py",2025-12 (corte abr-2026),VERIFICADO_AGREGADO,"2.48% del nacional (104,207 en 32 estados). Aparece en tabla de la página-estado."
E30-008,pagina-estado Veracruz de Ignacio de la Llave · KPI,"10,619",violencia familiar 2025 · Veracruz de Ignacio de la Llave,BASES_NACIONALES/panorama_estatal_32.csv + BASES_NACIONALES/delitos_estatales_2015-2025/Estatal-Delitos-2015-2025_abr2026.csv,"panorama_estatal_32.csv columna [sesnsp_2025_violencia_familiar] fila clave_ent=30. Derivado de groupby(Clave_Ent, Subtipo)['_total'].sum() sobre base estatal 2015-2025 · filtros exactos: ver script _construir_panorama_v3.py",2025-12 (corte abr-2026),VERIFICADO_AGREGADO,"3.98% del nacional (266,760 en 32 estados). Aparece en KPI de la página-estado."
E30-009,pagina-estado Veracruz de Ignacio de la Llave · tabla,"16,030",robo (amplio · incluye allanamiento) 2025 · Veracruz de Ignacio de la Llave,BASES_NACIONALES/panorama_estatal_32.csv + BASES_NACIONALES/delitos_estatales_2015-2025/Estatal-Delitos-2015-2025_abr2026.csv,"panorama_estatal_32.csv columna [sesnsp_2025_robo_amplio] fila clave_ent=30. Derivado de groupby(Clave_Ent, Subtipo)['_total'].sum() sobre base estatal 2015-2025 · filtros exactos: ver script _construir_panorama_v3.py",2025-12 (corte abr-2026),VERIFICADO_AGREGADO,"3.38% del nacional (474,378 en 32 estados). Aparece en tabla de la página-estado."
E30-010,pagina-estado Veracruz de Ignacio de la Llave · tabla,"6,428",lesiones dolosas 2025 · Veracruz de Ignacio de la Llave,BASES_NACIONALES/panorama_estatal_32.csv + BASES_NACIONALES/delitos_estatales_2015-2025/Estatal-Delitos-2015-2025_abr2026.csv,"panorama_estatal_32.csv columna [sesnsp_2025_lesiones_dolosas] fila clave_ent=30. Derivado de groupby(Clave_Ent, Subtipo)['_total'].sum() sobre base estatal 2015-2025 · filtros exactos: ver script _construir_panorama_v3.py",2025-12 (corte abr-2026),VERIFICADO_AGREGADO,"4.10% del nacional (156,623 en 32 estados). Aparece en tabla de la página-estado."
E30-011,pagina-estado Veracruz de Ignacio de la Llave · tabla,"1,105",abuso sexual 2025 · Veracruz de Ignacio de la Llave,BASES_NACIONALES/panorama_estatal_32.csv + BASES_NACIONALES/delitos_estatales_2015-2025/Estatal-Delitos-2015-2025_abr2026.csv,"panorama_estatal_32.csv columna [sesnsp_2025_abuso_sexual] fila clave_ent=30. Derivado de groupby(Clave_Ent, Subtipo)['_total'].sum() sobre base estatal 2015-2025 · filtros exactos: ver script _construir_panorama_v3.py",2025-12 (corte abr-2026),VERIFICADO_AGREGADO,"3.34% del nacional (33,050 en 32 estados). Aparece en tabla de la página-estado."
E30-012,pagina-estado Veracruz de Ignacio de la Llave · tabla,433,violación 2025 · Veracruz de Ignacio de la Llave,BASES_NACIONALES/panorama_estatal_32.csv + BASES_NACIONALES/delitos_estatales_2015-2025/Estatal-Delitos-2015-2025_abr2026.csv,"panorama_estatal_32.csv columna [sesnsp_2025_violacion] fila clave_ent=30. Derivado de groupby(Clave_Ent, Subtipo)['_total'].sum() sobre base estatal 2015-2025 · filtros exactos: ver script _construir_panorama_v3.py",2025-12 (corte abr-2026),VERIFICADO_AGREGADO,"2.14% del nacional (20,280 en 32 estados). Aparece en tabla de la página-estado."
E30-013,pagina-estado Veracruz de Ignacio de la Llave · tabla,"7,087",amenazas 2025 · Veracruz de Ignacio de la Llave,BASES_NACIONALES/panorama_estatal_32.csv + BASES_NACIONALES/delitos_estatales_2015-2025/Estatal-Delitos-2015-2025_abr2026.csv,"panorama_estatal_32.csv columna [sesnsp_2025_amenazas] fila clave_ent=30. Derivado de groupby(Clave_Ent, Subtipo)['_total'].sum() sobre base estatal 2015-2025 · filtros exactos: ver script _construir_panorama_v3.py",2025-12 (corte abr-2026),VERIFICADO_AGREGADO,"5.10% del nacional (138,874 en 32 estados). Aparece en tabla de la página-estado."
E30-014,pagina-estado Veracruz de Ignacio de la Llave · gráfico serie HD,525/1200/1722/1497/1432/1294/1107/855/828/770/813,Serie homicidio doloso 2015-2025 · Veracruz de Ignacio de la Llave,BASES_NACIONALES/panorama_estatal_32.csv + BASES_NACIONALES/delitos_estatales_2015-2025/Estatal-Delitos-2015-2025_abr2026.csv,panorama_estatal_32.csv columnas serie_hd_2015..serie_hd_2025 fila clave_ent=30. base estatal única corte abr-2026 (11 años).,2025-12 (corte abr-2026),VERIFICADO_AGREGADO,Min: 525 · Max: 1722 · Var %: -52.8% del pico
E30-015,pagina-estado Veracruz de Ignacio de la Llave · ranking nacional,#8 de 32,Ranking nacional total carpetas 2025 · Veracruz de Ignacio de la Llave,BASES_NACIONALES/panorama_estatal_32.csv + BASES_NACIONALES/delitos_estatales_2015-2025/Estatal-Delitos-2015-2025_abr2026.csv,panorama_estatal_32.csv columna [sesnsp_2025_total].rank(ascending=False) → posición de clave_ent=30,2025-12 (corte abr-2026),VERIFICADO_AGREGADO,1 = mayor incidencia · 32 = menor
E30-016,pagina-estado Veracruz de Ignacio de la Llave · ranking nacional,#11 de 32,Ranking nacional homicidio doloso 2025 · Veracruz de Ignacio de la Llave,BASES_NACIONALES/panorama_estatal_32.csv + BASES_NACIONALES/delitos_estatales_2015-2025/Estatal-Delitos-2015-2025_abr2026.csv,panorama_estatal_32.csv columna [sesnsp_2025_hd].rank(ascending=False) → posición de clave_ent=30,2025-12 (corte abr-2026),VERIFICADO_AGREGADO,1 = mayor incidencia · 32 = menor
E30-017,pagina-estado Veracruz de Ignacio de la Llave · ranking nacional,#5 de 32,Ranking nacional extorsión 2025 · Veracruz de Ignacio de la Llave,BASES_NACIONALES/panorama_estatal_32.csv + BASES_NACIONALES/delitos_estatales_2015-2025/Estatal-Delitos-2015-2025_abr2026.csv,panorama_estatal_32.csv columna [sesnsp_2025_extorsion].rank(ascending=False) → posición de clave_ent=30,2025-12 (corte abr-2026),VERIFICADO_AGREGADO,1 = mayor incidencia · 32 = menor
E30-018,pagina-estado Veracruz de Ignacio de la Llave · ranking nacional,#3 de 32,Ranking nacional feminicidio 2025 · Veracruz de Ignacio de la Llave,BASES_NACIONALES/panorama_estatal_32.csv + BASES_NACIONALES/delitos_estatales_2015-2025/Estatal-Delitos-2015-2025_abr2026.csv,panorama_estatal_32.csv columna [sesnsp_2025_feminicidio].rank(ascending=False) → posición de clave_ent=30,2025-12 (corte abr-2026),VERIFICADO_AGREGADO,1 = mayor incidencia · 32 = menor
E30-019,pagina-estado Veracruz de Ignacio de la Llave · ranking nacional,#9 de 32,Ranking nacional violencia familiar 2025 · Veracruz de Ignacio de la Llave,BASES_NACIONALES/panorama_estatal_32.csv + BASES_NACIONALES/delitos_estatales_2015-2025/Estatal-Delitos-2015-2025_abr2026.csv,panorama_estatal_32.csv columna [sesnsp_2025_violencia_familiar].rank(ascending=False) → posición de clave_ent=30,2025-12 (corte abr-2026),VERIFICADO_AGREGADO,1 = mayor incidencia · 32 = menor
E30-020,pagina-estado Veracruz de Ignacio de la Llave · panel RNPDNO,"7,258",RNPDNO desaparecidos activos · Veracruz de Ignacio de la Llave · al 3-jun-2026,BASES_NACIONALES/panorama_estatal_32.csv + EXCEL - SEGURIDAD MORELOS/NUEVOS REPORTES DESAPARICIONES/activos_por_entidad.csv,panorama_estatal_32.csv columna [rnpdno_desaparecidos] fila clave_ent=30. Mapeo nombre INEGI → alias RNPDNO. Fuente primaria: dashboard oficial post-reforma RNPDNO.,2026-06-03,VERIFICADO_AGREGADO,
E30-021,pagina-estado Veracruz de Ignacio de la Llave · panel RNPDNO,5,RNPDNO no localizados · Veracruz de Ignacio de la Llave · al 3-jun-2026,BASES_NACIONALES/panorama_estatal_32.csv + EXCEL - SEGURIDAD MORELOS/NUEVOS REPORTES DESAPARICIONES/activos_por_entidad.csv,panorama_estatal_32.csv columna [rnpdno_no_localizados] fila clave_ent=30. Mapeo nombre INEGI → alias RNPDNO. Fuente primaria: dashboard oficial post-reforma RNPDNO.,2026-06-03,VERIFICADO_AGREGADO,
E30-022,pagina-estado Veracruz de Ignacio de la Llave · panel RNPDNO,"8,548",RNPDNO localizados con vida · Veracruz de Ignacio de la Llave · al 3-jun-2026,BASES_NACIONALES/panorama_estatal_32.csv + EXCEL - SEGURIDAD MORELOS/NUEVOS REPORTES DESAPARICIONES/activos_por_entidad.csv,panorama_estatal_32.csv columna [rnpdno_loc_con_vida] fila clave_ent=30. Mapeo nombre INEGI → alias RNPDNO. Fuente primaria: dashboard oficial post-reforma RNPDNO.,2026-06-03,VERIFICADO_AGREGADO,
E30-023,pagina-estado Veracruz de Ignacio de la Llave · panel RNPDNO,"1,091",RNPDNO localizados sin vida · Veracruz de Ignacio de la Llave · al 3-jun-2026,BASES_NACIONALES/panorama_estatal_32.csv + EXCEL - SEGURIDAD MORELOS/NUEVOS REPORTES DESAPARICIONES/activos_por_entidad.csv,panorama_estatal_32.csv columna [rnpdno_loc_sin_vida] fila clave_ent=30. Mapeo nombre INEGI → alias RNPDNO. Fuente primaria: dashboard oficial post-reforma RNPDNO.,2026-06-03,VERIFICADO_AGREGADO,
E30-024,pagina-estado Veracruz de Ignacio de la Llave · panel RNPDNO,"7,263",RNPDNO activos totales (desap + no loc) · Veracruz de Ignacio de la Llave · al 3-jun-2026,BASES_NACIONALES/panorama_estatal_32.csv + EXCEL - SEGURIDAD MORELOS/NUEVOS REPORTES DESAPARICIONES/activos_por_entidad.csv,panorama_estatal_32.csv columna [rnpdno_activos_total] fila clave_ent=30. Mapeo nombre INEGI → alias RNPDNO. Fuente primaria: dashboard oficial post-reforma RNPDNO.,2026-06-03,VERIFICADO_AGREGADO,5.42% del nacional
E30-025,pagina-estado Veracruz de Ignacio de la Llave · ranking nacional RNPDNO,#7 de 32,Ranking nacional desaparecidos activos · Veracruz de Ignacio de la Llave,BASES_NACIONALES/panorama_estatal_32.csv + EXCEL - SEGURIDAD MORELOS/NUEVOS REPORTES DESAPARICIONES/activos_por_entidad.csv,panorama_estatal_32.csv columna [rnpdno_activos_total].rank(ascending=False) → posición clave_ent=30,2026-06-03,VERIFICADO_AGREGADO,1 = mayor número de activos · 32 = menor
E30-026,pagina-estado Veracruz de Ignacio de la Llave · KPI 2026 parcial,"27,401",Carpetas SESNSP 2026 parcial (ene-abr) · Veracruz de Ignacio de la Llave,BASES_NACIONALES/panorama_estatal_32.csv + BASES_NACIONALES/delitos_estatales_RNID_2026/RNID-Delitos_Estatal-2026-abr2026.csv,panorama_estatal_32.csv columna [sesnsp_2026_parcial_total] fila clave_ent=30. RNID estatal 2026 corte abr-2026 · sum(Enero..Abril) por Clave_Ent · CON desglose por subtipo,2026-04 (corte abr-2026),VERIFICADO_AGREGADO,"4.20% del nacional T1 (652,342). Ritmo anualizado ×3 = 82,203 → +8.5% vs total 2025. Con desglose completo por subtipo (RNID estatal)."
E30-027,pagina-estado Veracruz de Ignacio de la Llave · denominador tasas,"8,121,275",Población a mitad de año 2025 · Veracruz de Ignacio de la Llave,BASES_NACIONALES/panorama_estatal_32.csv + BASES_NACIONALES/poblacion_estatal_conapo.csv (CONAPO pry23 · conapo.segob.gob.mx),"CONAPO pry23 00_Pob_Mitad_1950_2070.csv · sum(POBLACION) WHERE ANIO=2025 AND CVE_GEO=30 (todas edades y sexos). Validado: suma 32 entidades == nacional CVE_GEO=0 (133,367,428 · diff 0)",2025 (proyección pry23),VERIFICADO_AGREGADO,Denominador oficial para todas las tasas /100K del estado
E30-028,pagina-estado Veracruz de Ignacio de la Llave · KPI tasa,10.01,tasa homicidio doloso por 100K hab 2025 · Veracruz de Ignacio de la Llave,BASES_NACIONALES/panorama_estatal_32.csv + BASES_NACIONALES/poblacion_estatal_conapo.csv (CONAPO pry23 · conapo.segob.gob.mx),"panorama [sesnsp_2025_hd] (813) / poblacion_2025 (8,121,275) × 100,000 = 10.01",2024,VERIFICADO_AGREGADO,Ranking nacional por tasa: #19 de 32 (1 = mayor tasa)
E30-029,pagina-estado Veracruz de Ignacio de la Llave · KPI tasa,0.554,"tasa feminicidio por 100K hab 2025 (poblacion total, declarado) · Veracruz de Ignacio de la Llave",BASES_NACIONALES/panorama_estatal_32.csv + BASES_NACIONALES/poblacion_estatal_conapo.csv (CONAPO pry23 · conapo.segob.gob.mx),"panorama [sesnsp_2025_feminicidio] (45) / poblacion_2025 (8,121,275) × 100,000 = 0.554",2024,VERIFICADO_AGREGADO,Ranking nacional por tasa: #12 de 32 (1 = mayor tasa)
E30-030,pagina-estado Veracruz de Ignacio de la Llave · KPI tasa,933.0,tasa total carpetas por 100K hab 2025 · Veracruz de Ignacio de la Llave,BASES_NACIONALES/panorama_estatal_32.csv + BASES_NACIONALES/poblacion_estatal_conapo.csv (CONAPO pry23 · conapo.segob.gob.mx),"panorama [sesnsp_2025_total] (75,773) / poblacion_2025 (8,121,275) × 100,000 = 933.0",2024,VERIFICADO_AGREGADO,Ranking nacional por tasa: #25 de 32 (1 = mayor tasa)
E30-031,pagina-estado Veracruz de Ignacio de la Llave · KPI tasa,89.4,tasa desaparecidos activos por 100K hab · Veracruz de Ignacio de la Llave,BASES_NACIONALES/panorama_estatal_32.csv + BASES_NACIONALES/poblacion_estatal_conapo.csv (CONAPO pry23 · conapo.segob.gob.mx),"panorama [rnpdno_activos_total] (7,263) / poblacion_2025 (8,121,275) × 100,000 = 89.4",2024,VERIFICADO_AGREGADO,Ranking nacional por tasa: #17 de 32 (1 = mayor tasa)
E30-032,pagina-estado Veracruz de Ignacio de la Llave · KPI tasa,0.394,tasa secuestro por 100K hab 2025 · Veracruz de Ignacio de la Llave,BASES_NACIONALES/panorama_estatal_32.csv + BASES_NACIONALES/poblacion_estatal_conapo.csv (CONAPO pry23 · conapo.segob.gob.mx),"panorama [sesnsp_2025_secuestro] (32) / poblacion_2025 (8,121,275) × 100,000 = 0.394",2024,VERIFICADO_AGREGADO,Ranking nacional por tasa: #9 de 32 (1 = mayor tasa)
E30-033,pagina-estado Veracruz de Ignacio de la Llave · KPI tasa,130.8,tasa violencia familiar por 100K hab 2025 · Veracruz de Ignacio de la Llave,BASES_NACIONALES/panorama_estatal_32.csv + BASES_NACIONALES/poblacion_estatal_conapo.csv (CONAPO pry23 · conapo.segob.gob.mx),"panorama [sesnsp_2025_violencia_familiar] (10,619) / poblacion_2025 (8,121,275) × 100,000 = 130.8",2024,VERIFICADO_AGREGADO,Ranking nacional por tasa: #25 de 32 (1 = mayor tasa)
E30-034,pagina-estado Veracruz de Ignacio de la Llave · KPI tasa,5.33,tasa violacion (simple+equiparada) por 100K hab 2025 · Veracruz de Ignacio de la Llave,BASES_NACIONALES/panorama_estatal_32.csv + BASES_NACIONALES/poblacion_estatal_conapo.csv (CONAPO pry23 · conapo.segob.gob.mx),"panorama [sesnsp_2025_violacion] (433) / poblacion_2025 (8,121,275) × 100,000 = 5.33",2024,VERIFICADO_AGREGADO,Ranking nacional por tasa: #29 de 32 (1 = mayor tasa)
E31-001,pagina-estado Yucatán · KPI,"5,357",total carpetas SESNSP 2025 · Yucatán,BASES_NACIONALES/panorama_estatal_32.csv + BASES_NACIONALES/delitos_estatales_2015-2025/Estatal-Delitos-2015-2025_abr2026.csv,"panorama_estatal_32.csv columna [sesnsp_2025_total] fila clave_ent=31. Derivado de groupby(Clave_Ent, Subtipo)['_total'].sum() sobre base estatal 2015-2025 · filtros exactos: ver script _construir_panorama_v3.py",2025-12 (corte abr-2026),VERIFICADO_AGREGADO,"0.27% del nacional (2,016,723 en 32 estados). Aparece en KPI de la página-estado."
E31-002,pagina-estado Yucatán · KPI,35,homicidio doloso 2025 · Yucatán,BASES_NACIONALES/panorama_estatal_32.csv + BASES_NACIONALES/delitos_estatales_2015-2025/Estatal-Delitos-2015-2025_abr2026.csv,"panorama_estatal_32.csv columna [sesnsp_2025_hd] fila clave_ent=31. Derivado de groupby(Clave_Ent, Subtipo)['_total'].sum() sobre base estatal 2015-2025 · filtros exactos: ver script _construir_panorama_v3.py",2025-12 (corte abr-2026),VERIFICADO_AGREGADO,"0.18% del nacional (19,987 en 32 estados). Aparece en KPI de la página-estado."
E31-003,pagina-estado Yucatán · tabla,176,homicidio culposo 2025 · Yucatán,BASES_NACIONALES/panorama_estatal_32.csv + BASES_NACIONALES/delitos_estatales_2015-2025/Estatal-Delitos-2015-2025_abr2026.csv,"panorama_estatal_32.csv columna [sesnsp_2025_hc] fila clave_ent=31. Derivado de groupby(Clave_Ent, Subtipo)['_total'].sum() sobre base estatal 2015-2025 · filtros exactos: ver script _construir_panorama_v3.py",2025-12 (corte abr-2026),VERIFICADO_AGREGADO,"1.04% del nacional (16,945 en 32 estados). Aparece en tabla de la página-estado."
E31-004,pagina-estado Yucatán · KPI,10,feminicidio 2025 · Yucatán,BASES_NACIONALES/panorama_estatal_32.csv + BASES_NACIONALES/delitos_estatales_2015-2025/Estatal-Delitos-2015-2025_abr2026.csv,"panorama_estatal_32.csv columna [sesnsp_2025_feminicidio] fila clave_ent=31. Derivado de groupby(Clave_Ent, Subtipo)['_total'].sum() sobre base estatal 2015-2025 · filtros exactos: ver script _construir_panorama_v3.py",2025-12 (corte abr-2026),VERIFICADO_AGREGADO,1.41% del nacional (711 en 32 estados). Aparece en KPI de la página-estado.
E31-005,pagina-estado Yucatán · KPI,2,extorsión 2025 · Yucatán,BASES_NACIONALES/panorama_estatal_32.csv + BASES_NACIONALES/delitos_estatales_2015-2025/Estatal-Delitos-2015-2025_abr2026.csv,"panorama_estatal_32.csv columna [sesnsp_2025_extorsion] fila clave_ent=31. Derivado de groupby(Clave_Ent, Subtipo)['_total'].sum() sobre base estatal 2015-2025 · filtros exactos: ver script _construir_panorama_v3.py",2025-12 (corte abr-2026),VERIFICADO_AGREGADO,"0.02% del nacional (10,507 en 32 estados). Aparece en KPI de la página-estado."
E31-006,pagina-estado Yucatán · tabla,0,secuestro 2025 · Yucatán,BASES_NACIONALES/panorama_estatal_32.csv + BASES_NACIONALES/delitos_estatales_2015-2025/Estatal-Delitos-2015-2025_abr2026.csv,"panorama_estatal_32.csv columna [sesnsp_2025_secuestro] fila clave_ent=31. Derivado de groupby(Clave_Ent, Subtipo)['_total'].sum() sobre base estatal 2015-2025 · filtros exactos: ver script _construir_panorama_v3.py",2025-12 (corte abr-2026),VERIFICADO_AGREGADO,0.00% del nacional (464 en 32 estados). Aparece en tabla de la página-estado.
E31-007,pagina-estado Yucatán · tabla,300,narcomenudeo 2025 · Yucatán,BASES_NACIONALES/panorama_estatal_32.csv + BASES_NACIONALES/delitos_estatales_2015-2025/Estatal-Delitos-2015-2025_abr2026.csv,"panorama_estatal_32.csv columna [sesnsp_2025_narcomenudeo] fila clave_ent=31. Derivado de groupby(Clave_Ent, Subtipo)['_total'].sum() sobre base estatal 2015-2025 · filtros exactos: ver script _construir_panorama_v3.py",2025-12 (corte abr-2026),VERIFICADO_AGREGADO,"0.29% del nacional (104,207 en 32 estados). Aparece en tabla de la página-estado."
E31-008,pagina-estado Yucatán · KPI,288,violencia familiar 2025 · Yucatán,BASES_NACIONALES/panorama_estatal_32.csv + BASES_NACIONALES/delitos_estatales_2015-2025/Estatal-Delitos-2015-2025_abr2026.csv,"panorama_estatal_32.csv columna [sesnsp_2025_violencia_familiar] fila clave_ent=31. Derivado de groupby(Clave_Ent, Subtipo)['_total'].sum() sobre base estatal 2015-2025 · filtros exactos: ver script _construir_panorama_v3.py",2025-12 (corte abr-2026),VERIFICADO_AGREGADO,"0.11% del nacional (266,760 en 32 estados). Aparece en KPI de la página-estado."
E31-009,pagina-estado Yucatán · tabla,724,robo (amplio · incluye allanamiento) 2025 · Yucatán,BASES_NACIONALES/panorama_estatal_32.csv + BASES_NACIONALES/delitos_estatales_2015-2025/Estatal-Delitos-2015-2025_abr2026.csv,"panorama_estatal_32.csv columna [sesnsp_2025_robo_amplio] fila clave_ent=31. Derivado de groupby(Clave_Ent, Subtipo)['_total'].sum() sobre base estatal 2015-2025 · filtros exactos: ver script _construir_panorama_v3.py",2025-12 (corte abr-2026),VERIFICADO_AGREGADO,"0.15% del nacional (474,378 en 32 estados). Aparece en tabla de la página-estado."
E31-010,pagina-estado Yucatán · tabla,283,lesiones dolosas 2025 · Yucatán,BASES_NACIONALES/panorama_estatal_32.csv + BASES_NACIONALES/delitos_estatales_2015-2025/Estatal-Delitos-2015-2025_abr2026.csv,"panorama_estatal_32.csv columna [sesnsp_2025_lesiones_dolosas] fila clave_ent=31. Derivado de groupby(Clave_Ent, Subtipo)['_total'].sum() sobre base estatal 2015-2025 · filtros exactos: ver script _construir_panorama_v3.py",2025-12 (corte abr-2026),VERIFICADO_AGREGADO,"0.18% del nacional (156,623 en 32 estados). Aparece en tabla de la página-estado."
E31-011,pagina-estado Yucatán · tabla,113,abuso sexual 2025 · Yucatán,BASES_NACIONALES/panorama_estatal_32.csv + BASES_NACIONALES/delitos_estatales_2015-2025/Estatal-Delitos-2015-2025_abr2026.csv,"panorama_estatal_32.csv columna [sesnsp_2025_abuso_sexual] fila clave_ent=31. Derivado de groupby(Clave_Ent, Subtipo)['_total'].sum() sobre base estatal 2015-2025 · filtros exactos: ver script _construir_panorama_v3.py",2025-12 (corte abr-2026),VERIFICADO_AGREGADO,"0.34% del nacional (33,050 en 32 estados). Aparece en tabla de la página-estado."
E31-012,pagina-estado Yucatán · tabla,46,violación 2025 · Yucatán,BASES_NACIONALES/panorama_estatal_32.csv + BASES_NACIONALES/delitos_estatales_2015-2025/Estatal-Delitos-2015-2025_abr2026.csv,"panorama_estatal_32.csv columna [sesnsp_2025_violacion] fila clave_ent=31. Derivado de groupby(Clave_Ent, Subtipo)['_total'].sum() sobre base estatal 2015-2025 · filtros exactos: ver script _construir_panorama_v3.py",2025-12 (corte abr-2026),VERIFICADO_AGREGADO,"0.23% del nacional (20,280 en 32 estados). Aparece en tabla de la página-estado."
E31-013,pagina-estado Yucatán · tabla,791,amenazas 2025 · Yucatán,BASES_NACIONALES/panorama_estatal_32.csv + BASES_NACIONALES/delitos_estatales_2015-2025/Estatal-Delitos-2015-2025_abr2026.csv,"panorama_estatal_32.csv columna [sesnsp_2025_amenazas] fila clave_ent=31. Derivado de groupby(Clave_Ent, Subtipo)['_total'].sum() sobre base estatal 2015-2025 · filtros exactos: ver script _construir_panorama_v3.py",2025-12 (corte abr-2026),VERIFICADO_AGREGADO,"0.57% del nacional (138,874 en 32 estados). Aparece en tabla de la página-estado."
E31-014,pagina-estado Yucatán · gráfico serie HD,52/50/37/48/33/52/42/39/34/44/35,Serie homicidio doloso 2015-2025 · Yucatán,BASES_NACIONALES/panorama_estatal_32.csv + BASES_NACIONALES/delitos_estatales_2015-2025/Estatal-Delitos-2015-2025_abr2026.csv,panorama_estatal_32.csv columnas serie_hd_2015..serie_hd_2025 fila clave_ent=31. base estatal única corte abr-2026 (11 años).,2025-12 (corte abr-2026),VERIFICADO_AGREGADO,Min: 33 · Max: 52 · Var %: -32.7% del pico
E31-015,pagina-estado Yucatán · ranking nacional,#31 de 32,Ranking nacional total carpetas 2025 · Yucatán,BASES_NACIONALES/panorama_estatal_32.csv + BASES_NACIONALES/delitos_estatales_2015-2025/Estatal-Delitos-2015-2025_abr2026.csv,panorama_estatal_32.csv columna [sesnsp_2025_total].rank(ascending=False) → posición de clave_ent=31,2025-12 (corte abr-2026),VERIFICADO_AGREGADO,1 = mayor incidencia · 32 = menor
E31-016,pagina-estado Yucatán · ranking nacional,#32 de 32,Ranking nacional homicidio doloso 2025 · Yucatán,BASES_NACIONALES/panorama_estatal_32.csv + BASES_NACIONALES/delitos_estatales_2015-2025/Estatal-Delitos-2015-2025_abr2026.csv,panorama_estatal_32.csv columna [sesnsp_2025_hd].rank(ascending=False) → posición de clave_ent=31,2025-12 (corte abr-2026),VERIFICADO_AGREGADO,1 = mayor incidencia · 32 = menor
E31-017,pagina-estado Yucatán · ranking nacional,#32 de 32,Ranking nacional extorsión 2025 · Yucatán,BASES_NACIONALES/panorama_estatal_32.csv + BASES_NACIONALES/delitos_estatales_2015-2025/Estatal-Delitos-2015-2025_abr2026.csv,panorama_estatal_32.csv columna [sesnsp_2025_extorsion].rank(ascending=False) → posición de clave_ent=31,2025-12 (corte abr-2026),VERIFICADO_AGREGADO,1 = mayor incidencia · 32 = menor
E31-018,pagina-estado Yucatán · ranking nacional,#23 de 32,Ranking nacional feminicidio 2025 · Yucatán,BASES_NACIONALES/panorama_estatal_32.csv + BASES_NACIONALES/delitos_estatales_2015-2025/Estatal-Delitos-2015-2025_abr2026.csv,panorama_estatal_32.csv columna [sesnsp_2025_feminicidio].rank(ascending=False) → posición de clave_ent=31,2025-12 (corte abr-2026),VERIFICADO_AGREGADO,1 = mayor incidencia · 32 = menor
E31-019,pagina-estado Yucatán · ranking nacional,#31 de 32,Ranking nacional violencia familiar 2025 · Yucatán,BASES_NACIONALES/panorama_estatal_32.csv + BASES_NACIONALES/delitos_estatales_2015-2025/Estatal-Delitos-2015-2025_abr2026.csv,panorama_estatal_32.csv columna [sesnsp_2025_violencia_familiar].rank(ascending=False) → posición de clave_ent=31,2025-12 (corte abr-2026),VERIFICADO_AGREGADO,1 = mayor incidencia · 32 = menor
E31-020,pagina-estado Yucatán · panel RNPDNO,336,RNPDNO desaparecidos activos · Yucatán · al 3-jun-2026,BASES_NACIONALES/panorama_estatal_32.csv + EXCEL - SEGURIDAD MORELOS/NUEVOS REPORTES DESAPARICIONES/activos_por_entidad.csv,panorama_estatal_32.csv columna [rnpdno_desaparecidos] fila clave_ent=31. Mapeo nombre INEGI → alias RNPDNO. Fuente primaria: dashboard oficial post-reforma RNPDNO.,2026-06-03,VERIFICADO_AGREGADO,
E31-021,pagina-estado Yucatán · panel RNPDNO,4,RNPDNO no localizados · Yucatán · al 3-jun-2026,BASES_NACIONALES/panorama_estatal_32.csv + EXCEL - SEGURIDAD MORELOS/NUEVOS REPORTES DESAPARICIONES/activos_por_entidad.csv,panorama_estatal_32.csv columna [rnpdno_no_localizados] fila clave_ent=31. Mapeo nombre INEGI → alias RNPDNO. Fuente primaria: dashboard oficial post-reforma RNPDNO.,2026-06-03,VERIFICADO_AGREGADO,
E31-022,pagina-estado Yucatán · panel RNPDNO,"6,687",RNPDNO localizados con vida · Yucatán · al 3-jun-2026,BASES_NACIONALES/panorama_estatal_32.csv + EXCEL - SEGURIDAD MORELOS/NUEVOS REPORTES DESAPARICIONES/activos_por_entidad.csv,panorama_estatal_32.csv columna [rnpdno_loc_con_vida] fila clave_ent=31. Mapeo nombre INEGI → alias RNPDNO. Fuente primaria: dashboard oficial post-reforma RNPDNO.,2026-06-03,VERIFICADO_AGREGADO,
E31-023,pagina-estado Yucatán · panel RNPDNO,218,RNPDNO localizados sin vida · Yucatán · al 3-jun-2026,BASES_NACIONALES/panorama_estatal_32.csv + EXCEL - SEGURIDAD MORELOS/NUEVOS REPORTES DESAPARICIONES/activos_por_entidad.csv,panorama_estatal_32.csv columna [rnpdno_loc_sin_vida] fila clave_ent=31. Mapeo nombre INEGI → alias RNPDNO. Fuente primaria: dashboard oficial post-reforma RNPDNO.,2026-06-03,VERIFICADO_AGREGADO,
E31-024,pagina-estado Yucatán · panel RNPDNO,340,RNPDNO activos totales (desap + no loc) · Yucatán · al 3-jun-2026,BASES_NACIONALES/panorama_estatal_32.csv + EXCEL - SEGURIDAD MORELOS/NUEVOS REPORTES DESAPARICIONES/activos_por_entidad.csv,panorama_estatal_32.csv columna [rnpdno_activos_total] fila clave_ent=31. Mapeo nombre INEGI → alias RNPDNO. Fuente primaria: dashboard oficial post-reforma RNPDNO.,2026-06-03,VERIFICADO_AGREGADO,0.25% del nacional
E31-025,pagina-estado Yucatán · ranking nacional RNPDNO,#30 de 32,Ranking nacional desaparecidos activos · Yucatán,BASES_NACIONALES/panorama_estatal_32.csv + EXCEL - SEGURIDAD MORELOS/NUEVOS REPORTES DESAPARICIONES/activos_por_entidad.csv,panorama_estatal_32.csv columna [rnpdno_activos_total].rank(ascending=False) → posición clave_ent=31,2026-06-03,VERIFICADO_AGREGADO,1 = mayor número de activos · 32 = menor
E31-026,pagina-estado Yucatán · KPI 2026 parcial,"2,346",Carpetas SESNSP 2026 parcial (ene-abr) · Yucatán,BASES_NACIONALES/panorama_estatal_32.csv + BASES_NACIONALES/delitos_estatales_RNID_2026/RNID-Delitos_Estatal-2026-abr2026.csv,panorama_estatal_32.csv columna [sesnsp_2026_parcial_total] fila clave_ent=31. RNID estatal 2026 corte abr-2026 · sum(Enero..Abril) por Clave_Ent · CON desglose por subtipo,2026-04 (corte abr-2026),VERIFICADO_AGREGADO,"0.36% del nacional T1 (652,342). Ritmo anualizado ×3 = 7,038 → +31.4% vs total 2025. Con desglose completo por subtipo (RNID estatal)."
E31-027,pagina-estado Yucatán · denominador tasas,"2,513,461",Población a mitad de año 2025 · Yucatán,BASES_NACIONALES/panorama_estatal_32.csv + BASES_NACIONALES/poblacion_estatal_conapo.csv (CONAPO pry23 · conapo.segob.gob.mx),"CONAPO pry23 00_Pob_Mitad_1950_2070.csv · sum(POBLACION) WHERE ANIO=2025 AND CVE_GEO=31 (todas edades y sexos). Validado: suma 32 entidades == nacional CVE_GEO=0 (133,367,428 · diff 0)",2025 (proyección pry23),VERIFICADO_AGREGADO,Denominador oficial para todas las tasas /100K del estado
E31-028,pagina-estado Yucatán · KPI tasa,1.39,tasa homicidio doloso por 100K hab 2025 · Yucatán,BASES_NACIONALES/panorama_estatal_32.csv + BASES_NACIONALES/poblacion_estatal_conapo.csv (CONAPO pry23 · conapo.segob.gob.mx),"panorama [sesnsp_2025_hd] (35) / poblacion_2025 (2,513,461) × 100,000 = 1.39",2024,VERIFICADO_AGREGADO,Ranking nacional por tasa: #32 de 32 (1 = mayor tasa)
E31-029,pagina-estado Yucatán · KPI tasa,0.398,"tasa feminicidio por 100K hab 2025 (poblacion total, declarado) · Yucatán",BASES_NACIONALES/panorama_estatal_32.csv + BASES_NACIONALES/poblacion_estatal_conapo.csv (CONAPO pry23 · conapo.segob.gob.mx),"panorama [sesnsp_2025_feminicidio] (10) / poblacion_2025 (2,513,461) × 100,000 = 0.398",2024,VERIFICADO_AGREGADO,Ranking nacional por tasa: #22 de 32 (1 = mayor tasa)
E31-030,pagina-estado Yucatán · KPI tasa,213.1,tasa total carpetas por 100K hab 2025 · Yucatán,BASES_NACIONALES/panorama_estatal_32.csv + BASES_NACIONALES/poblacion_estatal_conapo.csv (CONAPO pry23 · conapo.segob.gob.mx),"panorama [sesnsp_2025_total] (5,357) / poblacion_2025 (2,513,461) × 100,000 = 213.1",2024,VERIFICADO_AGREGADO,Ranking nacional por tasa: #30 de 32 (1 = mayor tasa)
E31-031,pagina-estado Yucatán · KPI tasa,13.5,tasa desaparecidos activos por 100K hab · Yucatán,BASES_NACIONALES/panorama_estatal_32.csv + BASES_NACIONALES/poblacion_estatal_conapo.csv (CONAPO pry23 · conapo.segob.gob.mx),"panorama [rnpdno_activos_total] (340) / poblacion_2025 (2,513,461) × 100,000 = 13.5",2024,VERIFICADO_AGREGADO,Ranking nacional por tasa: #32 de 32 (1 = mayor tasa)
E31-032,pagina-estado Yucatán · KPI tasa,0.0,tasa secuestro por 100K hab 2025 · Yucatán,BASES_NACIONALES/panorama_estatal_32.csv + BASES_NACIONALES/poblacion_estatal_conapo.csv (CONAPO pry23 · conapo.segob.gob.mx),"panorama [sesnsp_2025_secuestro] (0) / poblacion_2025 (2,513,461) × 100,000 = 0.0",2024,VERIFICADO_AGREGADO,Ranking nacional por tasa: #27 de 32 (1 = mayor tasa)
E31-033,pagina-estado Yucatán · KPI tasa,11.5,tasa violencia familiar por 100K hab 2025 · Yucatán,BASES_NACIONALES/panorama_estatal_32.csv + BASES_NACIONALES/poblacion_estatal_conapo.csv (CONAPO pry23 · conapo.segob.gob.mx),"panorama [sesnsp_2025_violencia_familiar] (288) / poblacion_2025 (2,513,461) × 100,000 = 11.5",2024,VERIFICADO_AGREGADO,Ranking nacional por tasa: #31 de 32 (1 = mayor tasa)
E31-034,pagina-estado Yucatán · KPI tasa,1.83,tasa violacion (simple+equiparada) por 100K hab 2025 · Yucatán,BASES_NACIONALES/panorama_estatal_32.csv + BASES_NACIONALES/poblacion_estatal_conapo.csv (CONAPO pry23 · conapo.segob.gob.mx),"panorama [sesnsp_2025_violacion] (46) / poblacion_2025 (2,513,461) × 100,000 = 1.83",2024,VERIFICADO_AGREGADO,Ranking nacional por tasa: #31 de 32 (1 = mayor tasa)
E32-001,pagina-estado Zacatecas · KPI,"23,490",total carpetas SESNSP 2025 · Zacatecas,BASES_NACIONALES/panorama_estatal_32.csv + BASES_NACIONALES/delitos_estatales_2015-2025/Estatal-Delitos-2015-2025_abr2026.csv,"panorama_estatal_32.csv columna [sesnsp_2025_total] fila clave_ent=32. Derivado de groupby(Clave_Ent, Subtipo)['_total'].sum() sobre base estatal 2015-2025 · filtros exactos: ver script _construir_panorama_v3.py",2025-12 (corte abr-2026),VERIFICADO_AGREGADO,"1.16% del nacional (2,016,723 en 32 estados). Aparece en KPI de la página-estado."
E32-002,pagina-estado Zacatecas · KPI,114,homicidio doloso 2025 · Zacatecas,BASES_NACIONALES/panorama_estatal_32.csv + BASES_NACIONALES/delitos_estatales_2015-2025/Estatal-Delitos-2015-2025_abr2026.csv,"panorama_estatal_32.csv columna [sesnsp_2025_hd] fila clave_ent=32. Derivado de groupby(Clave_Ent, Subtipo)['_total'].sum() sobre base estatal 2015-2025 · filtros exactos: ver script _construir_panorama_v3.py",2025-12 (corte abr-2026),VERIFICADO_AGREGADO,"0.57% del nacional (19,987 en 32 estados). Aparece en KPI de la página-estado."
E32-003,pagina-estado Zacatecas · tabla,407,homicidio culposo 2025 · Zacatecas,BASES_NACIONALES/panorama_estatal_32.csv + BASES_NACIONALES/delitos_estatales_2015-2025/Estatal-Delitos-2015-2025_abr2026.csv,"panorama_estatal_32.csv columna [sesnsp_2025_hc] fila clave_ent=32. Derivado de groupby(Clave_Ent, Subtipo)['_total'].sum() sobre base estatal 2015-2025 · filtros exactos: ver script _construir_panorama_v3.py",2025-12 (corte abr-2026),VERIFICADO_AGREGADO,"2.40% del nacional (16,945 en 32 estados). Aparece en tabla de la página-estado."
E32-004,pagina-estado Zacatecas · KPI,7,feminicidio 2025 · Zacatecas,BASES_NACIONALES/panorama_estatal_32.csv + BASES_NACIONALES/delitos_estatales_2015-2025/Estatal-Delitos-2015-2025_abr2026.csv,"panorama_estatal_32.csv columna [sesnsp_2025_feminicidio] fila clave_ent=32. Derivado de groupby(Clave_Ent, Subtipo)['_total'].sum() sobre base estatal 2015-2025 · filtros exactos: ver script _construir_panorama_v3.py",2025-12 (corte abr-2026),VERIFICADO_AGREGADO,0.98% del nacional (711 en 32 estados). Aparece en KPI de la página-estado.
E32-005,pagina-estado Zacatecas · KPI,62,extorsión 2025 · Zacatecas,BASES_NACIONALES/panorama_estatal_32.csv + BASES_NACIONALES/delitos_estatales_2015-2025/Estatal-Delitos-2015-2025_abr2026.csv,"panorama_estatal_32.csv columna [sesnsp_2025_extorsion] fila clave_ent=32. Derivado de groupby(Clave_Ent, Subtipo)['_total'].sum() sobre base estatal 2015-2025 · filtros exactos: ver script _construir_panorama_v3.py",2025-12 (corte abr-2026),VERIFICADO_AGREGADO,"0.59% del nacional (10,507 en 32 estados). Aparece en KPI de la página-estado."
E32-006,pagina-estado Zacatecas · tabla,2,secuestro 2025 · Zacatecas,BASES_NACIONALES/panorama_estatal_32.csv + BASES_NACIONALES/delitos_estatales_2015-2025/Estatal-Delitos-2015-2025_abr2026.csv,"panorama_estatal_32.csv columna [sesnsp_2025_secuestro] fila clave_ent=32. Derivado de groupby(Clave_Ent, Subtipo)['_total'].sum() sobre base estatal 2015-2025 · filtros exactos: ver script _construir_panorama_v3.py",2025-12 (corte abr-2026),VERIFICADO_AGREGADO,0.43% del nacional (464 en 32 estados). Aparece en tabla de la página-estado.
E32-007,pagina-estado Zacatecas · tabla,548,narcomenudeo 2025 · Zacatecas,BASES_NACIONALES/panorama_estatal_32.csv + BASES_NACIONALES/delitos_estatales_2015-2025/Estatal-Delitos-2015-2025_abr2026.csv,"panorama_estatal_32.csv columna [sesnsp_2025_narcomenudeo] fila clave_ent=32. Derivado de groupby(Clave_Ent, Subtipo)['_total'].sum() sobre base estatal 2015-2025 · filtros exactos: ver script _construir_panorama_v3.py",2025-12 (corte abr-2026),VERIFICADO_AGREGADO,"0.53% del nacional (104,207 en 32 estados). Aparece en tabla de la página-estado."
E32-008,pagina-estado Zacatecas · KPI,"3,442",violencia familiar 2025 · Zacatecas,BASES_NACIONALES/panorama_estatal_32.csv + BASES_NACIONALES/delitos_estatales_2015-2025/Estatal-Delitos-2015-2025_abr2026.csv,"panorama_estatal_32.csv columna [sesnsp_2025_violencia_familiar] fila clave_ent=32. Derivado de groupby(Clave_Ent, Subtipo)['_total'].sum() sobre base estatal 2015-2025 · filtros exactos: ver script _construir_panorama_v3.py",2025-12 (corte abr-2026),VERIFICADO_AGREGADO,"1.29% del nacional (266,760 en 32 estados). Aparece en KPI de la página-estado."
E32-009,pagina-estado Zacatecas · tabla,"4,763",robo (amplio · incluye allanamiento) 2025 · Zacatecas,BASES_NACIONALES/panorama_estatal_32.csv + BASES_NACIONALES/delitos_estatales_2015-2025/Estatal-Delitos-2015-2025_abr2026.csv,"panorama_estatal_32.csv columna [sesnsp_2025_robo_amplio] fila clave_ent=32. Derivado de groupby(Clave_Ent, Subtipo)['_total'].sum() sobre base estatal 2015-2025 · filtros exactos: ver script _construir_panorama_v3.py",2025-12 (corte abr-2026),VERIFICADO_AGREGADO,"1.00% del nacional (474,378 en 32 estados). Aparece en tabla de la página-estado."
E32-010,pagina-estado Zacatecas · tabla,"1,692",lesiones dolosas 2025 · Zacatecas,BASES_NACIONALES/panorama_estatal_32.csv + BASES_NACIONALES/delitos_estatales_2015-2025/Estatal-Delitos-2015-2025_abr2026.csv,"panorama_estatal_32.csv columna [sesnsp_2025_lesiones_dolosas] fila clave_ent=32. Derivado de groupby(Clave_Ent, Subtipo)['_total'].sum() sobre base estatal 2015-2025 · filtros exactos: ver script _construir_panorama_v3.py",2025-12 (corte abr-2026),VERIFICADO_AGREGADO,"1.08% del nacional (156,623 en 32 estados). Aparece en tabla de la página-estado."
E32-011,pagina-estado Zacatecas · tabla,300,abuso sexual 2025 · Zacatecas,BASES_NACIONALES/panorama_estatal_32.csv + BASES_NACIONALES/delitos_estatales_2015-2025/Estatal-Delitos-2015-2025_abr2026.csv,"panorama_estatal_32.csv columna [sesnsp_2025_abuso_sexual] fila clave_ent=32. Derivado de groupby(Clave_Ent, Subtipo)['_total'].sum() sobre base estatal 2015-2025 · filtros exactos: ver script _construir_panorama_v3.py",2025-12 (corte abr-2026),VERIFICADO_AGREGADO,"0.91% del nacional (33,050 en 32 estados). Aparece en tabla de la página-estado."
E32-012,pagina-estado Zacatecas · tabla,270,violación 2025 · Zacatecas,BASES_NACIONALES/panorama_estatal_32.csv + BASES_NACIONALES/delitos_estatales_2015-2025/Estatal-Delitos-2015-2025_abr2026.csv,"panorama_estatal_32.csv columna [sesnsp_2025_violacion] fila clave_ent=32. Derivado de groupby(Clave_Ent, Subtipo)['_total'].sum() sobre base estatal 2015-2025 · filtros exactos: ver script _construir_panorama_v3.py",2025-12 (corte abr-2026),VERIFICADO_AGREGADO,"1.33% del nacional (20,280 en 32 estados). Aparece en tabla de la página-estado."
E32-013,pagina-estado Zacatecas · tabla,"1,452",amenazas 2025 · Zacatecas,BASES_NACIONALES/panorama_estatal_32.csv + BASES_NACIONALES/delitos_estatales_2015-2025/Estatal-Delitos-2015-2025_abr2026.csv,"panorama_estatal_32.csv columna [sesnsp_2025_amenazas] fila clave_ent=32. Derivado de groupby(Clave_Ent, Subtipo)['_total'].sum() sobre base estatal 2015-2025 · filtros exactos: ver script _construir_panorama_v3.py",2025-12 (corte abr-2026),VERIFICADO_AGREGADO,"1.05% del nacional (138,874 en 32 estados). Aparece en tabla de la página-estado."
E32-014,pagina-estado Zacatecas · gráfico serie HD,232/449/551/561/510/789/1134/981/709/369/114,Serie homicidio doloso 2015-2025 · Zacatecas,BASES_NACIONALES/panorama_estatal_32.csv + BASES_NACIONALES/delitos_estatales_2015-2025/Estatal-Delitos-2015-2025_abr2026.csv,panorama_estatal_32.csv columnas serie_hd_2015..serie_hd_2025 fila clave_ent=32. base estatal única corte abr-2026 (11 años).,2025-12 (corte abr-2026),VERIFICADO_AGREGADO,Min: 114 · Max: 1134 · Var %: -89.9% del pico
E32-015,pagina-estado Zacatecas · ranking nacional,#26 de 32,Ranking nacional total carpetas 2025 · Zacatecas,BASES_NACIONALES/panorama_estatal_32.csv + BASES_NACIONALES/delitos_estatales_2015-2025/Estatal-Delitos-2015-2025_abr2026.csv,panorama_estatal_32.csv columna [sesnsp_2025_total].rank(ascending=False) → posición de clave_ent=32,2025-12 (corte abr-2026),VERIFICADO_AGREGADO,1 = mayor incidencia · 32 = menor
E32-016,pagina-estado Zacatecas · ranking nacional,#25 de 32,Ranking nacional homicidio doloso 2025 · Zacatecas,BASES_NACIONALES/panorama_estatal_32.csv + BASES_NACIONALES/delitos_estatales_2015-2025/Estatal-Delitos-2015-2025_abr2026.csv,panorama_estatal_32.csv columna [sesnsp_2025_hd].rank(ascending=False) → posición de clave_ent=32,2025-12 (corte abr-2026),VERIFICADO_AGREGADO,1 = mayor incidencia · 32 = menor
E32-017,pagina-estado Zacatecas · ranking nacional,#26 de 32,Ranking nacional extorsión 2025 · Zacatecas,BASES_NACIONALES/panorama_estatal_32.csv + BASES_NACIONALES/delitos_estatales_2015-2025/Estatal-Delitos-2015-2025_abr2026.csv,panorama_estatal_32.csv columna [sesnsp_2025_extorsion].rank(ascending=False) → posición de clave_ent=32,2025-12 (corte abr-2026),VERIFICADO_AGREGADO,1 = mayor incidencia · 32 = menor
E32-018,pagina-estado Zacatecas · ranking nacional,#26 de 32,Ranking nacional feminicidio 2025 · Zacatecas,BASES_NACIONALES/panorama_estatal_32.csv + BASES_NACIONALES/delitos_estatales_2015-2025/Estatal-Delitos-2015-2025_abr2026.csv,panorama_estatal_32.csv columna [sesnsp_2025_feminicidio].rank(ascending=False) → posición de clave_ent=32,2025-12 (corte abr-2026),VERIFICADO_AGREGADO,1 = mayor incidencia · 32 = menor
E32-019,pagina-estado Zacatecas · ranking nacional,#23 de 32,Ranking nacional violencia familiar 2025 · Zacatecas,BASES_NACIONALES/panorama_estatal_32.csv + BASES_NACIONALES/delitos_estatales_2015-2025/Estatal-Delitos-2015-2025_abr2026.csv,panorama_estatal_32.csv columna [sesnsp_2025_violencia_familiar].rank(ascending=False) → posición de clave_ent=32,2025-12 (corte abr-2026),VERIFICADO_AGREGADO,1 = mayor incidencia · 32 = menor
E32-020,pagina-estado Zacatecas · panel RNPDNO,"2,943",RNPDNO desaparecidos activos · Zacatecas · al 3-jun-2026,BASES_NACIONALES/panorama_estatal_32.csv + EXCEL - SEGURIDAD MORELOS/NUEVOS REPORTES DESAPARICIONES/activos_por_entidad.csv,panorama_estatal_32.csv columna [rnpdno_desaparecidos] fila clave_ent=32. Mapeo nombre INEGI → alias RNPDNO. Fuente primaria: dashboard oficial post-reforma RNPDNO.,2026-06-03,VERIFICADO_AGREGADO,
E32-021,pagina-estado Zacatecas · panel RNPDNO,"1,064",RNPDNO no localizados · Zacatecas · al 3-jun-2026,BASES_NACIONALES/panorama_estatal_32.csv + EXCEL - SEGURIDAD MORELOS/NUEVOS REPORTES DESAPARICIONES/activos_por_entidad.csv,panorama_estatal_32.csv columna [rnpdno_no_localizados] fila clave_ent=32. Mapeo nombre INEGI → alias RNPDNO. Fuente primaria: dashboard oficial post-reforma RNPDNO.,2026-06-03,VERIFICADO_AGREGADO,
E32-022,pagina-estado Zacatecas · panel RNPDNO,"3,875",RNPDNO localizados con vida · Zacatecas · al 3-jun-2026,BASES_NACIONALES/panorama_estatal_32.csv + EXCEL - SEGURIDAD MORELOS/NUEVOS REPORTES DESAPARICIONES/activos_por_entidad.csv,panorama_estatal_32.csv columna [rnpdno_loc_con_vida] fila clave_ent=32. Mapeo nombre INEGI → alias RNPDNO. Fuente primaria: dashboard oficial post-reforma RNPDNO.,2026-06-03,VERIFICADO_AGREGADO,
E32-023,pagina-estado Zacatecas · panel RNPDNO,708,RNPDNO localizados sin vida · Zacatecas · al 3-jun-2026,BASES_NACIONALES/panorama_estatal_32.csv + EXCEL - SEGURIDAD MORELOS/NUEVOS REPORTES DESAPARICIONES/activos_por_entidad.csv,panorama_estatal_32.csv columna [rnpdno_loc_sin_vida] fila clave_ent=32. Mapeo nombre INEGI → alias RNPDNO. Fuente primaria: dashboard oficial post-reforma RNPDNO.,2026-06-03,VERIFICADO_AGREGADO,
E32-024,pagina-estado Zacatecas · panel RNPDNO,"4,007",RNPDNO activos totales (desap + no loc) · Zacatecas · al 3-jun-2026,BASES_NACIONALES/panorama_estatal_32.csv + EXCEL - SEGURIDAD MORELOS/NUEVOS REPORTES DESAPARICIONES/activos_por_entidad.csv,panorama_estatal_32.csv columna [rnpdno_activos_total] fila clave_ent=32. Mapeo nombre INEGI → alias RNPDNO. Fuente primaria: dashboard oficial post-reforma RNPDNO.,2026-06-03,VERIFICADO_AGREGADO,2.99% del nacional
E32-025,pagina-estado Zacatecas · ranking nacional RNPDNO,#14 de 32,Ranking nacional desaparecidos activos · Zacatecas,BASES_NACIONALES/panorama_estatal_32.csv + EXCEL - SEGURIDAD MORELOS/NUEVOS REPORTES DESAPARICIONES/activos_por_entidad.csv,panorama_estatal_32.csv columna [rnpdno_activos_total].rank(ascending=False) → posición clave_ent=32,2026-06-03,VERIFICADO_AGREGADO,1 = mayor número de activos · 32 = menor
E32-026,pagina-estado Zacatecas · KPI 2026 parcial,"7,581",Carpetas SESNSP 2026 parcial (ene-abr) · Zacatecas,BASES_NACIONALES/panorama_estatal_32.csv + BASES_NACIONALES/delitos_estatales_RNID_2026/RNID-Delitos_Estatal-2026-abr2026.csv,panorama_estatal_32.csv columna [sesnsp_2026_parcial_total] fila clave_ent=32. RNID estatal 2026 corte abr-2026 · sum(Enero..Abril) por Clave_Ent · CON desglose por subtipo,2026-04 (corte abr-2026),VERIFICADO_AGREGADO,"1.16% del nacional T1 (652,342). Ritmo anualizado ×3 = 22,743 → -3.2% vs total 2025. Con desglose completo por subtipo (RNID estatal)."
E32-027,pagina-estado Zacatecas · denominador tasas,"1,712,936",Población a mitad de año 2025 · Zacatecas,BASES_NACIONALES/panorama_estatal_32.csv + BASES_NACIONALES/poblacion_estatal_conapo.csv (CONAPO pry23 · conapo.segob.gob.mx),"CONAPO pry23 00_Pob_Mitad_1950_2070.csv · sum(POBLACION) WHERE ANIO=2025 AND CVE_GEO=32 (todas edades y sexos). Validado: suma 32 entidades == nacional CVE_GEO=0 (133,367,428 · diff 0)",2025 (proyección pry23),VERIFICADO_AGREGADO,Denominador oficial para todas las tasas /100K del estado
E32-028,pagina-estado Zacatecas · KPI tasa,6.66,tasa homicidio doloso por 100K hab 2025 · Zacatecas,BASES_NACIONALES/panorama_estatal_32.csv + BASES_NACIONALES/poblacion_estatal_conapo.csv (CONAPO pry23 · conapo.segob.gob.mx),"panorama [sesnsp_2025_hd] (114) / poblacion_2025 (1,712,936) × 100,000 = 6.66",2024,VERIFICADO_AGREGADO,Ranking nacional por tasa: #24 de 32 (1 = mayor tasa)
E32-029,pagina-estado Zacatecas · KPI tasa,0.409,"tasa feminicidio por 100K hab 2025 (poblacion total, declarado) · Zacatecas",BASES_NACIONALES/panorama_estatal_32.csv + BASES_NACIONALES/poblacion_estatal_conapo.csv (CONAPO pry23 · conapo.segob.gob.mx),"panorama [sesnsp_2025_feminicidio] (7) / poblacion_2025 (1,712,936) × 100,000 = 0.409",2024,VERIFICADO_AGREGADO,Ranking nacional por tasa: #21 de 32 (1 = mayor tasa)
E32-030,pagina-estado Zacatecas · KPI tasa,1371.3,tasa total carpetas por 100K hab 2025 · Zacatecas,BASES_NACIONALES/panorama_estatal_32.csv + BASES_NACIONALES/poblacion_estatal_conapo.csv (CONAPO pry23 · conapo.segob.gob.mx),"panorama [sesnsp_2025_total] (23,490) / poblacion_2025 (1,712,936) × 100,000 = 1371.3",2024,VERIFICADO_AGREGADO,Ranking nacional por tasa: #16 de 32 (1 = mayor tasa)
E32-031,pagina-estado Zacatecas · KPI tasa,233.9,tasa desaparecidos activos por 100K hab · Zacatecas,BASES_NACIONALES/panorama_estatal_32.csv + BASES_NACIONALES/poblacion_estatal_conapo.csv (CONAPO pry23 · conapo.segob.gob.mx),"panorama [rnpdno_activos_total] (4,007) / poblacion_2025 (1,712,936) × 100,000 = 233.9",2024,VERIFICADO_AGREGADO,Ranking nacional por tasa: #2 de 32 (1 = mayor tasa)
E32-032,pagina-estado Zacatecas · KPI tasa,0.117,tasa secuestro por 100K hab 2025 · Zacatecas,BASES_NACIONALES/panorama_estatal_32.csv + BASES_NACIONALES/poblacion_estatal_conapo.csv (CONAPO pry23 · conapo.segob.gob.mx),"panorama [sesnsp_2025_secuestro] (2) / poblacion_2025 (1,712,936) × 100,000 = 0.117",2024,VERIFICADO_AGREGADO,Ranking nacional por tasa: #24 de 32 (1 = mayor tasa)
E32-033,pagina-estado Zacatecas · KPI tasa,200.9,tasa violencia familiar por 100K hab 2025 · Zacatecas,BASES_NACIONALES/panorama_estatal_32.csv + BASES_NACIONALES/poblacion_estatal_conapo.csv (CONAPO pry23 · conapo.segob.gob.mx),"panorama [sesnsp_2025_violencia_familiar] (3,442) / poblacion_2025 (1,712,936) × 100,000 = 200.9",2024,VERIFICADO_AGREGADO,Ranking nacional por tasa: #17 de 32 (1 = mayor tasa)
E32-034,pagina-estado Zacatecas · KPI tasa,15.76,tasa violacion (simple+equiparada) por 100K hab 2025 · Zacatecas,BASES_NACIONALES/panorama_estatal_32.csv + BASES_NACIONALES/poblacion_estatal_conapo.csv (CONAPO pry23 · conapo.segob.gob.mx),"panorama [sesnsp_2025_violacion] (270) / poblacion_2025 (1,712,936) × 100,000 = 15.76",2024,VERIFICADO_AGREGADO,Ranking nacional por tasa: #17 de 32 (1 = mayor tasa)
EST-013,2025 municipal · extracción pivot + nota de cortes,"243,628 registros 2025","El 2025 municipal nacional se extrajo del pivotCache del XLSX dic-2025 (2,562,994 registros totales · streaming XML 590MB). VALIDACIÓN: 28/32 estados cuadran EXACTO contra las anclas estatales; 4 estados (Chihuahua, CDMX, Jalisco, NL) difieren entre 1 y 70 carpetas porque el pivot es CORTE FEB-2026 y las anclas estatales son CORTE ABR-2026 — revisiones oficiales del SESNSP entre cortes, no error de extracción. Tolerancia aplicada: 0.2%.",EXCEL - SEGURIDAD MORELOS/TablaDinámica-Municipal Delitos - DICIEMBRE 2025-corteFebrero2026.xlsx (pivotCache),"Stream ET.iterparse de pivotCacheRecords1.xml · filtro Año=2025 · acumulación mensual por (Clave_Ent, Cve.Municipio%1000, subtipo→indicador) · inyección del bloque 2025-01..2025-12 en los 32 smun_NN.js. Reproducir: python scripts/_extraer_2025_pivot.py",2025-12 (corte feb-2026),VERIFICADO_VALIDADO,"Al publicar mapa municipal 2025 declarar corte feb-2026. Si el SESNSP publica base municipal 2015-2025 corte nuevo, re-descargar y sustituir esta extracción."
